Publisher Name,Publisher Registry Id,Transaction - Commitment (with valid data),Transaction - Disbursement or Expenditure (with valid data),Transaction - Traceability (with valid data),Budget (with valid data),Average (with valid data),Transaction - Commitment (with any data),Transaction - Disbursement or Expenditure (with any data),Transaction - Traceability (with any data),Budget (with any data),Average (with any data)
2X Global Limited,2xglobal,0.0,0.0,-,100.0,25.0,0.0,0.0,-,100.0,25.0
3F International,3fi,0.0,93.33333333333333,100.0,6.666666666666667,49.99999999999999,0.0,93.33333333333333,100.0,6.666666666666667,49.99999999999999
50 Eight Limited,fifty_eight,0.0,100.0,0.0,100.0,50.0,0.0,100.0,0.0,100.0,50.0
60 Decibels,60db,-,-,-,-,0.0,-,-,-,-,0.0
Aapasi Sahayog Kendra Syangja Nepal (ASK Nepal),ask,0.0,50.0,0.0,100.0,37.5,0.0,50.0,0.0,100.0,37.5
Aasaman Nepal,aasaman,-,-,-,-,0.0,-,-,-,-,0.0
ABAAD - Resource Center for Gender Equality,arcfge,16.666666666666664,100.0,100.0,100.0,79.16666666666666,16.666666666666664,100.0,100.0,100.0,79.16666666666666
Abaseen Foundation UK,abaseen,-,-,-,-,0.0,-,-,-,-,0.0
Abdul Latif Jameel Poverty Action Lab at MIT,jpal,50.0,50.0,100.0,100.0,75.0,50.0,50.0,100.0,100.0,75.0
Able Child Africa,ablechildafrica,-,-,-,-,0.0,-,-,-,-,0.0
Abt Associates Inc,abt,0.0,100.0,-,0.0,25.0,0.0,100.0,-,100.0,50.0
Abt Britain Limited,abtbritain,0.0,0.0,0.0,200.0,50.0,0.0,0.0,0.0,200.0,50.0
Acacia Water,aw,-,-,-,-,0.0,-,-,-,-,0.0
Academy for Health Development (AHEAD),ahead,100.0,100.0,100.0,100.0,100.0,100.0,100.0,100.0,100.0,100.0
Académie de recherche et d'enseignement supérieur,ares,100.0,100.0,100.0,90.9090909090909,97.72727272727272,100.0,100.0,100.0,90.9090909090909,97.72727272727272
Accelerator Nepal,acceleratornepal,0.0,100.0,-,100.0,50.0,0.0,100.0,-,100.0,50.0
Access to Finance Rwanda,afrwanda,-,-,-,-,0.0,-,-,-,-,0.0
Access to Medicine Foundation,atmf,100.0,100.0,0.0,100.0,75.0,100.0,100.0,0.0,100.0,75.0
Access to Seeds Foundation,atsf,0.0,0.0,-,0.0,0.0,0.0,0.0,-,0.0,0.0
ACCORD,accord_2024,100.0,-,-,100.0,50.0,100.0,-,-,100.0,50.0
Accountability Lab,alab,50.0,50.0,100.0,100.0,75.0,50.0,50.0,100.0,100.0,75.0
Accountable Now,accountablenow,-,-,-,-,0.0,-,-,-,-,0.0
"Aceli Africa, Inc.",aceliafrica,100.0,100.0,100.0,100.0,100.0,100.0,100.0,100.0,100.0,100.0
ACER International UK Ltd,aceruk,-,-,-,-,0.0,-,-,-,-,0.0
Acid Survivors Foundation,_admin,0.0,100.0,-,100.0,50.0,0.0,100.0,-,100.0,50.0
ACODEV,acodev,100.0,100.0,100.0,100.0,100.0,100.0,100.0,100.0,100.0,100.0
Across,across,-,-,-,-,0.0,-,-,-,-,0.0
ACT Alliance,act_alliance,0.0,100.0,-,100.0,50.0,0.0,100.0,-,100.0,50.0
act4africa,act4africa,-,-,-,-,0.0,-,-,-,-,0.0
ACTED,acted,0.0,-,-,100.0,25.0,0.0,-,-,100.0,25.0
ACTION AGAINST HUNGER SPAIN,acfspain,90.0,100.0,60.0,100.0,87.5,90.0,100.0,60.0,100.0,87.5
Action Against Hunger UK,acf,0.0,96.96969696969697,12.121212121212121,100.0,52.27272727272727,0.0,96.96969696969697,12.121212121212121,100.0,52.27272727272727
Action Against Hunger USA,aahusa,0.0,0.0,-,100.0,25.0,0.0,0.0,-,100.0,25.0
Action Aid Cambodia,aac,-,-,-,-,0.0,-,-,-,-,0.0
Action Canada for Sexual Health and Rights,acfshr,100.0,100.0,0.0,100.0,75.0,100.0,100.0,0.0,100.0,75.0
Action Contre la Faim,acf-fr,0.0,0.0,33.33333333333333,100.0,33.33333333333333,0.0,0.0,33.33333333333333,100.0,33.33333333333333
ActionAid Bangladesh,aab,71.42857142857143,100.0,0.0,100.0,67.85714285714286,71.42857142857143,100.0,0.0,100.0,67.85714285714286
ActionAid Denmark (Mellemfolkeligt Samvirke),aadk,6.25,100.0,100.0,62.5,67.1875,6.25,100.0,100.0,62.5,67.1875
ActionAid Ghana,aag,-,-,-,-,0.0,-,-,-,-,0.0
ActionAid International,aai,-,-,-,-,0.0,-,-,-,-,0.0
ACTIONAID INTERNATIONAL KENYA,aaik,0.0,100.0,100.0,100.0,75.0,0.0,100.0,100.0,100.0,75.0
ActionAid International Nepal,aain,-,-,-,-,0.0,-,-,-,-,0.0
ActionAid Rwanda,aar,-,-,-,-,0.0,-,-,-,-,0.0
ActionAid UK,aauk,65.11627906976744,100.0,23.52941176470588,97.67441860465115,71.58002735978113,65.11627906976744,100.0,23.52941176470588,97.67441860465115,71.58002735978113
Acumen,acumen,0.0,100.0,0.0,100.0,50.0,0.0,100.0,0.0,100.0,50.0
ACV-CSC International,iiwe,100.0,100.0,100.0,100.0,100.0,100.0,100.0,100.0,100.0,100.0
Adam Smith International,asi,0.0,100.0,5.555555555555555,100.0,51.388888888888886,0.0,100.0,5.555555555555555,100.0,51.388888888888886
Adaptation Fund,af,100.0,-,100.0,0.0,50.0,100.0,-,100.0,0.0,50.0
ADD International (Action on Disability and Development),addinternational,38.46153846153847,0.0,0.0,92.3076923076923,32.69230769230769,38.46153846153847,0.0,0.0,92.3076923076923,32.69230769230769
Adili Solar Hubs Limited,adili_sh,0.0,50.0,-,100.0,37.5,0.0,50.0,-,100.0,37.5
Administração de Infra-Estruturas de Águas e Saneamento,aias,0.0,100.0,100.0,100.0,75.0,0.0,100.0,100.0,100.0,75.0
ADRA Denmark,adra-dk,11.76470588235294,70.58823529411765,0.0,29.411764705882355,27.94117647058824,11.76470588235294,70.58823529411765,0.0,29.411764705882355,27.94117647058824
ADRA-UK,adrauk,100.0,100.0,0.0,100.0,75.0,100.0,100.0,0.0,100.0,75.0
ADS-Nyanza,ads-nyanza,-,-,-,-,0.0,-,-,-,-,0.0
Advance Consulting,ac1999,33.33333333333333,66.66666666666666,50.0,100.0,62.5,33.33333333333333,66.66666666666666,50.0,100.0,62.5
Adventist Development and Relief Agency (ADRA Somalia),adrasom,-,-,-,-,0.0,-,-,-,-,0.0
"Adventist Development and Relief Agency, Nepal",adra_nepal,-,-,-,-,0.0,-,-,-,-,0.0
AECOM,aecom,2.272727272727273,0.0,0.0,100.0,25.568181818181817,2.272727272727273,0.0,0.0,100.0,25.568181818181817
Aeras,aeras,0.0,100.0,100.0,100.0,75.0,0.0,100.0,100.0,100.0,75.0
AFELT,afelt,-,-,-,-,0.0,-,-,-,-,0.0
AFEW International,afewinternational,-,-,-,-,0.0,-,-,-,-,0.0
Afghanistan and Central Asian Association,acaa,-,-,-,-,0.0,-,-,-,-,0.0
Afghanistan Public Policy Research Organization (APPRO),appro-af,-,-,-,-,0.0,-,-,-,-,0.0
Africa Climate Ventures,acv,-,-,-,-,0.0,-,-,-,-,0.0
Africa Educational Trust,aet,0.0,50.0,0.0,0.0,12.5,0.0,50.0,0.0,100.0,37.5
Africa Philanthropy Network,apn,100.0,100.0,100.0,100.0,100.0,100.0,100.0,100.0,100.0,100.0
Africalia,africalia,100.0,100.0,100.0,100.0,100.0,100.0,100.0,100.0,100.0,100.0
African Academy of Sciences,aas,0.0,0.0,0.0,100.0,25.0,0.0,0.0,0.0,100.0,25.0
African Center for Economic Transformation (ACET),acet,1.8518518518518516,100.0,6.666666666666667,100.0,52.12962962962963,1.8518518518518516,100.0,6.666666666666667,100.0,52.12962962962963
African Centre for Global Health and Social Transformation,achest,-,-,-,-,0.0,-,-,-,-,0.0
African Centre for Trade and Development,actade,0.0,100.0,-,100.0,50.0,0.0,100.0,-,100.0,50.0
African Development Bank,afdb,100.0,85.11326860841424,100.0,100.0,96.27831715210357,100.0,85.11326860841424,100.0,100.0,96.27831715210357
African Disability Forum (ADF),et-adf-0317,14.285714285714285,100.0,0.0,100.0,53.57142857142857,14.285714285714285,100.0,0.0,100.0,53.57142857142857
African Initiatives,ai_1064413,-,-,-,-,0.0,-,-,-,-,0.0
African Institute For Development Policy,afidep,-,-,-,-,0.0,-,-,-,-,0.0
African Parks Network,african_parks,0.0,0.0,0.0,100.0,25.0,0.0,0.0,0.0,100.0,25.0
African Population and Health Research Center,aphrc,100.0,100.0,-,100.0,75.0,100.0,100.0,-,100.0,75.0
African Revival,africanrevival,0.0,100.0,100.0,100.0,75.0,0.0,100.0,100.0,100.0,75.0
African Security Sector Network,assn,100.0,100.0,100.0,100.0,100.0,100.0,100.0,100.0,100.0,100.0
African Tax Administration Forum,ataf,0.0,100.0,0.0,100.0,50.0,0.0,100.0,0.0,100.0,50.0
African Women's Development and Communication Network,femnet,95.45454545454545,95.45454545454545,100.0,100.0,97.72727272727272,95.45454545454545,95.45454545454545,100.0,100.0,97.72727272727272
African Women's Development Fund,awdf,20.0,80.0,100.0,100.0,75.0,20.0,80.0,100.0,100.0,75.0
Afrikagrupperna Sweden,afrikagrupperna,-,-,-,-,0.0,-,-,-,-,0.0
AfriKids,afrikids,100.0,100.0,0.0,100.0,75.0,100.0,100.0,0.0,100.0,75.0
Aga Khan Foundation (United Kingdom),akfuk73,0.0,100.0,50.0,0.0,37.5,0.0,100.0,50.0,50.0,50.0
Aga Khan Foundation Afghanistan,akf_afghanistan,0.0,0.0,0.0,100.0,25.0,0.0,0.0,0.0,100.0,25.0
AgDevCo,agdevco,100.0,100.0,-,0.0,50.0,100.0,100.0,-,0.0,50.0
Agence Française de Développement,afd,100.0,88.36363636363636,100.0,99.91356957649093,97.06930148503183,100.0,88.36363636363636,100.0,99.91356957649093,97.06930148503183
Agence Nationale d'Approvisionnement en Eau Potable en Milieu Rural du Benin,anaepmr_benin,-,-,-,-,0.0,-,-,-,-,0.0
Agency for Cooperation and Research in Development (ACORD),acord,0.0,50.0,0.0,50.0,25.0,0.0,50.0,0.0,50.0,25.0
AgResults Initiative,agresults,0.0,0.0,-,100.0,25.0,0.0,0.0,-,100.0,25.0
Agroicone,agroicone,-,-,-,-,0.0,-,-,-,-,0.0
Agsol Limited,agsollimited,0.0,0.0,33.33333333333333,100.0,33.33333333333333,0.0,0.0,33.33333333333333,100.0,33.33333333333333
Agulhas Applied Knowledge,aak,-,-,-,-,0.0,-,-,-,-,0.0
Agência de Desenvolvimento do Vale do Zambeze,agencia_do_zambeze,0.0,100.0,100.0,100.0,75.0,0.0,100.0,100.0,100.0,75.0
AICS - Agenzia Italiana per la Cooperazione allo Sviluppo / Italian Agency for Cooperation and Development,aics,100.0,95.77464788732394,100.0,28.44155844155844,81.05405158222058,100.0,95.77464788732394,100.0,28.44155844155844,81.05405158222058
AidData,aiddata,94.26518699082686,68.23248407643312,-,0.0,40.624417766815,94.26518699082686,68.23248407643312,-,0.0,40.624417766815
AIDS and Rights Alliance for Southern Africa,arasaregional,75.0,75.0,0.0,25.0,43.75,75.0,75.0,0.0,25.0,43.75
Aidsfonds - Soa Aids Nederland,nl-kvk-41207989,92.0,100.0,0.0,100.0,73.0,92.0,100.0,0.0,100.0,73.0
AIDSPAN,aidspan,0.0,66.66666666666666,0.0,0.0,16.666666666666664,0.0,66.66666666666666,0.0,0.0,16.666666666666664
Air Charter Service Group Ltd,acs_group,-,-,-,-,0.0,-,-,-,-,0.0
Ajuda de Desenvolvimento de Povo para Povo (ADPP),adpp,0.0,100.0,-,0.0,25.0,0.0,100.0,-,0.0,25.0
Akili Dada,ad,11.11111111111111,88.88888888888889,100.0,0.0,50.0,11.11111111111111,88.88888888888889,100.0,0.0,50.0
Akina Mama wa Afrika,amwa,100.0,90.0,100.0,100.0,97.5,100.0,90.0,100.0,100.0,97.5
Aktis Strategy Ltd,aktis,0.0,75.0,0.0,100.0,43.75,0.0,75.0,0.0,100.0,43.75
Akvo Foundation,akvo,-,-,-,-,0.0,-,-,-,-,0.0
Al Majmoua,al_majmoua,50.0,0.0,100.0,50.0,50.0,50.0,0.0,100.0,50.0,50.0
Alcis Holdings Limited,alcis,-,-,-,-,0.0,-,-,-,-,0.0
Alfalit,alfalit,0.0,-,-,0.0,0.0,0.0,-,-,0.0,0.0
Alinea International Ltd.,alineainternational_2020,0.0,100.0,100.0,100.0,75.0,0.0,100.0,100.0,100.0,75.0
Alinea International Ltd. UK,alinea_uk,0.0,100.0,0.0,100.0,50.0,0.0,100.0,0.0,100.0,50.0
All We Can (formerly Methodist Relief and Development Fund),allwecan,-,-,-,-,0.0,-,-,-,-,0.0
Allergy and Asthma Institute Pakistan,aaip,0.0,0.0,-,100.0,25.0,0.0,0.0,-,100.0,25.0
Alliance for a Green Revolution for Africa,agra,-,-,-,-,0.0,-,-,-,-,0.0
"Alliance for Global Water Adaptation, Inc",agwa,0.0,100.0,0.0,100.0,50.0,0.0,100.0,0.0,100.0,50.0
Alliance of Religions and Conservation,alliance_of_religions_and_conservation,0.0,100.0,-,100.0,50.0,0.0,100.0,-,100.0,50.0
Altai Consulting,altai,0.0,0.0,0.0,100.0,25.0,0.0,0.0,0.0,100.0,25.0
American Friends Service Committee,afsc,-,-,-,-,0.0,-,-,-,-,0.0
American University of Beirut,auob,-,-,-,-,0.0,-,-,-,-,0.0
Amnesty International The Netherlands,amnesty,100.0,100.0,-,100.0,75.0,100.0,100.0,-,100.0,75.0
Amnesty International UK Section Charitable Trust,aiuk,0.0,0.0,-,100.0,25.0,0.0,0.0,-,100.0,25.0
AmplifyChange,amplifychange,100.0,0.0,99.42528735632183,0.0,49.85632183908046,100.0,0.0,99.42528735632183,0.0,49.85632183908046
Amref Health Africa - UK,amrefha,0.0,66.66666666666666,0.0,100.0,41.666666666666664,0.0,66.66666666666666,0.0,100.0,41.666666666666664
Amref Health Africa Headquarters,amrefhq,100.0,100.0,100.0,0.0,75.0,100.0,100.0,100.0,0.0,75.0
Amref Health Africa in Ethiopia,amrefeth,100.0,100.0,100.0,0.0,75.0,100.0,100.0,100.0,0.0,75.0
Amref Health Africa in Kenya,amrefkenya,100.0,100.0,100.0,50.0,87.5,100.0,100.0,100.0,50.0,87.5
Amref health Africa in Senegal,awa_sn,100.0,100.0,100.0,100.0,100.0,100.0,100.0,100.0,100.0,100.0
Amref Health Africa in Tanzania,amreftz,50.0,0.0,100.0,50.0,50.0,50.0,0.0,100.0,50.0,50.0
Amref Health Africa in Uganda,amrefug,0.0,100.0,0.0,100.0,50.0,0.0,100.0,0.0,100.0,50.0
Amref Health Africa Malawi,amrefmw,-,-,-,-,0.0,-,-,-,-,0.0
Amref Health Africa NL,amrefnl,61.81818181818181,83.63636363636363,71.875,80.0,74.33238636363636,61.81818181818181,83.63636363636363,71.875,80.0,74.33238636363636
Ananda Marga Universal Relief Team (AMURT) Africa,amurt_kenya,-,-,-,-,0.0,-,-,-,-,0.0
ANDA,anda,0.0,-,-,0.0,0.0,0.0,-,-,0.0,0.0
Anti-Slavery International,asil,-,-,-,100.0,25.0,-,-,-,100.0,25.0
Apollo Agriculture,apolloagriculture,0.0,0.0,-,100.0,25.0,0.0,0.0,-,100.0,25.0
APOPO,apopo,100.0,100.0,100.0,100.0,100.0,100.0,100.0,100.0,100.0,100.0
APPRO-Europe,appro-eu,-,-,-,-,0.0,-,-,-,-,0.0
APT Action on Poverty,apt,-,-,-,-,0.0,-,-,-,-,0.0
Aqua for All,aqua4all,-,-,-,-,0.0,-,-,-,-,0.0
Arab foundation for freedoms and equality,afemena,-,-,-,-,0.0,-,-,-,-,0.0
Arab Reporters for Investigative Journalism,arij,-,-,-,-,0.0,-,-,-,-,0.0
Arab Women Organization of Jordan,awo2022,100.0,100.0,100.0,100.0,100.0,100.0,100.0,100.0,100.0,100.0
"ARGUS, Company with Foreign Capital",argus_kyiv,-,-,-,-,0.0,-,-,-,-,0.0
ARK (Absolute Return for Kids),ark,0.0,0.0,0.0,100.0,25.0,0.0,0.0,0.0,100.0,25.0
ARK Group DMCC,arkgroupdmcc1,-,-,-,-,0.0,-,-,-,-,0.0
ARQ International,arq_intl,-,-,-,-,0.0,-,-,-,-,0.0
Article19,art19,-,-,-,-,0.0,-,-,-,-,0.0
Ashoka East Africa,ashoka,-,-,-,-,0.0,-,-,-,-,0.0
Asia Justice and Rights,ajar,-,-,-,-,0.0,-,-,-,-,0.0
Asian Coalition for Housing Rights,achr,0.0,0.0,-,100.0,25.0,0.0,0.0,-,100.0,25.0
Asian Development Bank,asdb,100.0,100.0,0.0,65.80406654343808,66.45101663585952,100.0,100.0,0.0,65.80406654343808,66.45101663585952
Asian-Pacific Resource and Research Centre for Women (ARROW),my-ssm,100.0,100.0,100.0,100.0,100.0,100.0,100.0,100.0,100.0,100.0
Asociación Movimiento Feminista Por La Paz Ruta Pacífica de las Mujeres,rpm,100.0,100.0,0.0,100.0,75.0,100.0,100.0,0.0,100.0,75.0
Asociación Profamilia,profamilia,-,-,-,-,0.0,-,-,-,-,0.0
Assistance Mission for Africa,ama-south-sudan,100.0,100.0,100.0,100.0,100.0,100.0,100.0,100.0,100.0,100.0
Association African Solidarité (AAS),240001090,0.0,0.0,0.0,200.0,50.0,0.0,0.0,0.0,200.0,50.0
Association Burkinabè pour le Bien Etre Familial Burkina Faso,abbef,0.0,100.0,0.0,100.0,50.0,0.0,100.0,0.0,100.0,50.0
Association Béninoise pour la Promotion de la Famille,abpf,100.0,100.0,100.0,100.0,100.0,100.0,100.0,100.0,100.0,100.0
Association Béninoise pour le Marketing Social et la Communication pour la Santé (ABMS),abms,0.0,100.0,100.0,100.0,75.0,0.0,100.0,100.0,100.0,75.0
Association Centrafricaine de Traduction de la Bible et Alphabetisation,acatba,-,-,-,-,0.0,-,-,-,-,0.0
Association CHS Alliance,chs_alliance,0.0,100.0,-,100.0,50.0,0.0,100.0,-,100.0,50.0
"Association de solidarité internationale, Agriculteurs français et développement international (Afdi) France",afdi-fr,-,-,-,-,0.0,-,-,-,-,0.0
Association de Soutien au Développement des Activités de Population,asdap,-,-,-,-,0.0,-,-,-,-,0.0
Association des Editeurs du Magazine Jimbere,j2022,0.0,0.0,100.0,100.0,50.0,0.0,0.0,100.0,100.0,50.0
Association des Jeunes Burundais pour le Développement Inclusif (AJEBUDI-YAGA),ajebudi_2024,0.0,100.0,100.0,100.0,75.0,0.0,100.0,100.0,100.0,75.0
Association for Cultural Technical and Educational Cooperation (ACTEC),actec,100.0,100.0,100.0,100.0,100.0,100.0,100.0,100.0,100.0,100.0
"Association for Prevention of Septic Abortion, Bangladesh (BAPSA)",bapsa,-,-,-,-,0.0,-,-,-,-,0.0
Association for Progressive Communication,apc,4.166666666666666,95.83333333333334,100.0,4.166666666666666,51.041666666666664,4.166666666666666,95.83333333333334,100.0,4.166666666666666,51.041666666666664
Association for Reproductive and Family Health,arfh,-,-,-,-,0.0,-,-,-,-,0.0
Association for Women's Rights in Development (AWID),awid,33.33333333333333,100.0,100.0,100.0,83.33333333333333,33.33333333333333,100.0,100.0,100.0,83.33333333333333
Association of Commonwealth Universities,acu,-,-,-,-,0.0,-,-,-,-,0.0
Association pour la Promotion de l'Education et de la Formation à l'Etranger,apefe,100.0,100.0,100.0,100.0,100.0,100.0,100.0,100.0,100.0,100.0
Atos IT Services Ltd,atosuk,0.0,100.0,0.0,100.0,50.0,0.0,100.0,0.0,100.0,50.0
Atradius Dutch State Business,adsb,74.60317460317461,0.0,98.4126984126984,1.5873015873015872,43.65079365079365,74.60317460317461,0.0,98.4126984126984,1.5873015873015872,43.65079365079365
Auschwitz Institute for the Prevention of Genocide and Mass Atrocities,aipr,0.0,91.66666666666666,100.0,100.0,72.91666666666666,0.0,91.66666666666666,100.0,100.0,72.91666666666666
Australia - Department of  Foreign Affairs and Trade,ausgov,96.31336405529954,100.0,100.0,72.00460829493088,92.07949308755761,96.31336405529954,100.0,100.0,72.00460829493088,92.07949308755761
Auto-Développement Afrique (ADA),ada,-,-,-,-,0.0,-,-,-,-,0.0
Autre Terre asbl,a-t,100.0,100.0,100.0,100.0,100.0,100.0,100.0,100.0,100.0,100.0
AUXFIN Burundi,auxfinbi,-,-,-,-,0.0,-,-,-,-,0.0
AUXFIN International B.V.,auxfinintl,100.0,100.0,100.0,100.0,100.0,100.0,100.0,100.0,100.0,100.0
Avanti Communications Plc,ava_admin,0.0,100.0,100.0,100.0,75.0,0.0,100.0,100.0,100.0,75.0
Avocats Sans Frontières,asf,100.0,100.0,100.0,100.0,100.0,100.0,100.0,100.0,100.0,100.0
AVSI FOUNDATION IN UGANDA,avsi_uganda,-,-,-,-,0.0,-,-,-,-,0.0
AVSI South Sudan,avsi-ssd,100.0,100.0,0.0,100.0,75.0,100.0,100.0,0.0,100.0,75.0
AVT-L Association of Victims of Terrorism Lebanon,avt-l,0.0,0.0,-,100.0,25.0,0.0,0.0,-,100.0,25.0
Awake Travel,awaketravel,0.0,100.0,-,100.0,50.0,0.0,100.0,-,100.0,50.0
AWEPA,awepa,-,-,-,-,0.0,-,-,-,-,0.0
B. P. Koirala Institute of Health Sciences,bpkihs_dharan,0.0,0.0,100.0,100.0,50.0,0.0,0.0,100.0,100.0,50.0
Babawatoto Centre For Children and Youth,bawacecy-tz,0.0,100.0,100.0,100.0,75.0,0.0,100.0,100.0,100.0,75.0
Backward Society Education (BASE),base_22,0.0,0.0,-,100.0,25.0,0.0,0.0,-,100.0,25.0
Balloon Ventures Foundation,bvf,100.0,100.0,0.0,100.0,75.0,100.0,100.0,0.0,100.0,75.0
Bangladesh Business and Disability Network,bbdn,100.0,100.0,0.0,100.0,75.0,100.0,100.0,0.0,100.0,75.0
Bangladesh Nari Progati Sangha,bnps,-,-,-,-,0.0,-,-,-,-,0.0
Bangladesh Primary Care Respiratory Society,bpcrs,-,-,-,-,0.0,-,-,-,-,0.0
Bangladesh Youth Leadership Center,bylc,0.0,0.0,-,0.0,0.0,0.0,0.0,-,0.0,0.0
Bani Abdurrahman Wahid Foundation (YBAW),ybawahid,-,-,-,-,0.0,-,-,-,-,0.0
BANQUE OUEST AFRICAINE DE DEVELOPPEMENT,boadiita,0.0,0.0,100.0,100.0,50.0,0.0,0.0,100.0,100.0,50.0
Basel Institute on Governance,basel_institute,0.0,0.0,-,100.0,25.0,0.0,0.0,-,100.0,25.0
BasicNeeds,basicneeds,0.0,100.0,-,100.0,50.0,0.0,100.0,-,100.0,50.0
Basil Energetics Private Limited,bepl,0.0,100.0,-,100.0,50.0,0.0,100.0,-,100.0,50.0
Baylor College of Medicine Children's Foundation Malawi,bcm-cf,-,-,-,-,0.0,-,-,-,-,0.0
BBC Media Action,bbcmediaaction,6.25,18.75,50.0,100.0,43.75,6.25,18.75,50.0,100.0,43.75
Bboxx,bboxx,0.0,0.0,100.0,100.0,50.0,0.0,0.0,100.0,100.0,50.0
BDO LLP,bdo,0.0,100.0,0.0,100.0,50.0,0.0,100.0,0.0,100.0,50.0
Bees Abroad UK,bauk,-,-,-,-,0.0,-,-,-,-,0.0
Bees for Development Trust,beesfordevelopment,-,-,-,-,0.0,-,-,-,-,0.0
Behavioural Insights Team,bit,0.0,100.0,0.0,100.0,50.0,0.0,100.0,0.0,100.0,50.0
Belgian development agency (Enabel),enabel,66.32911392405063,0.0,-,0.0,16.582278481012658,66.32911392405063,0.0,-,0.0,16.582278481012658
Belgian Development Cooperation,be-dgd,94.0,96.1038961038961,100.0,71.71428571428572,90.45454545454545,94.0,96.1038961038961,100.0,71.71428571428572,90.45454545454545
Benelux Afro Center,bac,-,-,-,-,0.0,-,-,-,-,0.0
Berytech Foundation,berytech,50.0,0.0,100.0,100.0,62.5,50.0,0.0,100.0,100.0,62.5
Beweging voor Internationale Solidariteit - Mouvement pour la Solidarité Internationale,bismsi,100.0,100.0,100.0,100.0,100.0,100.0,100.0,100.0,100.0,100.0
BFA Global Kenya Ltd,bfa_global,0.0,0.0,-,100.0,25.0,0.0,0.0,-,100.0,25.0
Bibliothèques Sans Frontières,bsf1,0.0,0.0,100.0,200.0,75.0,0.0,0.0,100.0,200.0,75.0
Bioclimate Research and Development,bioclimate,100.0,100.0,66.66666666666666,33.33333333333333,74.99999999999999,100.0,100.0,66.66666666666666,100.0,91.66666666666666
Blue Veins,bveins,-,-,-,-,0.0,-,-,-,-,0.0
Blue Ventures Conservation,blueventures,-,-,-,-,0.0,-,-,-,-,0.0
Bond,bond,0.0,25.0,100.0,100.0,56.25,0.0,25.0,100.0,100.0,56.25
BoP Innovation Center,bopinc,50.0,100.0,100.0,100.0,87.5,50.0,100.0,100.0,100.0,87.5
BOS+ tropen,bos_plus_tropen,100.0,100.0,100.0,100.0,100.0,100.0,100.0,100.0,100.0,100.0
Boston Consulting Group UK LLP,bcg,-,-,-,-,0.0,-,-,-,-,0.0
Boston University,bu-carbx-admin,0.0,84.61538461538461,-,100.0,46.15384615384615,0.0,84.61538461538461,-,100.0,46.15384615384615
Both ENDS,bothends,100.0,100.0,66.66666666666666,100.0,91.66666666666666,100.0,100.0,66.66666666666666,100.0,91.66666666666666
Bournemouth University Higher Education Corporation,bournemouth_university,100.0,0.0,0.0,100.0,50.0,100.0,0.0,0.0,100.0,50.0
BRAC,brac_admin2,0.0,0.0,-,0.0,0.0,0.0,0.0,-,0.0,0.0
BRAC UK,bracuk,25.0,100.0,25.0,100.0,62.5,25.0,100.0,25.0,100.0,62.5
BRAC University,bu,33.33333333333333,33.33333333333333,33.33333333333333,16.666666666666664,29.166666666666664,33.33333333333333,33.33333333333333,33.33333333333333,16.666666666666664,29.166666666666664
Brigham and Women's Hospital,bwh,-,-,-,-,0.0,-,-,-,-,0.0
Brink Innovation,brink_innovation,-,-,-,-,0.0,-,-,-,-,0.0
British & Irish Agencies Afghanistan Group,baag,-,-,-,-,0.0,-,-,-,-,0.0
British Asian Trust,b_a_t,0.0,100.0,0.0,100.0,50.0,0.0,100.0,0.0,100.0,50.0
British Council,britishcouncil,80.95238095238095,80.95238095238095,94.11764705882352,95.23809523809523,87.81512605042016,80.95238095238095,80.95238095238095,94.11764705882352,95.23809523809523,87.81512605042016
British International Investment plc,bii,100.0,0.0,100.0,0.0,50.0,100.0,0.0,100.0,0.0,50.0
British Red Cross,gb-chc-220949,30.02754820936639,72.02216066481995,98.95833333333334,51.790633608815426,63.199668954083776,30.02754820936639,72.02216066481995,98.95833333333334,51.790633608815426,63.199668954083776
Broederlijk Delen,bd,100.0,100.0,100.0,100.0,100.0,100.0,100.0,100.0,100.0,100.0
Brujula Comunicaciones Estrategicas SAS,brujula,-,-,-,-,0.0,-,-,-,-,0.0
Brulocalis,brulocalis,100.0,100.0,100.0,100.0,100.0,100.0,100.0,100.0,100.0,100.0
BSR,bsr_admin,100.0,0.0,50.0,100.0,62.5,100.0,0.0,50.0,100.0,62.5
Bucks Community NGO,bucksfarm,-,-,-,-,0.0,-,-,-,-,0.0
Buddhist Compassion Relief Tzu Chi Foundation,tzuchiuk,-,-,-,-,0.0,-,-,-,-,0.0
Build Africa,buildafrica,-,-,-,-,0.0,-,-,-,-,0.0
Building Foundation for Development,bfdyemen,-,-,-,-,0.0,-,-,-,-,0.0
Burns Violence Survivors - Nepal,bvs-nepal,-,-,-,-,0.0,-,-,-,-,0.0
Burundi Leadership Training Programme,bltp,-,-,-,-,0.0,-,-,-,-,0.0
Business in the Community,bitc,0.0,100.0,0.0,100.0,50.0,0.0,100.0,0.0,100.0,50.0
Business Watch Indonesia,bwi,100.0,100.0,50.0,100.0,87.5,100.0,100.0,50.0,100.0,87.5
C40 Cities Climate Leadership Group,c40cities,0.0,0.0,100.0,100.0,50.0,0.0,0.0,100.0,100.0,50.0
CABI,cabi,0.0,100.0,20.0,20.0,35.0,0.0,100.0,20.0,20.0,35.0
Cadasta Foundation,cadasta,-,-,-,-,0.0,-,-,-,-,0.0
Cadmus International UK Limited,nathan,0.0,100.0,0.0,84.61538461538461,46.15384615384615,0.0,100.0,0.0,84.61538461538461,46.15384615384615
CAF Banco de Desarrollo de América Latina y el Caribe,caf,100.0,97.52252252252252,-,0.0,49.380630630630634,100.0,97.52252252252252,-,0.0,49.380630630630634
Cambridge Institute for Sustainability Leadership,cisl,0.0,100.0,-,100.0,50.0,0.0,100.0,-,100.0,50.0
Camco Management Limited,camco,-,-,-,-,0.0,-,-,-,-,0.0
Camfed International,camfed,-,-,-,100.0,25.0,-,-,-,100.0,25.0
Canada - Global Affairs Canada | Affaires mondiales Canada,gac-amc,99.92805755395683,89.93821712268314,100.0,99.92805755395683,97.4485830576492,99.92805755395683,89.93821712268314,100.0,99.92805755395683,97.4485830576492
Canada - International Development Research Centre/Centre de recherches pour le développement international,idrccrdi,99.6415770609319,93.21266968325791,78.11659192825113,100.0,92.74270966811024,99.6415770609319,93.21266968325791,78.11659192825113,100.0,92.74270966811024
Canada Department of Finance / Ministère des Finances Canada,finance_canada,-,-,-,-,0.0,-,-,-,-,0.0
CANADEM,canadem,0.0,7.6923076923076925,-,92.3076923076923,25.0,0.0,7.6923076923076925,-,92.3076923076923,25.0
Canon Collins Trust,canoncollinstrust,0.0,100.0,0.0,100.0,50.0,0.0,100.0,0.0,100.0,50.0
CAPABUILD,capabui,100.0,0.0,-,100.0,50.0,100.0,0.0,-,100.0,50.0
Carbon Trust (Beijing) Consulting Limited,ctbeijing,-,-,-,-,0.0,-,-,-,-,0.0
Carbon Trust Advisory Ltd,carbontrustadvisory,0.0,100.0,0.0,200.0,75.0,0.0,100.0,0.0,200.0,75.0
Cardno Emerging Markets,cardnoem,-,-,-,-,0.0,-,-,-,-,0.0
CARE Bangladesh,carebd,0.0,100.0,100.0,100.0,75.0,0.0,100.0,100.0,100.0,75.0
CARE BENIN/TOGO,carebenintogo,100.0,0.0,100.0,100.0,75.0,100.0,0.0,100.0,100.0,75.0
CARE Danmark Fonden for Frivillig Ulandsbistand,12921047,37.5,0.0,100.0,37.5,43.75,37.5,0.0,100.0,37.5,43.75
CARE International Afghanistan,ciafg,-,-,-,-,0.0,-,-,-,-,0.0
CARE international foundation Switzerland in Sudan,cis,-,-,-,-,0.0,-,-,-,-,0.0
CARE International in Zimbabwe,ciz,-,-,-,-,0.0,-,-,-,-,0.0
CARE International UK,ciuk,0.2717391304347826,68.96551724137932,2.4489795918367347,100.0,42.92155899091271,0.2717391304347826,68.96551724137932,2.4489795918367347,100.0,42.92155899091271
CARE Nederland,carenederland,84.61538461538461,84.61538461538461,100.0,92.3076923076923,90.38461538461539,84.61538461538461,84.61538461538461,100.0,92.3076923076923,90.38461538461539
CARE Nepal,cnepal,-,-,-,-,0.0,-,-,-,-,0.0
CARE SOMALIA,csom1,0.0,100.0,100.0,100.0,75.0,0.0,100.0,100.0,100.0,75.0
Carers Worldwide,cww,-,-,-,-,0.0,-,-,-,-,0.0
Caribbean Development Bank (CDB),caribank,0.0,0.0,100.0,125.0,56.25,0.0,0.0,100.0,125.0,56.25
Caritas Denmark,caritas_denmark,51.85185185185185,92.5925925925926,100.0,81.48148148148148,81.48148148148148,51.85185185185185,92.5925925925926,100.0,81.48148148148148,81.48148148148148
Caritas Finland,caritasfin,-,-,-,-,0.0,-,-,-,-,0.0
Caritas International (Belgium),cibe,100.0,100.0,100.0,100.0,100.0,100.0,100.0,100.0,100.0,100.0
Caritas Serbia,caritas_serbia,-,-,-,-,0.0,-,-,-,-,0.0
CARPO - Center for Applied Research in Partnership with the Orient,carpo,-,-,-,-,0.0,-,-,-,-,0.0
Catholic Agency For Overseas Development (CAFOD),cafod,-,-,-,-,0.0,-,-,-,-,0.0
Catholic Relief Services,crs,100.0,100.0,33.33333333333333,100.0,83.33333333333333,100.0,100.0,33.33333333333333,100.0,83.33333333333333
CDA Collaborative Learning Projects,cda,0.0,0.0,0.0,100.0,25.0,0.0,0.0,0.0,100.0,25.0
CDAC Network,cdacnetwork,0.0,75.0,100.0,100.0,68.75,0.0,75.0,100.0,100.0,68.75
CDP Worldwide,cdp,0.0,100.0,-,100.0,50.0,0.0,100.0,-,100.0,50.0
Cecily's Fund,cecily,0.0,100.0,-,100.0,50.0,0.0,100.0,-,100.0,50.0
Center for Church-Based Development,cku,0.0,91.52542372881356,100.0,100.0,72.88135593220339,0.0,91.52542372881356,100.0,100.0,72.88135593220339
Center for Civilians in Conflict,civic_admin,50.0,50.0,50.0,100.0,62.5,50.0,50.0,50.0,100.0,62.5
Center for Democratic Development Ghana,cdd_admin,0.0,100.0,-,100.0,50.0,0.0,100.0,-,100.0,50.0
Center for Development and Integration,cdi_vn_2021,100.0,100.0,100.0,100.0,100.0,100.0,100.0,100.0,100.0,100.0
Center for International Legal Cooperation (CILC),cilc,-,-,-,-,0.0,-,-,-,-,0.0
Center for International Private Enterprise,cipe_1983,-,-,-,-,0.0,-,-,-,-,0.0
Center for International Studies and Cooperation,ceci,-,-,-,-,0.0,-,-,-,-,0.0
Center for Natural Resource Studies (CNRS),cnrs,0.0,0.0,100.0,100.0,50.0,0.0,0.0,100.0,100.0,50.0
Center for Participation and Development,cpd_2021,0.0,0.0,0.0,100.0,25.0,0.0,0.0,0.0,100.0,25.0
Center for Research on Environment Health and Population Activities (CREHPA),crehpa,0.0,100.0,-,100.0,50.0,0.0,100.0,-,100.0,50.0
"Center for Research, Evaluation Resources and Development (CRERD)",crerd_ng,100.0,0.0,100.0,100.0,75.0,100.0,0.0,100.0,100.0,75.0
Center for the Study of Islam and Society (PPIM),ppim,-,-,-,-,0.0,-,-,-,-,0.0
Centre des Etudes Méditerranéennes et Internationales,cemi,-,-,-,-,0.0,-,-,-,-,0.0
Centre Diocésain de Communication de Ouahigouya,cdc_ohg,-,-,-,-,0.0,-,-,-,-,0.0
Centre For Citizens With Disabilities,ccdnigeria,-,-,-,-,0.0,-,-,-,-,0.0
Centre for Economic Policy Research,cepr,100.0,100.0,100.0,100.0,100.0,100.0,100.0,100.0,100.0,100.0
Centre for Economic Strategy Ukraine,ces-ua,-,-,-,-,0.0,-,-,-,-,0.0
Centre for Environment Human Rights and Development,cehrd1,-,-,-,-,0.0,-,-,-,-,0.0
"Centre for Environment, Fisheries and Aquaculture Science (Cefas)",cefas,0.0,100.0,-,100.0,50.0,0.0,100.0,-,100.0,50.0
Centre for Humanitarian Dialogue (HD Centre),hdcentre,-,-,-,-,0.0,-,-,-,-,0.0
Centre for Indian Knowledge Systems,ciks,0.0,100.0,100.0,100.0,75.0,0.0,100.0,100.0,100.0,75.0
Centre for Information Resilience,cir,0.0,0.0,0.0,100.0,25.0,0.0,0.0,0.0,100.0,25.0
"Centre for Injury Prevention and Research, Bangladesh (CIPRB)",ciprb,0.0,100.0,-,100.0,50.0,0.0,100.0,-,100.0,50.0
Centre for Journalism Innovation and Development,cjid_ng,100.0,50.0,100.0,100.0,87.5,100.0,50.0,100.0,100.0,87.5
Centre for Lebanese Studies,cls,0.0,100.0,0.0,100.0,50.0,0.0,100.0,0.0,100.0,50.0
Centre for Legal Research and Development,clerd-prpi,-,-,-,-,0.0,-,-,-,-,0.0
Centre for Policy Dialogue,cpd,-,-,-,-,0.0,-,-,-,-,0.0
Centre for Rights Education and Awareness,creawkenya,0.0,100.0,-,100.0,50.0,0.0,100.0,-,100.0,50.0
Centre for the Study of Adolescence,csa-kenya,-,-,-,-,0.0,-,-,-,-,0.0
Centre International de Développement et de Recherche,cidr,-,-,-,-,0.0,-,-,-,-,0.0
Centre National de Coopération au Développement (CNCD-11.11.11),cncd,100.0,100.0,100.0,100.0,100.0,100.0,100.0,100.0,100.0,100.0
Centre of Dialogue on Human Settlement and Poverty Alleviation (CODOHSAPA),codohsapa,-,-,-,-,0.0,-,-,-,-,0.0
Centre Tricontinental - CETRI,ct-admin,100.0,100.0,100.0,100.0,100.0,100.0,100.0,100.0,100.0,100.0
Centro Brasileiro de Análise e Planejamento - Cebrap,_cebrap,0.0,100.0,100.0,100.0,75.0,0.0,100.0,100.0,100.0,75.0
Centro de Aprendizagem e Capacitação da Sociedade Civil,cesc,0.0,100.0,0.0,100.0,50.0,0.0,100.0,0.0,100.0,50.0
Centro de Inteligência Territorial,cit_brazil,-,-,-,-,0.0,-,-,-,-,0.0
Centro de Promocion y Defensa de los Derechos Sexuales y Reproductivos,promsex,-,-,-,-,0.0,-,-,-,-,0.0
Centro Latinoamericano de Administración para el Desarrollo,clad,-,-,-,-,0.0,-,-,-,-,0.0
Cesvi,cesvi,0.0,0.0,-,0.0,0.0,0.0,0.0,-,0.0,0.0
CGIAR,cgiar,100.0,0.0,19.38702779757662,100.0,54.846756949394155,100.0,0.0,19.38702779757662,100.0,54.846756949394155
Chama cha Uzazi na Malezi Bora Tanzania (UMATI),umati,-,-,-,-,0.0,-,-,-,-,0.0
Chance for Childhood,chanceforchildhood,0.0,100.0,0.0,100.0,50.0,0.0,100.0,0.0,100.0,50.0
Charity Projects Ltd (Comic Relief),cprojects,0.0,0.0,100.0,100.0,50.0,0.0,0.0,100.0,100.0,50.0
Chaîne de l'Espoir Belgique / Keten van Hoop België / Chain of Hope Belgium,cdeb-kvhb_admin,100.0,100.0,100.0,100.0,100.0,100.0,100.0,100.0,100.0,100.0
CHEKA SANA TANZANIA,cst,-,-,-,-,0.0,-,-,-,-,0.0
Chemonics Group UK Ltd,chemonics_uk,0.0,100.0,20.0,80.0,50.0,0.0,100.0,20.0,80.0,50.0
Chemonics International Inc.,chemonics,0.0,100.0,0.0,100.0,50.0,0.0,100.0,0.0,100.0,50.0
Child Rights Coalition Asia,crcasia,16.666666666666664,100.0,100.0,100.0,79.16666666666666,16.666666666666664,100.0,100.0,100.0,79.16666666666666
Child-to-Child,ctc,-,-,-,-,0.0,-,-,-,-,0.0
Child.org,child-dot_org,-,-,-,-,0.0,-,-,-,-,0.0
ChildFund International,childfund,-,-,-,-,0.0,-,-,-,-,0.0
ChildHope UK,childhopeuk,50.0,100.0,50.0,50.0,62.5,50.0,100.0,50.0,50.0,62.5
Children in Crisis,cic,100.0,100.0,0.0,100.0,75.0,100.0,100.0,0.0,100.0,75.0
Children in Crossfire,cicni,0.0,0.0,-,100.0,25.0,0.0,0.0,-,100.0,25.0
CHOICE for Youth and Sexuality,cfyas,33.33333333333333,100.0,66.66666666666666,100.0,75.0,33.33333333333333,100.0,66.66666666666666,100.0,75.0
CHRISTIAN AGENCY FOR PEACE AND DEVELOPMENT (CAPaD),capad,100.0,100.0,100.0,100.0,100.0,100.0,100.0,100.0,100.0,100.0
Christian Aid,caid,0.0,98.6013986013986,-,100.0,49.65034965034965,0.0,98.6013986013986,-,100.0,49.65034965034965
Christian Aid Ireland,caid_ireland,0.0,100.0,-,100.0,50.0,0.0,100.0,-,100.0,50.0
Christian Blind Mission (UK) Ltd.,cbm,33.33333333333333,33.33333333333333,75.0,100.0,60.416666666666664,33.33333333333333,33.33333333333333,75.0,100.0,60.416666666666664
Christian Engineers in Development,ced,0.0,100.0,-,100.0,50.0,0.0,100.0,-,100.0,50.0
Church of England - The Archbishops' Council,coe-abc,-,-,-,-,0.0,-,-,-,-,0.0
CIFAL Scotland,cifal,-,-,-,-,0.0,-,-,-,-,0.0
CINI,cini_jhk,-,-,-,-,0.0,-,-,-,-,0.0
CISU,cisu,0.0,44.173538902832554,99.9673202614379,99.93464052287581,61.01887492178657,0.0,44.173538902832554,99.9673202614379,99.93464052287581,61.01887492178657
City of London Corporation,col-greenfinance,-,-,-,-,0.0,-,-,-,-,0.0
CIVICUS World Alliance for Citizen Participation,civicus,100.0,100.0,100.0,100.0,100.0,100.0,100.0,100.0,100.0,100.0
CIVIL INITIATIVES FOR DEVELOPMENT AND PEACE INDIA,cividep,0.0,50.0,0.0,100.0,37.5,0.0,50.0,0.0,100.0,37.5
CLASP,clasp,0.0,90.9090909090909,40.0,45.45454545454545,44.09090909090909,0.0,90.9090909090909,40.0,45.45454545454545,44.09090909090909
Clean Clothes Campaign,ccc,50.0,100.0,100.0,100.0,87.5,50.0,100.0,100.0,100.0,87.5
ClientEarth,clientearth-1,0.0,100.0,0.0,100.0,50.0,0.0,100.0,0.0,100.0,50.0
Clim-Eat,clim-eat,-,-,-,-,0.0,-,-,-,-,0.0
CLIMATE ACTION PLATFORM - AFRICA,cap-a,0.0,0.0,-,100.0,25.0,0.0,0.0,-,100.0,25.0
Climate Bonds Initiative,cbi,-,-,-,-,0.0,-,-,-,-,0.0
Climate Investment Funds,cif,0.0,0.0,-,0.0,0.0,0.0,0.0,-,0.0,0.0
Climate Policy Initiative,cpi,0.0,50.0,-,83.33333333333334,33.333333333333336,0.0,50.0,-,83.33333333333334,33.333333333333336
Clinton Health Access Initiative,chai,0.0,100.0,0.0,100.0,50.0,0.0,100.0,0.0,100.0,50.0
CNV Internationaal,nl-kvk-54436222-27541,78.02197802197803,91.20879120879121,100.0,100.0,92.3076923076923,78.02197802197803,91.20879120879121,100.0,100.0,92.3076923076923
Coalition for Epidemic Preparedness Innovations,cepi,0.0,100.0,0.0,0.0,25.0,0.0,100.0,0.0,0.0,25.0
Coalition of African Lesbians (CAL),cal_2000-pu,30.0,90.0,100.0,100.0,80.0,30.0,90.0,100.0,100.0,80.0
Cobra Collective CIC,cobracollective,0.0,100.0,0.0,100.0,50.0,0.0,100.0,0.0,100.0,50.0
COC Nederland,cocnl_publisher,100.0,100.0,63.63636363636363,100.0,90.9090909090909,100.0,100.0,63.63636363636363,100.0,90.9090909090909
CODA International,coda,-,-,-,-,0.0,-,-,-,-,0.0
CODEART ASBL,codeart,0.0,100.0,-,100.0,50.0,0.0,100.0,-,100.0,50.0
Coffey International Development,coffey,0.0,100.0,0.0,100.0,50.0,0.0,100.0,0.0,100.0,50.0
ColaLife,colalife,100.0,100.0,0.0,100.0,75.0,100.0,100.0,0.0,100.0,75.0
Collectif Stratégies Alimentaires,csa,100.0,100.0,100.0,100.0,100.0,100.0,100.0,100.0,100.0,100.0
Collective for Research and Training on Development Action,crtda,100.0,100.0,100.0,100.0,100.0,100.0,100.0,100.0,100.0,100.0
Comitato Internazionale per lo Sviluppo dei Popoli,cispngo,-,-,-,-,0.0,-,-,-,-,0.0
Comité pour l'abolition des dettes illégitimes,cadtm,-,-,-,-,0.0,-,-,-,-,0.0
COMMISSION JUSTICE ET PAIX ASBL (cjp),cjp,100.0,100.0,100.0,100.0,100.0,100.0,100.0,100.0,100.0,100.0
Common Seas CIC,commonseas,0.0,100.0,0.0,100.0,50.0,0.0,100.0,0.0,100.0,50.0
Commonwealth Local Government Forum,clgf_data,100.0,100.0,100.0,100.0,100.0,100.0,100.0,100.0,100.0,100.0
Commonwealth of Learning,col,0.0,100.0,-,100.0,50.0,0.0,100.0,-,100.0,50.0
Commune de Adja-Ouere - Bénin,adja-ouere,-,-,-,-,0.0,-,-,-,-,0.0
Commune de Adjarra - Bénin,adjarra,-,-,-,-,0.0,-,-,-,-,0.0
Commune de Adjohoun - Bénin,adjohoun,-,-,-,-,0.0,-,-,-,-,0.0
Commune de Akpro-Missérété - Bénin,akpro-misserete,-,-,-,-,0.0,-,-,-,-,0.0
Commune de Allada - Bénin,allada,-,-,-,-,0.0,-,-,-,-,0.0
Commune de Aplahoué - Bénin,aplahoue,-,-,-,-,0.0,-,-,-,-,0.0
Commune de Avrankou - Bénin,avrankou,-,-,-,-,0.0,-,-,-,-,0.0
Commune de Bopa - Bénin,bopa,-,-,-,-,0.0,-,-,-,-,0.0
Commune de Comè - Bénin,come,-,-,-,-,0.0,-,-,-,-,0.0
Commune de Dangbo - Benin,dangbo,-,-,-,-,0.0,-,-,-,-,0.0
Commune de Ifangni - Bénin,ifangni,-,-,-,-,0.0,-,-,-,-,0.0
Commune de Klouékanmè - Bénin,klouekanme,-,-,-,-,0.0,-,-,-,-,0.0
Commune de Kpomassè - Bénin,kpomasse,-,-,-,-,0.0,-,-,-,-,0.0
Commune de Kétou - Bénin,ketou,-,-,-,-,0.0,-,-,-,-,0.0
Commune de Lalo - Bénin,lalo,-,-,-,-,0.0,-,-,-,-,0.0
Commune de Parakou - Bénin,parakou,-,-,-,-,0.0,-,-,-,-,0.0
Commune de Pobè - Bénin,pobe,-,-,-,-,0.0,-,-,-,-,0.0
Commune de Toffo - Bénin,toffo,-,-,-,-,0.0,-,-,-,-,0.0
Commune de Toviklin - Bénin,toviklin,-,-,-,-,0.0,-,-,-,-,0.0
Commune de Zè - Bénin,ze,-,-,-,-,0.0,-,-,-,-,0.0
Compassion UK,comp_uk,-,-,-,-,0.0,-,-,-,-,0.0
Concern Worldwide,concern_worldwide,50.0,100.0,100.0,37.5,71.875,50.0,100.0,100.0,37.5,71.875
Concern Worldwide UK,concernuk,50.0,85.71428571428571,100.0,37.5,68.30357142857143,50.0,85.71428571428571,100.0,37.5,68.30357142857143
Conciliation Resources,cr,33.33333333333333,-,-,66.66666666666666,24.999999999999996,33.33333333333333,-,-,66.66666666666666,24.999999999999996
Conciliation Resources Australia,cra,0.0,100.0,0.0,100.0,50.0,0.0,100.0,0.0,100.0,50.0
Concordis International,concordis,-,-,-,-,0.0,-,-,-,-,0.0
CONEXIÓN,conexionla,20.0,80.0,100.0,80.0,70.0,20.0,80.0,100.0,80.0,70.0
Confederation of Danish Industry,di,0.0,92.85714285714286,100.0,14.285714285714285,51.785714285714285,0.0,92.85714285714286,100.0,14.285714285714285,51.785714285714285
Conflict Dynamics International,cdi,-,-,-,-,0.0,-,-,-,-,0.0
"Conflict, Stability and Security Fund",cssf,-,-,-,-,0.0,-,-,-,-,0.0
Congodorpen vzw,congodorpen,100.0,100.0,100.0,100.0,100.0,100.0,100.0,100.0,100.0,100.0
Conseil et Appui pour l'Education à la Base Mali,caeb_mali,0.0,100.0,-,100.0,50.0,0.0,100.0,-,100.0,50.0
Conservation International Foundation,c_i_f,0.0,100.0,-,100.0,50.0,0.0,100.0,-,100.0,50.0
Consortium for Street Children,csc,0.0,0.0,-,0.0,0.0,0.0,0.0,-,0.0,0.0
Consortium of Reproductive Health Associations (CORHA),corha,0.0,0.0,-,100.0,25.0,0.0,0.0,-,100.0,25.0
Construction Sector Transparency Initiative (CoST),cost_uk,0.0,23.684210526315788,0.0,100.0,30.921052631578945,0.0,23.684210526315788,0.0,100.0,30.921052631578945
Consumer society IMTD-INTERNATIONAL,imtd_int_11,-,-,-,-,0.0,-,-,-,-,0.0
convention de la société civile ivoirienne,csci_benkadi,100.0,100.0,100.0,100.0,100.0,100.0,100.0,100.0,100.0,100.0
Coopération par l'Education et la Culture,cec,100.0,100.0,100.0,100.0,100.0,100.0,100.0,100.0,100.0,100.0
Cord,cord,-,-,-,-,0.0,-,-,-,-,0.0
Cordaid,cordaid,28.78787878787879,38.0,95.23809523809523,84.84848484848484,61.71861471861471,28.78787878787879,38.0,95.23809523809523,84.84848484848484,61.71861471861471
Corporación de Apoyo a Comunidades Populares,codacop,100.0,100.0,100.0,100.0,100.0,100.0,100.0,100.0,100.0,100.0
Corus International,corus,-,-,-,-,0.0,-,-,-,-,0.0
Cowater International Inc,cowater,0.0,100.0,0.0,100.0,50.0,0.0,100.0,0.0,100.0,50.0
Cowater UK Limited,cowateruk,-,-,-,-,0.0,-,-,-,-,0.0
COWI,cowi,-,-,-,-,0.0,-,-,-,-,0.0
Coöperatief Climate Fund Managers U.A.,cfm,0.0,0.0,-,90.47619047619048,22.61904761904762,0.0,0.0,-,90.47619047619048,22.61904761904762
CRANE,crane,-,-,-,-,0.0,-,-,-,-,0.0
CREA,creausa-org,15.0,100.0,96.875,25.0,59.21875,15.0,100.0,96.875,25.0,59.21875
Croix-Rouge de Belgique Communauté francophone - Activités internationales ASBL,crb-ai_admin,100.0,100.0,100.0,100.0,100.0,100.0,100.0,100.0,100.0,100.0
Cross-Government Prosperity Fund,prosperityfund,-,-,-,-,0.0,-,-,-,-,0.0
Crown Agents Limited,cal,100.0,100.0,100.0,100.0,100.0,100.0,100.0,100.0,100.0,100.0
CUAMM Trustees,cuammtrustees,-,-,-,-,0.0,-,-,-,-,0.0
Curatio International Foundation,curatio,0.0,-,-,100.0,25.0,0.0,-,-,100.0,25.0
Cyan International,cyan,-,-,-,-,0.0,-,-,-,-,0.0
D. Capital Partners,dcapitalpartners,0.0,100.0,7.6923076923076925,0.0,26.923076923076923,0.0,100.0,7.6923076923076925,0.0,26.923076923076923
DAI Global Health,healthpartners-international,0.0,0.0,-,0.0,0.0,0.0,0.0,-,0.0,0.0
DAI Global UK,dai-e,0.0,100.0,66.66666666666666,100.0,66.66666666666666,0.0,100.0,66.66666666666666,100.0,66.66666666666666
Dalberg Catalyst,dalbergcatalyst,0.0,100.0,-,100.0,50.0,0.0,100.0,-,100.0,50.0
Damiaanactie / Action Damien,damien-foundation,100.0,100.0,100.0,100.0,100.0,100.0,100.0,100.0,100.0,100.0
dance4life,dance4life,-,-,-,-,0.0,-,-,-,-,0.0
DanChurchAid,dca,0.0,98.07692307692307,-,100.0,49.51923076923077,0.0,98.07692307692307,-,100.0,49.51923076923077
Danish Family Planning Association,dfpa,0.0,94.11764705882352,100.0,5.88235294117647,50.0,0.0,94.11764705882352,100.0,5.88235294117647,50.0
Danish Red Cross,danishrc,8.333333333333332,83.33333333333334,100.0,87.5,69.79166666666667,8.333333333333332,83.33333333333334,100.0,87.5,69.79166666666667
Danish Refugee Council,drc,13.513513513513514,-,-,100.0,28.37837837837838,13.513513513513514,-,-,100.0,28.37837837837838
Danish Trade Union Development Agency (Ulandssekretariatet),loftf,3.7037037037037033,96.29629629629629,100.0,11.11111111111111,52.77777777777778,3.7037037037037033,96.29629629629629,100.0,11.11111111111111,52.77777777777778
Danmission,danmission,0.0,100.0,0.0,125.0,56.25,0.0,100.0,0.0,125.0,56.25
Data4Development,d4d,100.0,100.0,0.0,100.0,75.0,100.0,100.0,0.0,100.0,75.0
DataDrivenFinance Kenya Ltd,ddfkenya,0.0,0.0,0.0,100.0,25.0,0.0,0.0,0.0,100.0,25.0
David Gordon Memorial Hospital,dgmh,-,-,-,-,0.0,-,-,-,-,0.0
Dawuro Development Association,dawuro_da,-,-,-,-,0.0,-,-,-,-,0.0
DCAF - Geneva Centre for Security Sector Governance,dcaf,71.42857142857143,57.14285714285714,71.42857142857143,100.0,75.0,71.42857142857143,57.14285714285714,71.42857142857143,100.0,75.0
DeafKidz International,dki1151219,0.0,100.0,100.0,100.0,75.0,0.0,100.0,100.0,100.0,75.0
DECP,decp,3.225806451612903,96.7741935483871,100.0,100.0,75.0,3.225806451612903,96.7741935483871,100.0,100.0,75.0
DeepRoot Consulting,dr,0.0,100.0,100.0,100.0,75.0,0.0,100.0,100.0,100.0,75.0
Defence for Children International Netherlands - ECPAT Netherlands,dciecpatnl,11.76470588235294,-,-,94.11764705882352,26.470588235294116,11.76470588235294,-,-,94.11764705882352,26.470588235294116
DefendDefenders,defenddefenders,14.285714285714285,100.0,100.0,100.0,78.57142857142857,14.285714285714285,100.0,100.0,100.0,78.57142857142857
Delivery Associates Ltd,delivery_associates,0.0,0.0,-,100.0,25.0,0.0,0.0,-,100.0,25.0
Deloitte Touche Tohmatsu India LLP,dttillp,-,-,-,-,0.0,-,-,-,-,0.0
Democracy Reporting International gGmbH,dri,0.0,100.0,100.0,100.0,75.0,0.0,100.0,100.0,100.0,75.0
Democratic Governance Facility,dgf,100.0,100.0,100.0,100.0,100.0,100.0,100.0,100.0,100.0,100.0
"Denmark - Ministry of Foreign Affairs, Danida",danida,68.10099573257467,94.97697781498535,100.0,76.38691322901849,84.86622169414463,68.10099573257467,94.97697781498535,100.0,76.38691322901849,84.86622169414463
Department for International Trade,dit,-,-,-,-,0.0,-,-,-,-,0.0
Design without Borders Africa,dwb_africa,0.0,0.0,-,200.0,50.0,0.0,0.0,-,200.0,50.0
Desmond Tutu HIV Foundation,dthfxx12,0.0,90.9090909090909,80.0,100.0,67.72727272727272,0.0,90.9090909090909,80.0,100.0,67.72727272727272
Development Aid from People to People (DAPP) Malawi,dapp,0.0,50.0,100.0,50.0,50.0,0.0,50.0,100.0,75.0,56.25
Development Expertise Center,dec_ethiopia,100.0,50.0,100.0,100.0,87.5,100.0,50.0,100.0,100.0,87.5
Development Initiatives Poverty Research,dipr,-,-,-,-,0.0,-,-,-,-,0.0
Development Media International,dmi_admin,-,-,-,-,0.0,-,-,-,-,0.0
Development Organisation of the Rural Poor,dorp-org,-,-,-,-,0.0,-,-,-,-,0.0
Developments In Literacy Trust UK,diltuk,-,-,-,-,0.0,-,-,-,-,0.0
Devidayal Solar Solutions Private Limited,ddsolar,0.0,100.0,-,100.0,50.0,0.0,100.0,-,100.0,50.0
Diakonia (Sweden),diakonia-sweden,0.0,0.0,0.0,100.0,25.0,0.0,0.0,0.0,100.0,25.0
Digital Campus,dc,-,-,-,-,0.0,-,-,-,-,0.0
Direcção Provincial de Saúde de Nampula,dps-nampula,0.0,100.0,0.0,100.0,50.0,0.0,100.0,0.0,100.0,50.0
Disability and Development Partners,ddp,0.0,100.0,33.33333333333333,100.0,58.33333333333333,0.0,100.0,33.33333333333333,100.0,58.33333333333333
Disability Rights Advocacy Fund,draf,-,-,-,-,0.0,-,-,-,-,0.0
Disability Rights Fund,drf,0.0,0.0,0.0,100.0,25.0,0.0,0.0,0.0,100.0,25.0
Disabled People's Organisations Denmark,dpod,0.0,63.63636363636363,100.0,100.0,65.9090909090909,0.0,63.63636363636363,100.0,100.0,65.9090909090909
Disasters Emergency Committee,dec-uk,0.0,100.0,100.0,75.0,68.75,0.0,100.0,100.0,75.0,68.75
"Discovery Learning Alliance, Inc.",dla,-,-,-,-,0.0,-,-,-,-,0.0
DiXi Group NGO,dixigroup,-,-,-,-,0.0,-,-,-,-,0.0
Djapo,djapo,-,-,-,100.0,25.0,-,-,-,100.0,25.0
DKT - (Pakistan),dkt,0.0,0.0,-,0.0,0.0,0.0,0.0,-,0.0,0.0
DKT Ethiopia,dkt_ethiopia,0.0,100.0,66.66666666666666,100.0,66.66666666666666,0.0,100.0,66.66666666666666,100.0,66.66666666666666
DKT International,dkti,-,-,-,-,0.0,-,-,-,-,0.0
DKT RD Congo,dkt_drc,0.0,0.0,-,100.0,25.0,0.0,0.0,-,100.0,25.0
DNH Mali (Direction Nationale de l’Hydraulique du Mali),pca-gire,-,-,-,-,0.0,-,-,-,-,0.0
Doctors of the World (NL)/ Dokters van de Wereld,mdmnl,0.0,0.0,-,100.0,25.0,0.0,0.0,-,100.0,25.0
Doctors of the World UK,dotw_uk,-,-,-,-,0.0,-,-,-,-,0.0
Doctors with Africa CUAMM,cuamm,0.0,0.0,-,0.0,0.0,0.0,0.0,-,0.0,0.0
Dorcas Aid International,dai,40.0,60.0,64.28571428571429,90.0,63.57142857142857,40.0,60.0,64.28571428571429,90.0,63.57142857142857
Down syndrome Foundation Nigeria,dsfn,-,-,-,-,0.0,-,-,-,-,0.0
Drugs for Neglected Diseases initiative (DNDi),dndi_transparency,0.0,100.0,100.0,100.0,75.0,0.0,100.0,100.0,100.0,75.0
DT Global UK,imcw_admin,4.424778761061947,71.96261682242991,5.660377358490567,93.80530973451327,43.96327066912392,6.1946902654867255,71.96261682242991,5.660377358490567,93.80530973451327,44.40574854523012
DUF - The Danish Youth Council,duf,0.0,77.96610169491525,100.0,100.0,69.49152542372882,0.0,77.96610169491525,100.0,100.0,69.49152542372882
Dushtha Shasthya Kendra,dsk,0.0,0.0,100.0,100.0,50.0,0.0,0.0,100.0,100.0,50.0
Dynamo International asbl,dynamo_international,100.0,100.0,100.0,100.0,100.0,100.0,100.0,100.0,100.0,100.0
Défi Belgique Afrique,dba,100.0,100.0,100.0,100.0,100.0,100.0,100.0,100.0,100.0,100.0
Dóchas - Irish Association of Non Governmental Development Organisations,dochas,0.0,100.0,-,100.0,50.0,0.0,100.0,-,100.0,50.0
"E3 - Ecología, Economía y Etíca",grupoe3,0.0,100.0,0.0,100.0,50.0,0.0,100.0,0.0,100.0,50.0
EABX,eabx,0.0,100.0,0.0,100.0,50.0,0.0,100.0,0.0,100.0,50.0
Earthworm Foundation,ewf,-,-,-,-,0.0,-,-,-,-,0.0
East African Playgrounds,eap,0.0,100.0,0.0,100.0,50.0,0.0,100.0,0.0,100.0,50.0
East-West Seed Knowledge Transfer Foundation,ews-kt_gh,-,-,-,-,0.0,-,-,-,-,0.0
ECDPM,ecdpm,100.0,-,0.0,100.0,50.0,100.0,-,0.0,100.0,50.0
Echos Communication,ec,100.0,100.0,100.0,100.0,100.0,100.0,100.0,100.0,100.0,100.0
Eclosio,eclosio,100.0,100.0,100.0,100.0,100.0,100.0,100.0,100.0,100.0,100.0
Economic and Social Fund for Development,esfd,0.0,0.0,100.0,100.0,50.0,0.0,0.0,100.0,100.0,50.0
Economic and Social Research Foundation (ESRF),esrf,0.0,100.0,-,100.0,50.0,0.0,100.0,-,100.0,50.0
Ecorys Nederland B.V.,ecorysnl,-,-,-,-,0.0,-,-,-,-,0.0
Ecorys UK,ecuk,0.0,50.0,0.0,100.0,37.5,0.0,50.0,0.0,100.0,37.5
Ecovega Enterprises,ecovega,-,-,-,-,0.0,-,-,-,-,0.0
Educate!,educate,0.0,100.0,-,100.0,50.0,0.0,100.0,-,100.0,50.0
Education Cannot Wait,ecw,-,-,-,-,0.0,-,-,-,-,0.0
"Education Development Center, Inc.",edc,-,-,-,-,0.0,-,-,-,-,0.0
Education Development Trust,eddevtrust,0.0,100.0,100.0,116.66666666666667,79.16666666666667,0.0,100.0,100.0,116.66666666666667,79.16666666666667
Edukans Foundation,edukans_foundation,-,-,-,-,0.0,-,-,-,-,0.0
ELEVATE Hong Kong Holdings Limited,elevatelimited,-,-,-,-,0.0,-,-,-,-,0.0
Elrha,elrha,50.0,100.0,50.0,100.0,75.0,50.0,100.0,50.0,100.0,75.0
Elton John AIDS Foundation,ejaf,-,-,-,-,0.0,-,-,-,-,0.0
Emissa,emissa,0.0,0.0,-,0.0,0.0,0.0,0.0,-,0.0,0.0
Emmanuel International UK,eiuk,-,-,-,-,0.0,-,-,-,-,0.0
EMMS International,emms,0.0,95.23809523809523,54.54545454545454,56.00000000000001,51.44588744588744,0.0,95.23809523809523,54.54545454545454,56.00000000000001,51.44588744588744
Energy 4 Impact,e4i,0.0,50.0,100.0,50.0,50.0,0.0,50.0,100.0,50.0,50.0
Energy Council of South Africa,energycouncilsa,-,-,-,-,0.0,-,-,-,-,0.0
Energy Saving Trust,energy_saving_trust,0.0,100.0,100.0,100.0,75.0,0.0,100.0,100.0,100.0,75.0
Enfance Tiers Monde Kinderen Derde Wereld,etmkdw,100.0,100.0,100.0,100.0,100.0,100.0,100.0,100.0,100.0,100.0
EngenderHealth,ehorg,50.0,100.0,0.0,100.0,62.5,50.0,100.0,0.0,100.0,62.5
EngenderHealth Ethiopia,engenderhealth_eth,100.0,100.0,0.0,50.0,62.5,100.0,100.0,0.0,50.0,62.5
Engineers Without Borders Canada,ewb_canada,0.0,100.0,0.0,50.0,37.5,0.0,100.0,0.0,50.0,37.5
Enhanced Integrated Framework,eif,91.66666666666666,0.0,-,100.0,47.916666666666664,91.66666666666666,0.0,-,100.0,47.916666666666664
Enroot,nroot,0.0,0.0,-,100.0,25.0,0.0,0.0,-,100.0,25.0
"Entiqal for Training ""Partners for Good""",pfg,-,-,-,-,0.0,-,-,-,-,0.0
Entraide et Fraternité,ef_,20.0,100.0,100.0,100.0,80.0,20.0,100.0,100.0,100.0,80.0
Environmental Centre for Oil Spills and Gas Flaring (NACGOND),nacgond-,0.0,0.0,-,83.33333333333334,20.833333333333336,0.0,0.0,-,83.33333333333334,20.833333333333336
"Environmental Finance Limited, trading as Finance Earth",finance_earth,0.0,100.0,0.0,100.0,50.0,0.0,100.0,0.0,100.0,50.0
Equality Fund,ef,0.0,100.0,-,0.0,25.0,0.0,100.0,-,0.0,25.0
Equality Now,e_n,100.0,100.0,20.0,100.0,80.0,100.0,100.0,20.0,100.0,80.0
Equatorial Power Limited,ep,0.0,100.0,-,100.0,50.0,0.0,100.0,-,100.0,50.0
equileap,equileap,0.0,100.0,100.0,100.0,75.0,0.0,100.0,100.0,100.0,75.0
Ethical Trading Initiative,eti,75.0,100.0,75.0,100.0,87.5,75.0,100.0,75.0,100.0,87.5
Ethiopiaid Ireland,ethiopiaidireland,0.0,100.0,100.0,0.0,50.0,0.0,100.0,100.0,0.0,50.0
Ethiopiaid UK,ethiopiaiduk,0.0,94.73684210526315,100.0,5.263157894736842,50.0,0.0,94.73684210526315,100.0,5.263157894736842,50.0
Ethiopian Horticulture Producer Exporters Association (EHPEA),ehpea,-,-,-,-,0.0,-,-,-,-,0.0
Ethiopian Public Health Association,epha,-,-,-,-,0.0,-,-,-,-,0.0
Ethiopian Women Lawyers Association,ewla,100.0,100.0,100.0,100.0,100.0,100.0,100.0,100.0,100.0,100.0
Ethiopian Women with Disabilities National Assocation,ewdna2025,100.0,100.0,0.0,100.0,75.0,100.0,100.0,0.0,100.0,75.0
Eurasia Foundation,ef-2025,-,-,-,-,0.0,-,-,-,-,0.0
Eurasia Partnership Foundation,epf,0.0,100.0,0.0,100.0,50.0,0.0,100.0,0.0,100.0,50.0
European Bank for Reconstruction and Development,ebrd,100.0,23.50623768877216,100.0,37.581344902386114,65.27189564778956,100.0,23.50623768877216,100.0,37.581344902386114,65.27189564778956
European Commission - Humanitarian Aid & Civil Protection,ec-echo,100.0,99.41972920696325,100.0,100.0,99.85493230174082,100.0,99.41972920696325,100.0,100.0,99.85493230174082
European Commission - International Partnerships,ec-intpa,95.67430025445293,93.18588025022342,100.0,68.94861660079052,89.45219927636671,95.67430025445293,93.18588025022342,100.0,68.94861660079052,89.45219927636671
European Commission - Neighbourhood and Enlargement Negotiations,ec-near,90.78525641025641,90.82020640956003,100.0,87.35244519392917,92.2394770034364,90.78525641025641,90.82020640956003,100.0,87.35244519392917,92.2394770034364
European Commission - Service for Foreign Policy Instruments,ec-fpi,78.85304659498208,97.28813559322033,100.0,0.0,69.0352955470506,78.85304659498208,97.28813559322033,100.0,0.0,69.0352955470506
European Forest Institute,efi,0.0,100.0,-,100.0,50.0,0.0,100.0,-,100.0,50.0
European Institute of Peace,eip,0.0,0.0,-,14.285714285714285,3.571428571428571,0.0,0.0,-,14.285714285714285,3.571428571428571
European Investment Bank,eib,100.0,5.809859154929577,-,100.0,51.4524647887324,100.0,5.809859154929577,-,100.0,51.4524647887324
European Journalism Centre,ejc,70.0,100.0,100.0,100.0,92.5,70.0,100.0,100.0,100.0,92.5
Eve Organization for Women Development,eveowd,100.0,100.0,100.0,100.0,100.0,100.0,100.0,100.0,100.0,100.0
EveryChild,evc,-,-,-,-,0.0,-,-,-,-,0.0
Excellent Development,excellent,-,-,-,-,0.0,-,-,-,-,0.0
Exeter Ethiopia Link,eel,-,-,-,-,0.0,-,-,-,-,0.0
Fair Wear Foundation,fwf,6.666666666666667,100.0,100.0,66.66666666666666,68.33333333333334,6.666666666666667,100.0,100.0,66.66666666666666,68.33333333333334
FairChain Foundation,fc-f,0.0,0.0,-,100.0,25.0,0.0,0.0,-,100.0,25.0
Fairfood International,fairfood,100.0,100.0,100.0,100.0,100.0,100.0,100.0,100.0,100.0,100.0
Fairtrade Belgium,fairtrade_be,100.0,100.0,100.0,100.0,100.0,100.0,100.0,100.0,100.0,100.0
Fairtrade Labelling Organizations International e.V.,fairtrade_international,-,-,-,-,0.0,-,-,-,-,0.0
Faith to Action Network,f2a,40.0,100.0,100.0,100.0,85.0,40.0,100.0,100.0,100.0,85.0
Family Aids Caring Trust,fact,0.0,100.0,100.0,100.0,75.0,0.0,100.0,100.0,100.0,75.0
Family Counseling and Development Foundation,fcdf,100.0,0.0,100.0,100.0,75.0,100.0,0.0,100.0,100.0,75.0
Family Guidance Association of Ethiopia,fgae_ethiopia,0.0,100.0,100.0,100.0,75.0,0.0,100.0,100.0,100.0,75.0
Family Life Education Program,flepuganda,-,-,-,-,0.0,-,-,-,-,0.0
Farm Africa,fa,0.0,0.0,0.0,0.0,0.0,100.0,100.0,0.0,100.0,75.0
Farm Concern International,fci,-,-,-,-,0.0,-,-,-,-,0.0
Fauna & Flora International,ffi_publisher,0.0,100.0,100.0,100.0,75.0,0.0,100.0,100.0,100.0,75.0
Federation of Women Lawyers Kenya,fida,100.0,100.0,100.0,100.0,100.0,100.0,100.0,100.0,100.0,100.0
fedesarrollo,fedesarrollo,-,-,-,-,0.0,-,-,-,-,0.0
Feed the Minds,ftm-291333,100.0,100.0,0.0,100.0,75.0,100.0,100.0,0.0,100.0,75.0
Female,female,0.0,0.0,100.0,100.0,50.0,0.0,0.0,100.0,100.0,50.0
FHI360,fhi360,0.0,33.33333333333333,0.0,100.0,33.33333333333333,0.0,33.33333333333333,0.0,100.0,33.33333333333333
Fiabel,fiabel,100.0,100.0,100.0,100.0,100.0,100.0,100.0,100.0,100.0,100.0
FIAN Belgium,fian-belgium,100.0,100.0,100.0,100.0,100.0,100.0,100.0,100.0,100.0,100.0
"Field Ready, USA",field_ready,0.0,100.0,100.0,100.0,75.0,0.0,100.0,100.0,100.0,75.0
Fiftyfifty,fiftyfifty-lb,0.0,0.0,-,0.0,0.0,0.0,0.0,-,0.0,0.0
Fight for Humanity,ffh,0.0,-,0.0,100.0,25.0,0.0,-,0.0,100.0,25.0
Fight Hunger Foundation,fhf,-,-,-,-,0.0,-,-,-,-,0.0
Financial Sector Deepening Trust (Kenya),fsdk,0.0,25.0,0.0,100.0,31.25,0.0,25.0,0.0,100.0,31.25
Financial Sector Deepening Uganda,fsduganda,-,-,-,-,0.0,-,-,-,-,0.0
FIND,finddiagnostics,66.66666666666666,100.0,0.0,100.0,66.66666666666666,66.66666666666666,100.0,0.0,100.0,66.66666666666666
Find Your Feet,fyf,100.0,100.0,0.0,66.66666666666666,66.66666666666666,100.0,100.0,0.0,100.0,75.0
Finland - Ministry for Foreign Affairs,finland_mfa,33.64485981308411,92.65536723163842,100.0,49.532710280373834,68.9582343312741,33.64485981308411,92.65536723163842,100.0,49.532710280373834,68.9582343312741
Finn Church Aid (Kirkon Ulkomaanapu sr),fca,-,-,-,-,0.0,-,-,-,-,0.0
FMDQ Group PLC,fmdqgroupplc_2013,-,-,-,-,0.0,-,-,-,-,0.0
FMO,fmo,100.0,0.0,100.0,0.0,50.0,100.0,0.0,100.0,0.0,50.0
FONCABA ASBL KBA VZW,foncaba,-,-,-,-,0.0,-,-,-,-,0.0
Fondation Hirondelle,fh_ch,0.0,0.0,-,100.0,25.0,0.0,0.0,-,100.0,25.0
Fondation suisse de déminage (FSD),fsd-switzerland_2025,-,-,-,-,0.0,-,-,-,-,0.0
Fondo Centroamericano de Mujeres,fcam,100.0,100.0,100.0,100.0,100.0,100.0,100.0,100.0,100.0,100.0
Fonds voor Ontwikkelingssamenwerking - Socialistische Solidariteit VZW,fos,100.0,100.0,100.0,100.0,100.0,100.0,100.0,100.0,100.0,100.0
FONPLATA DEVELOPMENT BANK,fonplata,100.0,92.0,-,0.0,48.0,100.0,92.0,-,0.0,48.0
Food and Agriculture Organization of the United Nations (FAO),fao,99.66120835686053,98.46671652954375,0.0,100.0,74.53198122160107,99.66120835686053,98.46671652954375,0.0,100.0,74.53198122160107
Food for the Hungry UK,fh,-,-,-,-,0.0,-,-,-,-,0.0
Forest Trends Association,forest-trends,0.0,0.0,0.0,100.0,25.0,0.0,0.0,0.0,100.0,25.0
Forests Monitor,fm,-,-,-,-,0.0,-,-,-,-,0.0
Forests of the World,fowdk,0.0,81.81818181818183,90.9090909090909,0.0,43.18181818181819,0.0,81.81818181818183,90.9090909090909,0.0,43.18181818181819
Forever Sabah,fs,0.0,100.0,-,100.0,50.0,0.0,100.0,-,100.0,50.0
Forschungsinstitut zur Zukunft der Arbeit GmbH (IZA),iza,0.0,85.18518518518519,100.0,0.0,46.2962962962963,0.0,85.18518518518519,100.0,0.0,46.2962962962963
Forum for Africa Women Educationalist Regional Secretariat,fawe-rs,83.33333333333334,94.44444444444444,100.0,100.0,94.44444444444444,83.33333333333334,94.44444444444444,100.0,100.0,94.44444444444444
forum for women in democracy,fowode,100.0,100.0,0.0,100.0,75.0,100.0,100.0,0.0,100.0,75.0
Forum Universitaire pour la Coopération Internationale au Développement -FUCID ASBL,fucid,100.0,100.0,100.0,100.0,100.0,100.0,100.0,100.0,100.0,100.0
Fosera Solarsystems GmbH & Co. KG aA,fosaa,0.0,0.0,100.0,100.0,50.0,0.0,0.0,100.0,100.0,50.0
Foundation for Social Improvement,the_fsi,0.0,100.0,100.0,100.0,75.0,0.0,100.0,100.0,100.0,75.0
France - Ministry for Europe and Foreign Affairs,france,-,-,-,-,0.0,-,-,-,-,0.0
FRANK Water,frankwater,-,-,-,-,0.0,-,-,-,-,0.0
Free a Girl,freeagirl,16.666666666666664,-,-,100.0,29.166666666666664,16.666666666666664,-,-,100.0,29.166666666666664
Free Press Unlimited,free_press_unlimited,100.0,0.0,0.0,100.0,50.0,100.0,0.0,0.0,100.0,50.0
Freedom Forum,ff,0.0,50.0,0.0,100.0,37.5,0.0,50.0,0.0,100.0,37.5
Friends of Kipkelion,kipkelion,-,-,-,-,0.0,-,-,-,-,0.0
Friends of Publish What You Fund,friendsofpwyf,0.0,100.0,0.0,0.0,25.0,0.0,100.0,0.0,0.0,25.0
"Friends of the Earth England, Wales and Northern Ireland",foe_ewni,-,-,-,-,0.0,-,-,-,-,0.0
Friends of the Earth International,foei,50.0,100.0,100.0,100.0,87.5,50.0,100.0,100.0,100.0,87.5
Friends of the Earth-Ghana,foe-ghana,0.0,100.0,0.0,100.0,50.0,0.0,100.0,0.0,100.0,50.0
Friendship,fb_2023,0.0,-,100.0,100.0,50.0,0.0,-,100.0,100.0,50.0
Frontclear,frontclear_ftap,0.0,0.0,-,100.0,25.0,0.0,0.0,-,100.0,25.0
Frontline AIDS,f-aids,100.0,100.0,50.0,78.57142857142857,82.14285714285714,100.0,100.0,50.0,78.57142857142857,82.14285714285714
Frères des Hommes,fdhommes,100.0,100.0,100.0,100.0,100.0,100.0,100.0,100.0,100.0,100.0
FSD Africa,fsdafrica,0.0,44.0,-,96.0,35.0,0.0,44.0,-,96.0,35.0
Fundacion Acceso,fundacion-acceso,-,-,-,-,0.0,-,-,-,-,0.0
Fundacion Pacto Especializada en el Apoyo de Iniciativas Sociales,feadin,0.0,100.0,0.0,100.0,50.0,0.0,100.0,0.0,100.0,50.0
Fundación Avina,fundacionavina,100.0,100.0,75.0,100.0,93.75,100.0,100.0,75.0,100.0,93.75
Fundación de Antropología Forense de Guatemala,fafg,100.0,50.0,100.0,100.0,87.5,100.0,50.0,100.0,100.0,87.5
Fundación Fondo Mujeres del Sur,fms,100.0,100.0,100.0,100.0,100.0,100.0,100.0,100.0,100.0,100.0
Fundación Gaia Amazonas,gaia,100.0,100.0,50.0,100.0,87.5,100.0,100.0,50.0,100.0,87.5
Fundación Oriéntame,orientame,100.0,100.0,100.0,0.0,75.0,100.0,100.0,100.0,0.0,75.0
Fundo de Investimento e Patrimonio do Abastecimento de Água (FIPAG),fipag,0.0,100.0,0.0,100.0,50.0,0.0,100.0,0.0,100.0,50.0
GALZ,galz,33.33333333333333,100.0,100.0,100.0,83.33333333333333,33.33333333333333,100.0,100.0,100.0,83.33333333333333
Gates Foundation,bmgf,100.0,99.88853798996841,100.0,100.0,99.9721344974921,100.0,99.88853798996841,100.0,100.0,99.9721344974921
Gatsby Africa,ga,0.0,100.0,-,116.66666666666667,54.16666666666667,0.0,100.0,-,116.66666666666667,54.16666666666667
"Gavi, the vaccine alliance",gavi,100.0,99.4535519125683,100.0,100.0,99.86338797814207,100.0,99.4535519125683,100.0,100.0,99.86338797814207
GEF Secretariat,gef,100.0,75.3646677471637,-,45.25316455696203,55.15445807603143,100.0,75.3646677471637,-,45.25316455696203,55.15445807603143
GEMS Education Solutions,mgcubed,-,-,-,-,0.0,-,-,-,-,0.0
Gender at Work,genderatwork,71.42857142857143,100.0,100.0,100.0,92.85714285714286,71.42857142857143,100.0,100.0,100.0,92.85714285714286
Gender Equality Network,gen,-,-,-,-,0.0,-,-,-,-,0.0
Gender Links,gl,0.0,0.0,-,100.0,25.0,0.0,0.0,-,100.0,25.0
Geneva International Centre for Humanitarian Demining,gichd,12.5,87.5,0.0,87.5,46.875,12.5,87.5,0.0,87.5,46.875
Genome Research Limited,grl,-,-,-,-,0.0,-,-,-,-,0.0
GEOMOUN ASBL,geomoun,100.0,100.0,100.0,100.0,100.0,100.0,100.0,100.0,100.0,100.0
George Institute for Global Health,tgi_india,0.0,100.0,0.0,100.0,50.0,0.0,100.0,0.0,100.0,50.0
Georgetown University,georgetown,0.0,-,-,100.0,25.0,0.0,-,-,100.0,25.0
Germany - Federal Foreign Office,fo_germany,60.78431372549019,60.78431372549019,-,100.0,55.3921568627451,60.78431372549019,60.78431372549019,-,100.0,55.3921568627451
Germany - Ministry for Economic Cooperation and Development,bmz,100.0,98.41211225997046,100.0,77.80838689929598,94.0551247898166,100.0,98.41211225997046,100.0,77.80838689929598,94.0551247898166
Germany GIZ Non BMZ,giz,100.0,0.0,0.0,100.0,50.0,100.0,0.0,0.0,100.0,50.0
GHANA NETHERLANDS BUSINESS & CULTURE COUNCIL,gnbcc,0.0,100.0,-,100.0,50.0,0.0,100.0,-,100.0,50.0
Girls Not Brides: The Global Partnership to End Child Marriage,girlsnotbrides,-,-,-,-,0.0,-,-,-,-,0.0
Girls’ Education Challenge – Fund Manager PwC,gecfundmanagerpwc,-,-,-,-,0.0,-,-,-,-,0.0
Giro555 (Stichting Samenwerkende Hulporganisaties),giro555,80.0,100.0,25.0,80.0,71.25,80.0,100.0,25.0,80.0,71.25
GiveDirectly,givedirectly,0.0,-,50.0,100.0,37.5,0.0,-,50.0,100.0,37.5
Global Action Nepal,gan,-,-,-,-,0.0,-,-,-,-,0.0
Global Alliance for Livestock Veterinary Medicines,galvmed,0.0,100.0,50.0,100.0,62.5,0.0,100.0,50.0,100.0,62.5
Global Alliance for TB Drug Development,tb-a,0.0,100.0,0.0,100.0,50.0,0.0,100.0,0.0,100.0,50.0
Global Anaesthesia Development Partnerships,gadp,0.0,100.0,0.0,100.0,50.0,0.0,100.0,0.0,100.0,50.0
Global Antibiotic Research and Development Partnership,gardp,0.0,100.0,100.0,23.52941176470588,55.88235294117647,0.0,100.0,100.0,23.52941176470588,55.88235294117647
Global Canopy,globalcanopy,-,-,-,-,0.0,-,-,-,-,0.0
Global Disability Innovation Hub,gdihub,-,-,-,-,0.0,-,-,-,-,0.0
Global Focus,globaltfokus,0.0,-,100.0,0.0,25.0,0.0,-,100.0,0.0,25.0
Global Fund for Community Foundations,gfcf,100.0,100.0,100.0,100.0,100.0,100.0,100.0,100.0,100.0,100.0
Global Fund for Women,globalfundforwomen,0.0,-,-,0.0,0.0,0.0,-,-,0.0,0.0
Global Fund to End Modern Slavery,gfems,0.0,90.0,0.0,100.0,47.5,0.0,90.0,0.0,100.0,47.5
Global Green Growth Institute (GGGI),gggi,0.0,98.35051546391752,0.0,99.1869918699187,49.38437683345906,0.0,98.35051546391752,0.0,99.1869918699187,49.38437683345906
Global Impact Investing Network,giin,50.0,100.0,50.0,100.0,75.0,50.0,100.0,50.0,100.0,75.0
Global Innovation Fund,gif,0.0,97.5,-,31.25,32.1875,0.0,97.5,-,31.25,32.1875
Global Integrity,gi,0.0,100.0,100.0,100.0,75.0,0.0,100.0,100.0,100.0,75.0
Global Network of People Living with HIV (GNP+),gnpplus,38.46153846153847,100.0,0.0,84.61538461538461,55.76923076923077,38.46153846153847,100.0,0.0,84.61538461538461,55.76923076923077
Global Network of Sex Work Projects (NSWP),nswp,-,-,-,-,0.0,-,-,-,-,0.0
Global Partnership for Education,gpe,-,-,-,-,0.0,-,-,-,-,0.0
Global Rights Compliance Foundation,grc2018,0.0,90.32258064516128,-,96.7741935483871,46.774193548387096,0.0,90.32258064516128,-,96.7741935483871,46.774193548387096
Global Shea Alliance,globalshea,0.0,100.0,100.0,100.0,75.0,0.0,100.0,100.0,100.0,75.0
Global Water Partnership,gwp,0.0,100.0,-,100.0,50.0,0.0,100.0,-,100.0,50.0
Global Witness,globalwitness,-,-,-,-,0.0,-,-,-,-,0.0
GlobalGiving.org,globalgiving,-,-,-,-,0.0,-,-,-,-,0.0
GOAL,goal,66.66666666666666,50.0,0.0,100.0,54.166666666666664,66.66666666666666,50.0,0.0,100.0,54.166666666666664
GOGLA - Global Off-Grid Lighting Association,gogla,0.0,100.0,0.0,100.0,50.0,0.0,100.0,0.0,100.0,50.0
GoodWeave International,goodweave_intl,-,-,-,-,0.0,-,-,-,-,0.0
Goree Institute,gorin,-,-,-,-,0.0,-,-,-,-,0.0
Gorongosa Restoration Project,grp,0.0,100.0,100.0,100.0,75.0,0.0,100.0,100.0,100.0,75.0
GPPAC Foundation,gppac,100.0,-,-,100.0,50.0,100.0,-,-,100.0,50.0
Grand Bargain Test,wrgb,-,-,-,-,0.0,-,-,-,-,0.0
Grand Challenges Canada,hgc,100.0,0.0,0.0,100.0,50.0,100.0,0.0,0.0,100.0,50.0
Greater Virunga Transboundary Collaboration,gvtc,0.0,100.0,0.0,100.0,50.0,0.0,100.0,0.0,100.0,50.0
Greece - Ministry of Foreign Affairs,greece_mfa,-,-,-,-,0.0,-,-,-,-,0.0
Gridworks Development Partners,gridworkspartners,0.0,-,0.0,100.0,25.0,0.0,-,0.0,100.0,25.0
Ground Truth Solutions,ground-truth-solutions,0.0,100.0,100.0,100.0,75.0,0.0,100.0,100.0,100.0,75.0
Groupe Pivot Santé Population,gpsp-org,-,-,-,-,0.0,-,-,-,-,0.0
Grow Asia,growasia,-,-,-,-,0.0,-,-,-,-,0.0
Grow Movement,growmovement_admin,50.0,0.0,0.0,100.0,37.5,50.0,0.0,0.0,100.0,37.5
GSMA Foundation,gsma_foundation,100.0,0.0,-,0.0,25.0,100.0,0.0,-,0.0,25.0
Gulu University,guluuni,-,-,-,-,0.0,-,-,-,-,0.0
Guttmacher Institute,guttmacher,0.0,100.0,0.0,100.0,50.0,0.0,100.0,0.0,100.0,50.0
Hagar International UK,hagar_uk,-,-,-,-,0.0,-,-,-,-,0.0
Haiti Hospital Appeal,hha,100.0,100.0,0.0,100.0,75.0,100.0,100.0,0.0,100.0,75.0
"Hala Systems, Inc.",hala_systems,-,-,-,-,0.0,-,-,-,-,0.0
Hand in Hand International,handinhand,0.0,100.0,100.0,100.0,75.0,0.0,100.0,100.0,100.0,75.0
Handicap International Belgique,hib,100.0,100.0,100.0,100.0,100.0,100.0,100.0,100.0,100.0,100.0
Handicap International Federation,hi_fed,0.0,50.0,100.0,100.0,62.5,0.0,50.0,100.0,100.0,62.5
Handicap International UK,hiuk,23.809523809523807,47.368421052631575,62.5,95.23809523809523,57.22901002506265,23.809523809523807,47.368421052631575,62.5,95.23809523809523,57.22901002506265
"Harvard Global Research and Support Services, Inc.",harvard_global,-,-,-,-,0.0,-,-,-,-,0.0
Health Development Initiative,hdi,0.0,100.0,0.0,100.0,50.0,0.0,100.0,0.0,100.0,50.0
Health Insurance Fund,hif,50.0,75.0,0.0,100.0,56.25,50.0,75.0,0.0,100.0,56.25
Health Poverty Action,hpa,-,-,-,-,0.0,-,-,-,-,0.0
HealthNet TPO,healthnet,100.0,100.0,50.0,100.0,87.5,100.0,100.0,50.0,100.0,87.5
HealthProm,hp_12,0.0,100.0,-,100.0,50.0,0.0,100.0,-,100.0,50.0
Healthright International-Kenya,hri,0.0,0.0,-,100.0,25.0,0.0,0.0,-,100.0,25.0
Healthy Entrepreneurs Foundation,hefoundation,100.0,100.0,40.0,100.0,85.0,100.0,100.0,40.0,100.0,85.0
Heartland Alliance International,ha-i,100.0,100.0,100.0,100.0,100.0,100.0,100.0,100.0,100.0,100.0
Heifer International South Africa,hsa,100.0,100.0,0.0,100.0,75.0,100.0,100.0,0.0,100.0,75.0
Heifer Nederland,heifernederland,0.0,100.0,-,100.0,50.0,0.0,100.0,-,100.0,50.0
HelpAge International,helpage_international,0.0,100.0,0.0,100.0,50.0,0.0,100.0,0.0,100.0,50.0
HelpAge International UK,ageintl,35.294117647058826,100.0,20.588235294117645,100.0,63.97058823529412,35.294117647058826,100.0,20.588235294117645,100.0,63.97058823529412
Helvetas Swiss Intercooperation,hsi,-,-,-,100.0,25.0,-,-,-,100.0,25.0
Hiber for Electronic Media,7iberdotcom,-,-,-,-,0.0,-,-,-,-,0.0
Higher Population Council,hpc,-,-,-,-,0.0,-,-,-,-,0.0
HiiL innovating Justice,hiil_mfa,50.0,16.666666666666664,75.0,100.0,60.416666666666664,50.0,16.666666666666664,75.0,100.0,60.416666666666664
Hilfswerk Austria Zimbabwe,hwa-zm,-,-,-,-,0.0,-,-,-,-,0.0
Himilo Relief and Development Association (HIRDA),hirda,-,-,-,-,0.0,-,-,-,-,0.0
Hivos,stichting_hivos,55.88235294117647,52.94117647058824,66.66666666666666,44.11764705882353,54.90196078431373,55.88235294117647,52.94117647058824,66.66666666666666,44.11764705882353,54.90196078431373
HM Revenue and Customs,cbu_hmrc,0.0,100.0,-,100.0,50.0,0.0,100.0,-,100.0,50.0
HM Treasury,hmtfitb,100.0,0.0,-,33.33333333333333,33.33333333333333,100.0,0.0,-,33.33333333333333,33.33333333333333
Homeless International,hi,14.285714285714285,100.0,60.0,14.285714285714285,47.14285714285714,14.285714285714285,100.0,60.0,14.285714285714285,47.14285714285714
Hope and Homes for Children,hhc,-,-,-,-,0.0,-,-,-,-,0.0
Hope for Children,hfc,0.0,100.0,0.0,100.0,50.0,0.0,100.0,0.0,100.0,50.0
HOPE'87 - Hundreds of Original Projects for Employment,hope87,0.0,0.0,0.0,100.0,25.0,0.0,0.0,0.0,100.0,25.0
Horizons for Green Development,horizons,-,-,-,-,0.0,-,-,-,-,0.0
Hospice Africa Ltd,hauk,0.0,0.0,-,100.0,25.0,0.0,0.0,-,100.0,25.0
HRWG Indonesia,hrwg_indonesia,0.0,100.0,0.0,100.0,50.0,0.0,100.0,0.0,100.0,50.0
HTSPE,htspe,0.0,100.0,100.0,100.0,75.0,0.0,100.0,100.0,100.0,75.0
Huairou Commission,hc2022,16.666666666666664,83.33333333333334,100.0,100.0,75.0,16.666666666666664,83.33333333333334,100.0,100.0,75.0
Human Relief Foundation,hrf,0.0,0.0,0.0,100.0,25.0,0.0,0.0,0.0,100.0,25.0
Human Rights Research and Advocacy Consortium,947,-,-,-,-,0.0,-,-,-,-,0.0
Humanitarian Quality Assurance Initiative,hqai,0.0,100.0,0.0,100.0,50.0,0.0,100.0,0.0,100.0,50.0
Humanitarian Umbrella for Relief and Development Organization (HURDO),hu,-,-,-,-,0.0,-,-,-,-,0.0
I Choose Life Africa,ke-ngc-3372,-,-,-,-,0.0,-,-,-,-,0.0
Ibrahimia Media Center,imc-2021,100.0,100.0,100.0,100.0,100.0,100.0,100.0,100.0,100.0,100.0
ICA:UK,icauk,0.0,50.0,0.0,100.0,37.5,0.0,50.0,0.0,100.0,37.5
ICCO Cooperation,icco-cooperation,100.0,0.0,-,100.0,50.0,100.0,0.0,-,100.0,50.0
ICF Consulting Services Ltd,icf,0.0,100.0,100.0,100.0,75.0,0.0,100.0,100.0,100.0,75.0
ICLEI Africa,icleiafrica,0.0,100.0,-,100.0,50.0,0.0,100.0,-,100.0,50.0
ICLEI Colombia,iclei,0.0,100.0,-,100.0,50.0,0.0,100.0,-,100.0,50.0
ICS,ics,-,-,-,-,0.0,-,-,-,-,0.0
IDB Invest,idbinvest,77.90132036136205,0.0,100.0,100.0,69.47533009034052,77.90132036136205,0.0,100.0,100.0,69.47533009034052
iDE,ide,0.0,0.0,100.0,25.0,31.25,0.0,0.0,100.0,25.0,31.25
IDEO.org,ideo_org,0.0,0.0,0.0,0.0,0.0,0.0,0.0,0.0,0.0,0.0
IDH Investment Management B.V.,idh_im,100.0,100.0,0.0,100.0,75.0,100.0,100.0,0.0,100.0,75.0
IDH THE SUSTAINABLE TRADE INITIATIVE,idh-ghana,0.0,100.0,-,100.0,50.0,0.0,100.0,-,100.0,50.0
"IDH, the Sustainable Trade Initiative",idh,100.0,98.27586206896551,24.137931034482758,98.27586206896551,80.17241379310344,100.0,98.27586206896551,24.137931034482758,98.27586206896551,80.17241379310344
IDinsight,idinsight,0.0,0.0,100.0,100.0,50.0,0.0,0.0,100.0,100.0,50.0
IDOM INGENIERIA,idom_mx,0.0,0.0,-,100.0,25.0,0.0,0.0,-,100.0,25.0
IFOAM - Organics International,ifoam,0.0,0.0,100.0,7.8431372549019605,26.96078431372549,0.0,0.0,100.0,7.8431372549019605,26.96078431372549
Iftiin Foundation,iffoundation12,0.0,50.0,0.0,100.0,37.5,0.0,50.0,0.0,100.0,37.5
IGD Benin,igd_benin,-,-,-,-,0.0,-,-,-,-,0.0
IHE Delft Institute for Water Education,ihedelft,100.0,100.0,50.0,100.0,87.5,100.0,100.0,50.0,100.0,87.5
Iles de Paix,idp,100.0,100.0,100.0,100.0,100.0,100.0,100.0,100.0,100.0,100.0
ILGA Asia,ilgaasia,100.0,100.0,-,100.0,75.0,100.0,100.0,-,100.0,75.0
ILGA World,ilgaworld,-,-,-,-,0.0,-,-,-,-,0.0
IMA World Health,us-imawh,0.0,50.0,0.0,50.0,25.0,0.0,50.0,0.0,50.0,25.0
IMD Moçambique,imdmozambique,0.0,25.0,-,100.0,31.25,0.0,25.0,-,100.0,31.25
Imfact Working Capital Solutions Limited,imfact2022,-,-,-,-,0.0,-,-,-,-,0.0
IMPACT Initiatives,impact_initiatives,0.0,71.42857142857143,0.0,157.14285714285714,57.14285714285714,0.0,71.42857142857143,0.0,157.14285714285714,57.14285714285714
ImpactAssets Inc.,ia,0.0,0.0,-,100.0,25.0,0.0,0.0,-,100.0,25.0
"Imperial College of Science, Technology and Medicine",imperial,0.0,100.0,0.0,100.0,50.0,0.0,100.0,0.0,100.0,50.0
Impunity Watch,iw_admin,0.0,0.0,0.0,100.0,25.0,0.0,0.0,0.0,100.0,25.0
Independent Diplomat,independent_diplomat,0.0,100.0,-,100.0,50.0,0.0,100.0,-,100.0,50.0
Independent Medico-Legal Unit,imlu,0.0,0.0,100.0,100.0,50.0,0.0,0.0,100.0,100.0,50.0
Index Initiative Foundation,iif,-,-,-,-,0.0,-,-,-,-,0.0
Indigo Trust,indtrust,-,-,-,-,0.0,-,-,-,-,0.0
Infrastructure Credit Guarantee Company Limited,infracredit,0.0,0.0,-,100.0,25.0,0.0,0.0,-,100.0,25.0
inHive,inhive,0.0,100.0,0.0,100.0,50.0,0.0,100.0,0.0,100.0,50.0
Iniciativa Climatica de Mexico,icm_mx,-,-,-,-,0.0,-,-,-,-,0.0
Initiative Sankofa d'Afrique de l'Ouest,isdao,100.0,100.0,-,100.0,75.0,100.0,100.0,-,100.0,75.0
Innovate UK KTN,ktn,-,-,-,-,0.0,-,-,-,-,0.0
Innovations for Poverty Action,ipa_,0.0,0.0,0.0,100.0,25.0,0.0,0.0,0.0,100.0,25.0
Innovex Uganda limited,in,0.0,100.0,0.0,0.0,25.0,0.0,100.0,0.0,0.0,25.0
Instiglio,instiglio,-,-,-,-,0.0,-,-,-,-,0.0
Institut de Formation Syndical International - Internationaal Syndicaal Vormingsinstituut,ifsi_isvi,100.0,100.0,100.0,100.0,100.0,100.0,100.0,100.0,100.0,100.0
"Institut National de l'Eau, Benin",ine_benin,-,-,-,-,0.0,-,-,-,-,0.0
Institute for Clinical Effectiveness and Health Policy,iecs-2024,-,-,-,-,0.0,-,-,-,-,0.0
Institute for Community Based Sociotherapy,ic-bs_24,0.0,100.0,-,200.0,75.0,0.0,100.0,-,200.0,75.0
Institute for Family Health,khf_ifh,0.0,100.0,100.0,100.0,75.0,0.0,100.0,100.0,100.0,75.0
Institute for Policy Research and Advocacy (ELSAM),elsam,0.0,0.0,-,0.0,0.0,0.0,0.0,-,0.0,0.0
Institute for Research and Development in Health & Social Care,irdsrilanka-1997,0.0,0.0,0.0,100.0,25.0,0.0,0.0,0.0,100.0,25.0
Institute for Security Studies,issafrica,-,-,-,-,0.0,-,-,-,-,0.0
Institute for War & Peace Reporting,iwpr,0.0,0.0,-,22.22222222222222,5.555555555555555,0.0,0.0,-,22.22222222222222,5.555555555555555
Institute of Development Studies,ids,0.0,100.0,0.0,50.0,37.5,0.0,100.0,0.0,50.0,37.5
Institute of Gender and Children's Health Research,igchr_sierraleone,-,-,-,-,0.0,-,-,-,-,0.0
"Institute of Psychiatry, Rawalpindi Medical University",iop-rmu,-,-,-,-,0.0,-,-,-,-,0.0
Institute of Tropical Medicine,itm,100.0,100.0,100.0,100.0,100.0,100.0,100.0,100.0,100.0,100.0
Instituto BVRio,bvrio,0.0,100.0,0.0,100.0,50.0,0.0,100.0,0.0,100.0,50.0
Integrated Water Resources Management Programme,iwrm,0.0,100.0,-,100.0,50.0,0.0,100.0,-,100.0,50.0
Integrity Action,integrity_action,0.0,10.526315789473683,-,5.263157894736842,3.947368421052631,0.0,31.57894736842105,-,100.0,32.89473684210526
Integrity Research and Consultancy Ltd,integrity,0.0,0.0,100.0,50.0,37.5,0.0,0.0,100.0,50.0,37.5
Inter Islamic Network for Water Resources Development and Management,inwrdam,-,-,-,-,0.0,-,-,-,-,0.0
Inter-American Development Bank,iadb,77.42718446601941,98.0392156862745,100.0,50.8495145631068,81.57897867885018,77.42718446601941,98.0392156862745,100.0,50.8495145631068,81.57897867885018
Inter-American Foundation,iaf,33.265306122448976,83.87755102040816,100.0,0.0,54.285714285714285,33.265306122448976,83.87755102040816,100.0,0.0,54.285714285714285
Interact Worldwide,iww_publish,-,-,-,-,0.0,-,-,-,-,0.0
InterAction,interaction,-,-,-,-,0.0,-,-,-,-,0.0
interburns,interburns,-,-,-,-,0.0,-,-,-,-,0.0
InterClimate Network,icn,0.0,100.0,0.0,100.0,50.0,0.0,100.0,0.0,100.0,50.0
International Aids Vaccine Initiative (IAVI),iavi,0.0,-,100.0,100.0,50.0,0.0,-,100.0,100.0,50.0
International Alert,international-alert,13.043478260869565,34.78260869565217,28.57142857142857,30.434782608695656,26.70807453416149,13.043478260869565,34.78260869565217,28.57142857142857,30.434782608695656,26.70807453416149
International Budget Partnership,ibp,-,-,-,-,0.0,-,-,-,-,0.0
International Bureau of Fiscal Documentation (IBFD),ibfd,90.1639344262295,88.23529411764706,100.0,100.0,94.59980713596914,90.1639344262295,88.23529411764706,100.0,100.0,94.59980713596914
International Campaign Women´s Right to Safe Abortion,icwrsa,0.0,50.0,-,100.0,37.5,0.0,50.0,-,100.0,37.5
International Center for Journalists,icfj,-,-,-,-,0.0,-,-,-,-,0.0
International Center for Not-for-Profit Law,icnl_org,46.666666666666664,100.0,100.0,100.0,86.66666666666666,46.666666666666664,100.0,100.0,100.0,86.66666666666666
International Center for Transitional Justice,ictj,0.0,90.47619047619048,94.44444444444444,100.0,71.23015873015873,0.0,90.47619047619048,94.44444444444444,100.0,71.23015873015873
International Centre for Antimicrobial Resistance Solutions,icars,-,-,-,-,0.0,-,-,-,-,0.0
"International Centre for Diarrhoeal Disease Research, Bangladesh (icddr,b)",icddrb,0.0,0.0,100.0,100.0,50.0,0.0,0.0,100.0,100.0,50.0
International Centre for Migration Policy Development,icmpd,0.0,12.5,-,22.22222222222222,8.680555555555555,0.0,12.5,-,22.22222222222222,8.680555555555555
International Centre of Insect Physiology and Ecology (icipe),icipe,-,-,-,-,0.0,-,-,-,-,0.0
International Climate Initiative / BMU - IKI Secretariat,bmu_iki,99.70238095238095,83.80281690140845,100.0,0.0,70.87629946344735,99.70238095238095,83.80281690140845,100.0,0.0,70.87629946344735
International Commission on Missing Persons,icmp,75.0,0.0,0.0,75.0,37.5,75.0,0.0,0.0,75.0,37.5
International Committee of the Red Cross (ICRC),icrc,83.7037037037037,98.52941176470588,0.0,97.77777777777777,70.00272331154684,83.7037037037037,98.52941176470588,0.0,97.77777777777777,70.00272331154684
International Council of Voluntary Agencies,icva,-,-,-,-,0.0,-,-,-,-,0.0
International Crisis Group,crisisgroup,50.0,0.0,0.0,100.0,37.5,50.0,0.0,0.0,100.0,37.5
International Development Law Organization (IDLO),idlo,100.0,99.18367346938776,20.080321285140563,1.2048192771084338,55.117203507909196,100.0,99.18367346938776,20.080321285140563,1.2048192771084338,55.117203507909196
INTERNATIONAL DISABILITY ALLIANCE,ida,0.0,0.0,-,100.0,25.0,0.0,0.0,-,100.0,25.0
International Federation of Accountants,ifac,0.0,0.0,-,80.0,20.0,0.0,0.0,-,80.0,20.0
International Federation of the Red Cross and Red Crescent (IFRC),ifrcrcs,-,-,-,-,0.0,-,-,-,-,0.0
International Fertilizer Development Center,ifdc-us,27.27272727272727,90.0,100.0,100.0,79.31818181818181,27.27272727272727,90.0,100.0,100.0,79.31818181818181
International Finance Corporation,ifcwbg,98.69439071566731,0.0,100.0,98.69439071566731,74.34719535783366,98.69439071566731,0.0,100.0,98.69439071566731,74.34719535783366
International Food Policy Research Institute,ifpri,0.0,0.0,-,100.0,25.0,0.0,0.0,-,100.0,25.0
International Foundation for Electoral Systems,ifes,50.0,0.0,100.0,100.0,62.5,50.0,0.0,100.0,100.0,62.5
International Fund for Agricultural Development (IFAD),ifad,99.08561928512053,98.72013651877133,100.0,0.0,74.45143895097297,99.08561928512053,98.72013651877133,100.0,0.0,74.45143895097297
International IDEA,idea,0.0,100.0,0.0,0.07564296520423601,25.01891074130106,0.0,100.0,0.0,0.07564296520423601,25.01891074130106
International Indigenous Women Forum,fimi_iiwf_2019,20.0,60.0,100.0,100.0,70.0,20.0,60.0,100.0,100.0,70.0
International Initiative for Impact Evaluation,3ie,0.0,100.0,100.0,100.0,75.0,0.0,100.0,100.0,100.0,75.0
International Institute for Environment and Development,iied,50.0,100.0,14.285714285714285,100.0,66.07142857142857,50.0,100.0,14.285714285714285,100.0,66.07142857142857
International Institute of Tropical Agriculture (IITA),iita_2022,100.0,100.0,0.0,100.0,75.0,100.0,100.0,0.0,100.0,75.0
International Labour Organization (ILO),ilo,-,-,-,-,0.0,-,-,-,-,0.0
International Media Support,ims,0.0,0.0,100.0,100.0,50.0,0.0,0.0,100.0,100.0,50.0
International Medical Corps UK,imc_uk,50.0,-,-,83.33333333333334,33.333333333333336,50.0,-,-,83.33333333333334,33.333333333333336
International Monetary Fund,imf,0.0,97.36842105263158,-,100.0,49.34210526315789,0.0,97.36842105263158,-,100.0,49.34210526315789
International Nepal Fellowship Nepal,infnepal,-,-,-,-,0.0,-,-,-,-,0.0
International Network for Advancing Science and Policy,inasp,-,-,-,-,0.0,-,-,-,-,0.0
International Network for Bamboo and Rattan (INBAR),inbar,0.0,0.0,-,57.14285714285714,14.285714285714285,0.0,0.0,-,57.14285714285714,14.285714285714285
International Network of People who Use Drugs (INPUD),inpud_admin,100.0,87.5,100.0,100.0,96.875,100.0,87.5,100.0,100.0,96.875
International NGO Safety Organisation,inso,0.0,66.66666666666666,0.0,100.0,41.666666666666664,0.0,66.66666666666666,0.0,100.0,41.666666666666664
International Organization for Migration (IOM),iom,100.0,98.93719806763285,100.0,100.0,99.73429951690821,100.0,98.93719806763285,100.0,100.0,99.73429951690821
International Peace Information Service,ipis,100.0,100.0,100.0,100.0,100.0,100.0,100.0,100.0,100.0,100.0
International Planned Parenthood Federation,ippf,33.33333333333333,80.76923076923077,78.57142857142857,44.44444444444444,59.279609279609275,33.33333333333333,80.76923076923077,78.57142857142857,44.44444444444444,59.279609279609275
International Potato Center,cip,-,-,-,-,0.0,-,-,-,-,0.0
International Primary Care Respiratory Group,ipcrg,-,-,-,-,0.0,-,-,-,-,0.0
International Procurement Agency,ipa,0.0,62.5,-,62.5,31.25,0.0,62.5,-,100.0,40.625
International Rescue Committee UK,irc_uk,62.264150943396224,76.47058823529412,29.545454545454547,83.01886792452831,62.824765412168304,62.264150943396224,76.47058823529412,29.545454545454547,83.01886792452831,62.824765412168304
International Service,unais,0.0,100.0,0.0,100.0,50.0,0.0,100.0,0.0,100.0,50.0
International Trade Centre (ITC),itc,100.0,98.63013698630137,5.405405405405405,100.0,76.00888559792669,100.0,98.63013698630137,5.405405405405405,100.0,76.00888559792669
International Treatment Preparedness Coalition (ITPC),itpc,-,-,-,-,0.0,-,-,-,-,0.0
International Union for Conservation of Nature and Natural Resources,iucn,33.33333333333333,100.0,0.0,66.66666666666666,49.99999999999999,33.33333333333333,100.0,0.0,66.66666666666666,49.99999999999999
International Women's Development Agency,iwda,-,-,-,-,0.0,-,-,-,-,0.0
International Women's Rights Action Watch Asia Pacific,iwrawasiapacific,10.0,80.0,100.0,0.0,47.5,10.0,80.0,100.0,0.0,47.5
International Youth Alliance for Family Planning,iyafp,-,-,-,-,0.0,-,-,-,-,0.0
Internews Europe,ieu,0.0,100.0,100.0,100.0,75.0,0.0,100.0,100.0,100.0,75.0
Interpeace,interpeace,8.0,95.45454545454545,4.3478260869565215,4.0,27.950592885375492,8.0,95.45454545454545,4.3478260869565215,4.0,27.950592885375492
INTERSOS Onlus,intersos_main,0.0,100.0,100.0,0.0,50.0,0.0,100.0,100.0,0.0,50.0
INTOSAI Development Initiative,idi,-,-,-,-,0.0,-,-,-,-,0.0
INTRAC,intrac,-,-,-,-,0.0,-,-,-,-,0.0
IntraHealth International,intrahealth,-,-,-,-,0.0,-,-,-,-,0.0
InvestInternational,investinternational,79.23076923076923,71.07438016528926,100.0,96.92307692307692,86.80705657978385,79.23076923076923,71.07438016528926,100.0,96.92307692307692,86.80705657978385
IOD PARC,iodparc,0.0,92.3076923076923,7.6923076923076925,100.0,50.0,0.0,92.3076923076923,7.6923076923076925,100.0,50.0
iPartner India,ip-india,-,-,-,-,0.0,-,-,-,-,0.0
Ipas,ipas,0.0,50.0,75.0,66.66666666666666,47.916666666666664,0.0,50.0,75.0,66.66666666666666,47.916666666666664
IPE Global Limited,ipeglobal,0.0,100.0,0.0,100.0,50.0,0.0,100.0,0.0,100.0,50.0
Iraq Foundation,iraq_foundation,46.666666666666664,-,28.57142857142857,93.33333333333333,42.14285714285714,46.666666666666664,-,28.57142857142857,93.33333333333333,42.14285714285714
IRC,irc,0.0,100.0,0.0,100.0,50.0,0.0,100.0,0.0,100.0,50.0
Ireland - Department of Foreign Affairs,irishaid,0.0,100.0,100.0,100.0,75.0,0.0,100.0,100.0,100.0,75.0
IREX (International Research and Exchange Board),irex,0.0,0.0,-,100.0,25.0,0.0,0.0,-,100.0,25.0
"Iringa Development of Youth, Disabled and Children Care",idydc,-,-,-,-,0.0,-,-,-,-,0.0
Irise International,irise_int,-,-,-,-,0.0,-,-,-,-,0.0
Irrawaddy Policy Exchange,ipe,0.0,100.0,0.0,100.0,50.0,0.0,100.0,0.0,100.0,50.0
ISEAL,iseal,0.0,100.0,-,100.0,50.0,0.0,100.0,-,100.0,50.0
Islamic Development Bank,isdb,100.0,59.505541346973565,100.0,0.0,64.8763853367434,100.0,59.505541346973565,100.0,0.0,64.8763853367434
Islamic Relief Worldwide,irw,0.0,100.0,100.0,100.0,75.0,0.0,100.0,100.0,100.0,75.0
IT for Change,itforchange,100.0,100.0,100.0,100.0,100.0,100.0,100.0,100.0,100.0,100.0
Itad,itad,0.0,100.0,0.0,100.0,50.0,0.0,100.0,0.0,100.0,50.0
ITECO - Centre de formation pour le développement,iteco,100.0,100.0,100.0,100.0,100.0,100.0,100.0,100.0,100.0,100.0
IUCN Nederlands Comité,iucn_nl,90.0,90.0,100.0,100.0,95.0,90.0,90.0,100.0,100.0,95.0
Japan International Cooperation Agency (JICA),jica,100.0,0.0,-,93.66197183098592,48.41549295774648,100.0,0.0,-,93.66197183098592,48.41549295774648
Jeevika Trust,jeevika_trust,-,-,-,-,0.0,-,-,-,-,0.0
Jinja district union of persons with disabilities,jidu2021,0.0,0.0,-,100.0,25.0,0.0,0.0,-,100.0,25.0
Johns Hopkins University,gi-jhu,-,-,-,-,0.0,-,-,-,-,0.0
Join For Water,protos,100.0,100.0,100.0,100.0,100.0,100.0,100.0,100.0,100.0,100.0
Joint Nature Conservation Committee,jncc,0.0,-,-,100.0,25.0,0.0,-,-,100.0,25.0
Jordan Open Source Association,josa,-,-,-,-,0.0,-,-,-,-,0.0
Jordan River Foundation,jrf,0.0,0.0,0.0,100.0,25.0,0.0,0.0,0.0,100.0,25.0
Jordan River Foundation,jrf_2022,-,-,-,-,0.0,-,-,-,-,0.0
Joshua Orphan and Community Care,jocc_uk,0.0,100.0,0.0,100.0,50.0,0.0,100.0,0.0,100.0,50.0
JoWomenomics,jowomenomics,100.0,100.0,100.0,100.0,100.0,100.0,100.0,100.0,100.0,100.0
Just Associates,jass,100.0,100.0,100.0,100.0,100.0,100.0,100.0,100.0,100.0,100.0
Justice & Peace Netherlands,jp-nl,-,-,-,-,0.0,-,-,-,-,0.0
Justice For All Prison Fellowship Ethiopia,jfa-pfe,33.33333333333333,33.33333333333333,0.0,100.0,41.666666666666664,33.33333333333333,33.33333333333333,0.0,100.0,41.666666666666664
Kaalmo Relief and Development Organization (KARDO AID),kardo-somalia,-,-,-,-,0.0,-,-,-,-,0.0
Kadaster International,kad,0.0,0.0,-,50.0,12.5,0.0,0.0,-,100.0,25.0
Karuna Mission Social Solidarity - KMSS,kmss,-,-,-,-,0.0,-,-,-,-,0.0
Karuna Trust,karuna,0.0,100.0,100.0,100.0,75.0,0.0,100.0,100.0,100.0,75.0
Kathmandu Medical College Public Limited,kmc,-,-,-,-,0.0,-,-,-,-,0.0
Keele University,keele-university,0.0,0.0,-,100.0,25.0,0.0,0.0,-,100.0,25.0
Kemitraan Bagi Pembaruan Tata Pemerintahan,kemitraan,-,-,-,-,0.0,-,-,-,-,0.0
Kenya Community Development Foundation,kcdf,100.0,100.0,80.0,100.0,95.0,100.0,100.0,80.0,100.0,95.0
Kenya National Commission on Human Rights,knchr,0.0,0.0,-,100.0,25.0,0.0,0.0,-,100.0,25.0
Kenya Private Sector Alliance,kepsa,0.0,0.0,100.0,100.0,50.0,0.0,0.0,100.0,100.0,50.0
Kepa ry,kepa,-,-,-,-,0.0,-,-,-,-,0.0
Kerk in Actie,kerk_in_actie,100.0,100.0,100.0,100.0,100.0,100.0,100.0,100.0,100.0,100.0
Kesho Kenya,kesho_kenya,-,-,-,-,0.0,-,-,-,-,0.0
KHYBER MEDICAL UNIVERSITY,kmu,0.0,0.0,0.0,100.0,25.0,0.0,0.0,0.0,100.0,25.0
kidasha,kidasha,0.0,100.0,0.0,100.0,50.0,0.0,100.0,0.0,100.0,50.0
King Hussein Foundation,khf,100.0,100.0,100.0,100.0,100.0,100.0,100.0,100.0,100.0,100.0
King Salman Humanitarian Aid and Relief Centre,ksrelief291,0.0,99.36708860759494,100.0,99.93074792243767,74.82445913250815,0.0,99.36708860759494,100.0,99.93074792243767,74.82445913250815
King's College London,kingscollegelondon,0.0,100.0,40.0,100.0,60.0,0.0,100.0,40.0,100.0,60.0
Kisumu Medical and Education Trust,kmet,-,-,-,-,0.0,-,-,-,-,0.0
KITUO CHA SHERIA,kituo,0.0,50.0,0.0,100.0,37.5,0.0,50.0,0.0,100.0,37.5
KIYO,kiyo,100.0,100.0,100.0,100.0,100.0,100.0,100.0,100.0,100.0,100.0
Koepel van de Vlaamse Noord-Zuidbeweging 11.11.11 VZW,111111_publisher,100.0,100.0,100.0,100.0,100.0,100.0,100.0,100.0,100.0,100.0
Koninklijk Nederlands Meteorologisch Instituut,knmi,-,-,-,-,0.0,-,-,-,-,0.0
KPMG Advisory Limited (Tanzania),kpmgea,-,-,-,-,0.0,-,-,-,-,0.0
KPMG LLP,kpmgllp,0.0,0.0,0.0,0.0,0.0,0.0,0.0,0.0,0.0,0.0
Kvinna till Kvinna,ktk,66.66666666666666,66.66666666666666,100.0,100.0,83.33333333333333,66.66666666666666,66.66666666666666,100.0,100.0,83.33333333333333
KwaAfrica,kwaafrica,0.0,100.0,0.0,100.0,50.0,0.0,100.0,0.0,100.0,50.0
Kwame Nkrumah University of Science and Technology,knust,-,-,-,-,0.0,-,-,-,-,0.0
Kyiv School of Economics and Management,kse,-,-,-,-,0.0,-,-,-,-,0.0
LAMB Health Care Foundation,lhcf,0.0,100.0,0.0,100.0,50.0,0.0,100.0,0.0,100.0,50.0
Land Equity International,lei,0.0,0.0,0.0,100.0,25.0,0.0,0.0,0.0,100.0,25.0
Landell Mills,landell-mills,0.0,0.0,0.0,100.0,25.0,0.0,0.0,0.0,100.0,25.0
Larive International,larive,11.11111111111111,11.11111111111111,100.0,100.0,55.55555555555556,11.11111111111111,11.11111111111111,100.0,100.0,55.55555555555556
Laterite B.V.,laterite_bv,-,-,-,-,0.0,-,-,-,-,0.0
Laïcité et Humanisme en Afrique Centrale (LHAC),lhac,100.0,100.0,100.0,100.0,100.0,100.0,100.0,100.0,100.0,100.0
Le Monde selon les femmes asbl,mondefemmes,50.0,100.0,100.0,100.0,87.5,50.0,100.0,100.0,100.0,87.5
LEAD International,lead_international,-,-,-,-,0.0,-,-,-,-,0.0
Leaders International,lifed_admin,-,-,-,-,0.0,-,-,-,-,0.0
Leaders of Tomorrow,sqf,0.0,100.0,100.0,100.0,75.0,0.0,100.0,100.0,100.0,75.0
Learning for Life,learningforlife,-,-,-,-,0.0,-,-,-,-,0.0
Legal Action Worldwide,law,-,-,-,-,0.0,-,-,-,-,0.0
Lemann Foundation,lemann,-,-,-,-,0.0,-,-,-,-,0.0
Leonard Cheshire Disability,lcd_admin,0.0,100.0,50.0,0.0,37.5,0.0,100.0,50.0,0.0,37.5
Lepra,lepra,-,-,-,-,0.0,-,-,-,-,0.0
Liga Internacional de Mujeres por la Paz y la Libertad - Limpal Colombia,limpal-colombia,100.0,100.0,0.0,100.0,75.0,100.0,100.0,0.0,100.0,75.0
Light Castle Partners,lcp,-,-,-,-,0.0,-,-,-,-,0.0
Light For The World Belgium,lftw-be,100.0,100.0,100.0,100.0,100.0,100.0,100.0,100.0,100.0,100.0
Light for the World International,lftw-int,-,-,-,-,0.0,-,-,-,-,0.0
Link Community Development International,lcdi_admin,0.0,100.0,100.0,50.0,62.5,0.0,100.0,100.0,50.0,62.5
Link Community Development Scotland,lcds,0.0,100.0,100.0,100.0,75.0,0.0,100.0,100.0,100.0,75.0
Linking Pin Africa Ltd,lpa,-,-,-,-,0.0,-,-,-,-,0.0
"Lithuania, Ministry of Foreign Affairs",lithuania_mfa,-,-,-,-,0.0,-,-,-,-,0.0
Lively Minds,livelyminds,-,-,-,-,0.0,-,-,-,-,0.0
Liverpool School of Tropical Medicine,lstm,0.0,63.63636363636363,60.0,100.0,55.90909090909091,0.0,63.63636363636363,60.0,100.0,55.90909090909091
Living Earth Foundation,livingearth12,0.0,100.0,-,100.0,50.0,0.0,100.0,-,100.0,50.0
living peace institute,lpi,-,-,-,-,0.0,-,-,-,-,0.0
LIWA programme trust,liwa-admin,-,-,-,-,0.0,-,-,-,-,0.0
Local Development and Small Projects Support,ldsps,-,-,-,-,0.0,-,-,-,-,0.0
London Business School,lbs,-,-,-,-,0.0,-,-,-,-,0.0
London School of Economics and Political Science,lse,0.0,85.71428571428571,100.0,100.0,71.42857142857143,0.0,85.71428571428571,100.0,100.0,71.42857142857143
London School of Hygiene and Tropical Medicine,lshtm,14.285714285714285,0.0,-,92.85714285714286,26.785714285714285,14.285714285714285,0.0,-,92.85714285714286,26.785714285714285
Loughborough University,lboro,0.0,100.0,100.0,100.0,75.0,0.0,100.0,100.0,100.0,75.0
Louvain Coopération,lc,-,-,-,-,0.0,-,-,-,-,0.0
LTS International Limited,lts,0.0,100.0,100.0,71.42857142857143,67.85714285714286,0.0,100.0,100.0,71.42857142857143,67.85714285714286
Luminate Foundation Inc.,luminate,100.0,100.0,100.0,0.0,75.0,100.0,100.0,100.0,0.0,75.0
LVCT Health,lvct,-,-,-,-,0.0,-,-,-,-,0.0
M&C Saatchi,mcs_new,-,-,-,-,0.0,-,-,-,-,0.0
Maastricht School of Management,msm-ipd,-,-,-,-,0.0,-,-,-,-,0.0
MADE in Europe,mie-1134415,0.0,0.0,0.0,100.0,25.0,0.0,0.0,0.0,100.0,25.0
MAG,mag,62.5,100.0,-,100.0,65.625,62.5,100.0,-,100.0,65.625
Magariro,magariro,-,-,-,-,0.0,-,-,-,-,0.0
"Mahila Sarvangeen Utkarsh Mandal, Pune, India",masumpune_87,0.0,100.0,100.0,100.0,75.0,0.0,100.0,100.0,100.0,75.0
Mainline,mainline,-,-,-,-,0.0,-,-,-,-,0.0
Makerere University,maksph,100.0,0.0,100.0,100.0,75.0,100.0,0.0,100.0,100.0,75.0
Malaria Consortium,malariaconsortium,-,-,-,-,0.0,-,-,-,-,0.0
Malawi-Liverpool Wellcome Programme,mlw,-,-,-,-,0.0,-,-,-,-,0.0
Mama Cash,mamac,100.0,100.0,71.42857142857143,100.0,92.85714285714286,100.0,100.0,71.42857142857143,100.0,92.85714285714286
MAMTA - Health Institute for Mother and Child,mamta_himc,0.0,0.0,0.0,100.0,25.0,0.0,0.0,0.0,100.0,25.0
Mango Tree Property Management LTD,mangotree,-,-,-,-,0.0,-,-,-,-,0.0
MannionDaniels,manniondaniels,50.0,100.0,-,50.0,50.0,50.0,100.0,-,50.0,50.0
MapAction,mapaction,0.0,100.0,0.0,100.0,50.0,0.0,100.0,0.0,100.0,50.0
Marsa Sexual Health Center,marsa_welead,100.0,100.0,100.0,100.0,100.0,100.0,100.0,100.0,100.0,100.0
Mary's Meals,marysmeals,-,-,-,-,0.0,-,-,-,-,0.0
Mastercard Foundation,mastercard-foundation,-,-,-,-,0.0,-,-,-,-,0.0
Max Foundation,max-foundation,83.33333333333334,100.0,83.33333333333334,83.33333333333334,87.5,83.33333333333334,100.0,83.33333333333334,83.33333333333334,87.5
Maxwell Stamp PLC,mstamp,0.0,0.0,0.0,33.33333333333333,8.333333333333332,0.0,0.0,0.0,100.0,25.0
McKinsey & Company,mck,0.0,0.0,0.0,75.0,18.75,0.0,0.0,0.0,100.0,25.0
McKinsey Development Partners,mdp,0.0,0.0,-,100.0,25.0,0.0,0.0,-,100.0,25.0
MDF Global,mdf,100.0,100.0,100.0,100.0,100.0,100.0,100.0,100.0,100.0,100.0
MedAccess Guarantee Limited,medaccess,0.0,0.0,-,100.0,25.0,0.0,0.0,-,100.0,25.0
Medair,medair,0.0,100.0,0.0,100.0,50.0,0.0,100.0,0.0,100.0,50.0
Medecins du Monde Belgique - Dokters van de Wereld Belgïe,medecins,33.33333333333333,100.0,100.0,100.0,83.33333333333333,33.33333333333333,100.0,100.0,100.0,83.33333333333333
Medecins du Monde France,mdm-fr,0.0,0.0,-,100.0,25.0,0.0,0.0,-,100.0,25.0
Media Development Investment Fund,mdif,-,-,-,-,0.0,-,-,-,-,0.0
Media Foundation for West Africa,mfwa,100.0,100.0,100.0,100.0,100.0,100.0,100.0,100.0,100.0,100.0
"Medical Research Centre (MRC), Sierra Leone",mrc-sierra-leone,-,-,-,-,0.0,-,-,-,-,0.0
MedicineAfrica Ltd.,medafrica,-,-,-,-,0.0,-,-,-,-,0.0
Medicos del Mundo,mdm_spain,0.0,100.0,0.0,100.0,50.0,0.0,100.0,0.0,100.0,50.0
Memisa,memisa,100.0,100.0,100.0,100.0,100.0,100.0,100.0,100.0,100.0,100.0
Meningitis Research Foundation,mrf,-,-,-,-,0.0,-,-,-,-,0.0
Mensen met een Missie,mm1,94.44444444444444,100.0,100.0,100.0,98.61111111111111,94.44444444444444,100.0,100.0,100.0,98.61111111111111
Mercy Corps Europe,mce,16.666666666666664,100.0,17.647058823529413,83.33333333333334,54.411764705882355,16.666666666666664,100.0,17.647058823529413,83.33333333333334,54.411764705882355
Mercy Corps Global,mcg,-,-,-,-,0.0,-,-,-,-,0.0
Mercy Corps Netherlands,mcn,25.0,100.0,0.0,100.0,56.25,25.0,100.0,0.0,100.0,56.25
Mercy Ships UK Limited,msuk,-,-,-,-,0.0,-,-,-,-,0.0
Mercy-USA for Aid and Development,mercy-usa,0.0,100.0,-,100.0,50.0,0.0,100.0,-,100.0,50.0
MICAIA,mic-uk,0.0,50.0,0.0,100.0,37.5,0.0,50.0,0.0,100.0,37.5
Micaia Foundation,micfound,50.0,100.0,0.0,100.0,62.5,50.0,100.0,0.0,100.0,62.5
Micro Insurance Academy,mia_india,-,-,-,-,0.0,-,-,-,-,0.0
MicroLoan Foundation,mlf,-,-,-,-,0.0,-,-,-,-,0.0
Miel Maya Honing asbl,mmha,100.0,100.0,100.0,100.0,100.0,100.0,100.0,100.0,100.0,100.0
Mifumi UK,mifumi_uk,0.0,100.0,0.0,100.0,50.0,0.0,100.0,0.0,100.0,50.0
Milieudefensie,foenl,82.35294117647058,100.0,41.17647058823529,100.0,80.88235294117646,82.35294117647058,100.0,41.17647058823529,100.0,80.88235294117646
Millennium Challenge Corporation,millenniumchallenge,100.0,100.0,100.0,100.0,100.0,100.0,100.0,100.0,100.0,100.0
Millennium Water Alliance Kenya,mwa_kenya,0.0,0.0,0.0,100.0,25.0,0.0,0.0,0.0,100.0,25.0
Ministry for Housing Communities and Local Government,mhclg,0.0,100.0,-,100.0,50.0,0.0,100.0,-,100.0,50.0
Ministry of Foreign Affairs - United Arab Emirates (UAE),mofaic_uae,-,-,-,-,0.0,-,-,-,-,0.0
Ministry of Foreign Affairs of  Japan,mofa-jpn,-,-,-,-,0.0,-,-,-,-,0.0
Ministry of Foreign and European Affairs of the Slovak Republic,slovakaid,96.28332884460006,99.43441960678696,-,0.0,48.929437112846756,96.28332884460006,99.43441960678696,-,0.0,48.929437112846756
Ministère de l'Economie et des Finances du Bénin,mefbenin,-,-,-,-,0.0,-,-,-,-,0.0
Minority Rights Group,mrg,0.0,100.0,0.0,100.0,50.0,0.0,100.0,0.0,100.0,50.0
Mission Øst,missioneast,18.181818181818183,100.0,63.63636363636363,100.0,70.45454545454545,18.181818181818183,100.0,63.63636363636363,100.0,70.45454545454545
Mokoro,mko,100.0,0.0,100.0,100.0,75.0,100.0,0.0,100.0,100.0,75.0
Mondiaal FNV (Stichting),mondiaalfnv,76.59574468085107,78.72340425531915,100.0,97.87234042553192,88.29787234042553,76.59574468085107,78.72340425531915,100.0,97.87234042553192,88.29787234042553
Montrose International LLP,montrose_llp,-,-,-,-,0.0,-,-,-,-,0.0
mothers2mothers,m2m_sa,100.0,100.0,0.0,100.0,75.0,100.0,100.0,0.0,100.0,75.0
Motivation,motivation,0.0,100.0,0.0,100.0,50.0,0.0,100.0,0.0,100.0,50.0
Mott MacDonald Limited,mml,93.33333333333333,13.333333333333334,93.33333333333333,100.0,75.0,93.33333333333333,13.333333333333334,93.33333333333333,100.0,75.0
MSI Reproductive Choices,msi,100.0,100.0,100.0,100.0,100.0,100.0,100.0,100.0,100.0,100.0
Mukisa Foundation,mukisa_foundation,-,-,-,-,0.0,-,-,-,-,0.0
Mulanje Mission Hospital,mmh,0.0,100.0,0.0,100.0,50.0,0.0,100.0,0.0,100.0,50.0
Multilateral Investment Fund,fomin,-,-,-,-,0.0,-,-,-,-,0.0
Musalaha Ministry of Reconciliation,mmr_admin2,0.0,100.0,-,100.0,50.0,0.0,100.0,-,100.0,50.0
Musawah Global Vision Berhad,musawah,100.0,100.0,100.0,100.0,100.0,100.0,100.0,100.0,100.0,100.0
Muslim Aid,muslimaid,0.0,100.0,-,100.0,50.0,0.0,100.0,-,100.0,50.0
MVO Nederland,mvo_nederland,-,-,-,-,0.0,-,-,-,-,0.0
Mwatana for Human Rights,mwatana,100.0,100.0,100.0,100.0,100.0,100.0,100.0,100.0,100.0,100.0
Myanmar Trust UK,mtuk,0.0,-,0.0,100.0,25.0,0.0,-,0.0,100.0,25.0
Mzumbe University,m_u,0.0,50.0,-,100.0,37.5,0.0,50.0,-,100.0,37.5
Médecins Sans Vacances,msv,100.0,100.0,100.0,100.0,100.0,100.0,100.0,100.0,100.0,100.0
Nadji.Bi Sénégal SUARL,sn-ninea-50255162x2,0.0,0.0,100.0,100.0,50.0,0.0,0.0,100.0,100.0,50.0
NAGAAD,nagaad,100.0,100.0,100.0,100.0,100.0,100.0,100.0,100.0,100.0,100.0
Nairobi Climate Network,theclimatenetwork,-,-,-,-,0.0,-,-,-,-,0.0
"Namati, Inc",namati_inc,-,-,-,-,0.0,-,-,-,-,0.0
National Coalition of Human Rights Defenders - Kenya,nchrdk,100.0,0.0,100.0,100.0,75.0,100.0,0.0,100.0,100.0,75.0
National Democratic Institute for International Affairs,ndi,0.0,-,-,0.0,0.0,0.0,-,-,0.0,0.0
National Foundation for Educational Research,nfer,0.0,-,-,100.0,25.0,0.0,-,-,100.0,25.0
National Union of Women With Disabilities of Uganda,nuwodu,100.0,100.0,100.0,100.0,100.0,100.0,100.0,100.0,100.0,100.0
Natural Justice,nj_1,0.0,100.0,25.0,100.0,56.25,0.0,100.0,25.0,100.0,56.25
Natural Resource Governance Institute (NRGI),nrgi,-,-,-,-,0.0,-,-,-,-,0.0
"Natural Resources Institute, University of Greenwich.",nri,18.181818181818183,30.0,0.0,27.27272727272727,18.863636363636363,18.181818181818183,30.0,0.0,27.27272727272727,18.863636363636363
Nature and Development Foundation,ndf_fgm,-,-,-,-,0.0,-,-,-,-,0.0
NatureFinance,nf2022,0.0,0.0,100.0,100.0,50.0,0.0,0.0,100.0,100.0,50.0
Navrongo Health Research Centre,nhrc,-,-,-,-,0.0,-,-,-,-,0.0
Near East Foundation (NEF USA),nef_usa,-,-,-,-,0.0,-,-,-,-,0.0
Near East Foundation Mali (NEF Mali),nef_mali,-,-,-,-,0.0,-,-,-,-,0.0
Near East Foundation UK (NEF UK),nef-uk,-,-,-,-,0.0,-,-,-,-,0.0
Neem Foundation,neem,-,-,-,-,0.0,-,-,-,-,0.0
Neopenda,neopenda,0.0,0.0,100.0,100.0,50.0,0.0,0.0,100.0,100.0,50.0
Neotree,nt_2024,0.0,100.0,0.0,100.0,50.0,0.0,100.0,0.0,100.0,50.0
Nepal Disabled Human Rights Center,dhrc_nepal,0.0,100.0,100.0,100.0,75.0,0.0,100.0,100.0,100.0,75.0
Nepal Netra Jyoti Sangh,nnjs_nepal,-,-,-,-,0.0,-,-,-,-,0.0
Nesta,nesta,-,-,-,-,0.0,-,-,-,-,0.0
Netherlands - Ministry of Foreign Affairs,minbuza_nl,100.0,99.67897271268058,100.0,100.0,99.91974317817014,100.0,99.67897271268058,100.0,100.0,99.91974317817014
Netherlands Advisory Board on Impact Investing,thenab,0.0,80.0,0.0,100.0,45.0,0.0,80.0,0.0,100.0,45.0
Netherlands Commission for Environmental Assessment,ncea,66.66666666666666,88.88888888888889,100.0,11.11111111111111,66.66666666666666,66.66666666666666,88.88888888888889,100.0,11.11111111111111,66.66666666666666
Netherlands Enterprise Agency (RVO),rvo,93.33333333333333,98.73417721518987,98.24399260628466,98.24399260628466,97.13887394027314,93.33333333333333,98.73417721518987,98.24399260628466,98.24399260628466,97.13887394027314
Netherlands Food Partnership,nfp,100.0,100.0,20.0,100.0,80.0,100.0,100.0,20.0,100.0,80.0
Netherlands Institute for Multiparty Democracy (NIMD),nimd-hq,67.64705882352942,52.94117647058824,100.0,100.0,80.14705882352942,67.64705882352942,52.94117647058824,100.0,100.0,80.14705882352942
Netherlands Organisation for Scientific Research (NWO),nwo,66.66666666666666,33.33333333333333,66.66666666666666,100.0,66.66666666666666,66.66666666666666,33.33333333333333,66.66666666666666,100.0,66.66666666666666
Netherlands Red Cross,nlrc,19.51219512195122,100.0,74.07407407407408,100.0,73.39656729900632,19.51219512195122,100.0,74.07407407407408,100.0,73.39656729900632
Netherlands Space Office,nso,-,-,-,-,0.0,-,-,-,-,0.0
Netherlands Water Partnership,nwp,-,-,-,-,0.0,-,-,-,-,0.0
Network for Africa,network4africa,-,-,-,-,0.0,-,-,-,-,0.0
Network For Enterprise Enhancement and Development Support,needs,-,-,-,-,0.0,-,-,-,-,0.0
Nevadic Limited,nvd_12,-,-,-,-,0.0,-,-,-,-,0.0
New Digital Trade Coalition Inc.,new_digital_trade_coalition,-,-,-,-,0.0,-,-,-,-,0.0
New York University,nyu,-,-,-,-,0.0,-,-,-,-,0.0
New Zealand - Ministry of Foreign Affairs and Trade - New Zealand Aid Programme,mfat,32.655367231638415,99.8699609882965,100.0,27.90960451977401,65.10873318492723,32.655367231638415,99.8699609882965,100.0,27.90960451977401,65.10873318492723
NGO Federation of Nepal,nfn,-,-,-,-,0.0,-,-,-,-,0.0
Ngo-federatie (Vlaamse federatie van ngo's voor ontwikkelingssamenwerking),ngo-federatie,100.0,100.0,100.0,100.0,100.0,100.0,100.0,100.0,100.0,100.0
Niger Delta Stakeholders Initiative for Community Development and Empowerment,ndsicde,0.0,100.0,100.0,100.0,75.0,0.0,100.0,100.0,100.0,75.0
NIRAS A/S,niras,-,-,-,-,0.0,-,-,-,-,0.0
NIRAS Group (UK) Limited,niras_uk,0.0,83.33333333333334,50.0,71.42857142857143,51.19047619047619,0.0,83.33333333333334,50.0,71.42857142857143,51.19047619047619
NKHOMA MISSION HOSPITAL,nmhiati,-,-,-,-,0.0,-,-,-,-,0.0
NLR,nlr,100.0,100.0,100.0,0.0,75.0,100.0,100.0,100.0,0.0,75.0
NLR Indonesia,nlr_indonesia,-,-,-,-,0.0,-,-,-,-,0.0
Non-Timber Forest Products Exchange Programme,ntfp-ep,100.0,100.0,14.285714285714285,100.0,78.57142857142857,100.0,100.0,14.285714285714285,100.0,78.57142857142857
Nonviolent Peaceforce South Sudan,npss,66.66666666666666,50.0,100.0,16.666666666666664,58.33333333333333,66.66666666666666,50.0,100.0,16.666666666666664,58.33333333333333
Norad - Norwegian Agency for Development Cooperation,norad,99.92041384799045,99.09221213569039,100.0,99.80103461997612,99.70341515091424,99.92041384799045,99.09221213569039,100.0,99.80103461997612,99.70341515091424
NORSAAC,norsaac,100.0,100.0,100.0,100.0,100.0,100.0,100.0,100.0,100.0,100.0
Northern Ireland Cooperation Overseas Ltd,nico,-,-,-,-,0.0,-,-,-,-,0.0
Northern Network for Education Development,nned,0.0,20.0,0.0,80.0,25.0,0.0,20.0,0.0,80.0,25.0
Northern Rangelands Trust,nrt-kenya,-,-,-,-,0.0,-,-,-,-,0.0
Norwegian People's Aid,npa,50.0,50.0,100.0,100.0,75.0,50.0,50.0,100.0,100.0,75.0
Norwegian Refugee Council,nrc,20.0,100.0,22.22222222222222,86.66666666666667,57.22222222222223,20.0,100.0,22.22222222222222,86.66666666666667,57.22222222222223
"NpM, Platform for Inclusive Finance",npm,0.0,33.33333333333333,0.0,100.0,33.33333333333333,0.0,33.33333333333333,0.0,100.0,33.33333333333333
Nuffic,nuffic20171017,100.0,100.0,100.0,0.0,75.0,100.0,100.0,100.0,0.0,75.0
Nutrition International,nutritionintl,-,-,-,-,0.0,-,-,-,-,0.0
Obodo Centre for Advocacy and Equal Rights,obodo_ng,0.0,100.0,-,100.0,50.0,0.0,100.0,-,100.0,50.0
Ocean Risk and Resilience Action Alliance,orraa_inc,52.94117647058824,35.294117647058826,-,200.0,72.05882352941177,52.94117647058824,35.294117647058826,-,200.0,72.05882352941177
OCHA Country Based Pooled Funds,unocha-cbpf,100.0,79.04142973192526,0.0,100.0,69.76035743298132,100.0,79.04142973192526,0.0,100.0,69.76035743298132
ODI Global,odi,100.0,100.0,75.0,100.0,93.75,100.0,100.0,75.0,100.0,93.75
ODI Global Advisory Ltd,odi_sales_ltd,100.0,100.0,75.0,100.0,93.75,100.0,100.0,75.0,100.0,93.75
OECD,oecd,0.0,100.0,0.0,100.0,50.0,0.0,100.0,0.0,100.0,50.0
Office for National Statistics,ons,0.0,100.0,100.0,100.0,75.0,0.0,100.0,100.0,100.0,75.0
Okapi Consulting,okapiconsulting,0.0,0.0,-,0.0,0.0,0.0,0.0,-,0.0,0.0
Olamma Cares Foundation,olammacares,-,-,-,-,0.0,-,-,-,-,0.0
Omidyar Network Fund Inc.,omidyarnetwork,-,-,-,-,0.0,-,-,-,-,0.0
One Acre Fund,oneacrefund,0.0,0.0,0.0,100.0,25.0,0.0,0.0,0.0,100.0,25.0
One to One Children's Fund,onetoonecf,-,-,-,-,0.0,-,-,-,-,0.0
One Young World,oyw,0.0,0.0,-,100.0,25.0,0.0,0.0,-,100.0,25.0
ONG ALCRER,alcrer-1,-,-,-,-,0.0,-,-,-,-,0.0
Open Capital Advisors,oca,-,-,-,-,0.0,-,-,-,-,0.0
openmindedly,openmindedly,-,-,-,-,0.0,-,-,-,-,0.0
OpenNorth,opennorth,-,-,-,-,0.0,-,-,-,-,0.0
Opportunity International Savings and Loans Ltd,oisl_gh,0.0,100.0,-,100.0,50.0,0.0,100.0,-,100.0,50.0
Opportunity International UK,opportunity-international-uk,20.0,60.0,40.0,100.0,55.0,20.0,60.0,40.0,100.0,55.0
Options Consultancy Services,options,0.0,100.0,100.0,100.0,75.0,0.0,100.0,100.0,100.0,75.0
Orbis Africa,orbis_africa,-,-,-,-,0.0,-,-,-,-,0.0
Orbis Charitable Trust,orbis_uk,-,-,-,-,0.0,-,-,-,-,0.0
Orbis Ethiopia,orbis_ethiopia,-,-,-,-,0.0,-,-,-,-,0.0
Orbis International,orbis_international,-,-,-,-,0.0,-,-,-,-,0.0
Organizacion para la Educacion y Proteccion Ambiental -OpEPA-,opepa,0.0,100.0,-,100.0,50.0,0.0,100.0,-,100.0,50.0
OurLoop Stitchting,loop,0.0,100.0,0.0,100.0,50.0,0.0,100.0,0.0,100.0,50.0
Outreach Egypt,outreach_egypt,-,-,-,-,0.0,-,-,-,-,0.0
Oxfam America,oxfamus,0.0,89.74358974358975,-,100.0,47.43589743589744,0.0,89.74358974358975,-,100.0,47.43589743589744
Oxfam Australia,oau,0.0,98.91304347826086,100.0,98.91304347826086,74.45652173913044,0.0,98.91304347826086,100.0,98.91304347826086,74.45652173913044
Oxfam GB,oxfamgb,78.76106194690266,100.0,100.0,99.5575221238938,94.57964601769912,78.76106194690266,100.0,100.0,99.5575221238938,94.57964601769912
Oxfam IBIS,ibis_denmark,0.0,84.0,100.0,96.42857142857143,70.10714285714286,0.0,84.0,100.0,96.42857142857143,70.10714285714286
Oxfam India,oxfamindia,-,-,-,-,0.0,-,-,-,-,0.0
Oxfam Intermón,oxfamintermon,0.0,0.0,100.0,100.0,50.0,0.0,0.0,100.0,100.0,50.0
Oxfam Novib,onl,0.0,99.1304347826087,86.79867986798679,99.20774647887323,71.28421528236719,0.0,99.1304347826087,86.79867986798679,99.20774647887323,71.28421528236719
Oxfam Solidarité-Solidariteit,oxsol,100.0,100.0,100.0,100.0,100.0,100.0,100.0,100.0,100.0,100.0
Oxfam Wereldwinkels,oww,100.0,100.0,100.0,100.0,100.0,100.0,100.0,100.0,100.0,100.0
Oxfam-Magasins du monde (omdm),omdm,100.0,100.0,100.0,100.0,100.0,100.0,100.0,100.0,100.0,100.0
Oxfam-Quebec,oqc,0.0,100.0,100.0,100.0,75.0,0.0,100.0,100.0,100.0,75.0
Oxford Policy Management,opml,0.0,50.0,100.0,92.85714285714286,60.714285714285715,0.0,50.0,100.0,92.85714285714286,60.714285714285715
Pact,pact,100.0,0.0,-,0.0,25.0,100.0,0.0,-,0.0,25.0
Pakistan Institute of Living & Learning,pill,0.0,0.0,-,0.0,0.0,0.0,0.0,-,0.0,0.0
Palestinian Working Women Society for Development,pwwsd_2022,100.0,100.0,100.0,100.0,100.0,100.0,100.0,100.0,100.0,100.0
Palladium Europe,palladium_eur,100.0,100.0,0.0,100.0,75.0,100.0,100.0,0.0,100.0,75.0
Palladium International Ltd (UK),palladium,58.333333333333336,100.0,39.130434782608695,100.0,74.3659420289855,58.333333333333336,100.0,39.130434782608695,100.0,74.3659420289855
Palliative Care Association of Malawi,pacam,-,-,-,-,0.0,-,-,-,-,0.0
Palliative Care Support Trust,pcst,0.0,100.0,50.0,100.0,62.5,0.0,100.0,50.0,100.0,62.5
Pan Africa ILGA,pai155669,100.0,100.0,-,100.0,75.0,100.0,100.0,-,100.0,75.0
Pan African Climate Justice Alliance,pacja,100.0,100.0,100.0,100.0,100.0,100.0,100.0,100.0,100.0,100.0
Panos Institute West Africa (PIWA),ipao,0.0,24.137931034482758,-,13.793103448275861,9.482758620689655,0.0,24.137931034482758,-,13.793103448275861,9.482758620689655
Paradigm Initiative,paradigm,0.0,-,100.0,100.0,50.0,0.0,-,100.0,100.0,50.0
Parhelion Underwriting Limited,pul,0.0,100.0,-,100.0,50.0,0.0,100.0,-,100.0,50.0
Particip GmbH,particip,-,-,-,-,0.0,-,-,-,-,0.0
Partnership for African Social & Governance Research (PASGR),pasgr,-,-,-,-,0.0,-,-,-,-,0.0
partos,partos_nl,71.42857142857143,100.0,83.33333333333334,85.71428571428571,85.11904761904762,71.42857142857143,100.0,83.33333333333334,85.71428571428571,85.11904761904762
Pastoralist Girls Initiative,pgi_kenya,-,-,-,-,0.0,-,-,-,-,0.0
PATH,_path_,0.0,33.33333333333333,0.0,66.66666666666666,24.999999999999996,0.0,33.33333333333333,0.0,66.66666666666666,24.999999999999996
Pathfinder International,pathfinder1,50.0,100.0,100.0,100.0,87.5,50.0,100.0,100.0,100.0,87.5
PATTIRO,pattiro,-,-,-,-,0.0,-,-,-,-,0.0
PAX,pax,53.57142857142857,100.0,88.88888888888889,82.14285714285714,81.15079365079364,53.57142857142857,100.0,88.88888888888889,82.14285714285714,81.15079365079364
PCP Uganda Limited,pcp-ug_125289,0.0,0.0,100.0,100.0,50.0,0.0,0.0,100.0,100.0,50.0
Peace Brigades International,pbi_io,-,-,-,-,0.0,-,-,-,-,0.0
Peace Corp,peace,99.20424403183023,100.0,100.0,0.0,74.80106100795756,99.20424403183023,100.0,100.0,0.0,74.80106100795756
Peace Direct,peacedirect,50.0,100.0,100.0,100.0,87.5,50.0,100.0,100.0,100.0,87.5
Peaceful Change initiative,pci,0.0,100.0,-,100.0,50.0,0.0,100.0,-,100.0,50.0
PEAS (Promoting Equality in African Schools),peas,0.0,100.0,0.0,66.66666666666666,41.666666666666664,0.0,100.0,0.0,100.0,50.0
Pegasys Limited,pegasys-eu,100.0,100.0,0.0,100.0,75.0,100.0,100.0,0.0,100.0,75.0
Penal Reform International,pri,0.0,100.0,0.0,100.0,50.0,0.0,100.0,0.0,100.0,50.0
People In Aid,peopleinaid,0.0,100.0,0.0,100.0,50.0,0.0,100.0,0.0,100.0,50.0
People in Need,pin,100.0,100.0,0.0,100.0,75.0,100.0,100.0,0.0,100.0,75.0
People's Process on Housing and Poverty in Zambia,pphpz,100.0,100.0,100.0,100.0,100.0,100.0,100.0,100.0,100.0,100.0
Perhimpunan Pengembangan Media Nusantara,ja_ppmn,100.0,100.0,100.0,100.0,100.0,100.0,100.0,100.0,100.0,100.0
PHASE Nepal,phase-nepal,-,-,-,-,0.0,-,-,-,-,0.0
PHASE Worldwide,phase_worldwide,0.0,100.0,0.0,100.0,50.0,0.0,100.0,0.0,100.0,50.0
PHYSICIANS ACROSS CONTINENTS (PAC),pac_som,-,-,-,-,0.0,-,-,-,-,0.0
piermarc,piermarc,0.0,-,-,100.0,25.0,0.0,-,-,100.0,25.0
Plan International Belgium,pib,100.0,100.0,100.0,100.0,100.0,100.0,100.0,100.0,100.0,100.0
Plan International Finland,planinternationalfinland,-,-,-,-,0.0,-,-,-,-,0.0
Plan International Netherlands,plannlno,72.1311475409836,98.11320754716981,85.45454545454545,96.72131147540983,88.10505300452718,72.1311475409836,98.11320754716981,85.45454545454545,96.72131147540983,88.10505300452718
Plan International UK,plan_uk,62.5,84.61538461538461,0.0,87.5,58.65384615384615,62.5,84.61538461538461,0.0,87.5,58.65384615384615
Plan International USA,plan_usa,-,-,-,-,0.0,-,-,-,-,0.0
Plan Ireland Charitable Assistance Limited,plan_ireland,-,-,-,-,0.0,-,-,-,-,0.0
PlanBørnefonden,plb,0.0,85.71428571428571,100.0,100.0,71.42857142857143,0.0,85.71428571428571,100.0,100.0,71.42857142857143
Plataforma Moçambicana da Água (PLAMA),plama,-,-,-,-,0.0,-,-,-,-,0.0
Plateforme des Acteurs de la Société Civile au BENIN,pascib_benin,100.0,100.0,100.0,100.0,100.0,100.0,100.0,100.0,100.0,100.0
PONT,pont,-,-,-,-,0.0,-,-,-,-,0.0
Pontis Foundation,pontis,-,-,-,-,0.0,-,-,-,-,0.0
Population Media Center,pmc,0.0,0.0,0.0,50.0,12.5,0.0,0.0,0.0,50.0,12.5
Population Service International,psi,28.57142857142857,28.57142857142857,66.66666666666666,71.42857142857143,48.80952380952381,28.57142857142857,28.57142857142857,66.66666666666666,71.42857142857143,48.80952380952381
Population Services and Training Centre (PSTC),pstc_1102,0.0,0.0,50.0,100.0,37.5,0.0,0.0,50.0,100.0,37.5
Population Services Kenya,pskenya_19,0.0,73.68421052631578,0.0,100.0,43.421052631578945,0.0,73.68421052631578,0.0,100.0,43.421052631578945
Positive Vibes Trust,pv,12.5,87.5,100.0,100.0,75.0,12.5,87.5,100.0,100.0,75.0
PositiveNegatives,posneg,0.0,100.0,0.0,100.0,50.0,0.0,100.0,0.0,100.0,50.0
Power International,power,0.0,100.0,-,100.0,50.0,0.0,100.0,-,100.0,50.0
PPAG,ppag_123,-,-,-,-,0.0,-,-,-,-,0.0
PRACTICA Foundation,practica,-,-,-,-,0.0,-,-,-,-,0.0
Practical Action,pa,0.0,98.30508474576271,100.0,100.0,74.57627118644068,0.0,98.30508474576271,100.0,100.0,74.57627118644068
Pragya India,pragya,-,-,-,-,0.0,-,-,-,-,0.0
Première Urgence Internationale,premiere-urgence,100.0,-,-,100.0,50.0,100.0,-,-,100.0,50.0
PRI Association,pri_icf,-,-,-,-,0.0,-,-,-,-,0.0
PricewaterhouseCoopers Private Limited India,pwcplindia,0.0,80.0,40.0,100.0,55.0,0.0,80.0,40.0,100.0,55.0
Prince Claus Fund,pcf,0.0,0.0,0.0,52.0,13.0,0.0,0.0,0.0,52.0,13.0
Private Infrastructure Development Group,pidg,92.06349206349206,9.580838323353294,95.45454545454545,100.0,74.2747189603477,92.06349206349206,9.580838323353294,95.45454545454545,100.0,74.2747189603477
PRO-FEMMES TWESE HAMWE,profemmes,-,-,-,100.0,25.0,-,-,-,100.0,25.0
Programming Their Future,p-t-f-,-,-,-,-,0.0,-,-,-,-,0.0
Progressio (closed),progressio,0.0,100.0,0.0,0.0,25.0,0.0,100.0,0.0,50.0,37.5
Project Harar,phe,-,-,-,-,0.0,-,-,-,-,0.0
Projet Jeune Leader,pjl,0.0,100.0,-,100.0,50.0,0.0,100.0,-,100.0,50.0
Promundo-US,pmo-us,100.0,100.0,100.0,100.0,100.0,100.0,100.0,100.0,100.0,100.0
Prospero Limited,prospero,0.0,0.0,-,100.0,25.0,0.0,0.0,-,100.0,25.0
Protecting Families Against HIV/AIDS,prefa_1,0.0,100.0,100.0,100.0,75.0,0.0,100.0,100.0,100.0,75.0
PT Arup Indonesia,ptarupidn,-,-,-,-,0.0,-,-,-,-,0.0
PUBLIC HEALTH FOUNDATION OF INDIA,phfi,0.0,0.0,-,0.0,0.0,0.0,0.0,-,0.0,0.0
Public International Law & Policy Group,pilpg,0.0,0.0,-,100.0,25.0,0.0,0.0,-,100.0,25.0
Publish What You Fund,pwyf,0.0,100.0,0.0,0.0,25.0,0.0,100.0,0.0,0.0,25.0
PUM Netherlands,pumnl,2.564102564102564,97.2972972972973,100.0,2.564102564102564,50.606375606375614,2.564102564102564,97.2972972972973,100.0,2.564102564102564,50.606375606375614
Pump Aid,pumpaid,100.0,100.0,100.0,100.0,100.0,100.0,100.0,100.0,100.0,100.0
PwC,pwc,0.0,75.0,100.0,50.0,56.25,0.0,75.0,100.0,50.0,56.25
Queen Rania Foundation for Education and Development,qrfed,0.0,100.0,-,0.0,25.0,0.0,100.0,-,0.0,25.0
Quinoa,quinoa,100.0,100.0,100.0,100.0,100.0,100.0,100.0,100.0,100.0,100.0
Rabo Foundation,rabofoundation,-,-,-,-,0.0,-,-,-,-,0.0
Rabo Partnerships,rabo_partnerships,0.0,0.0,100.0,100.0,50.0,0.0,0.0,100.0,100.0,50.0
Radio La Benevolencija,rlb,100.0,100.0,100.0,100.0,100.0,100.0,100.0,100.0,100.0,100.0
Radios Rurales Internationales,bfrri,-,-,-,-,0.0,-,-,-,-,0.0
Rahnuma-Family Planning Assocation of Pakistan,rfpap,-,-,-,-,0.0,-,-,-,-,0.0
Railway Children,rc,0.0,100.0,0.0,100.0,50.0,0.0,100.0,0.0,100.0,50.0
Railway Children Africa,rc2africa,0.0,100.0,0.0,100.0,50.0,0.0,100.0,0.0,100.0,50.0
RAIN Foundation (former),rainfoundation,6.666666666666667,80.0,-,100.0,46.66666666666667,6.666666666666667,80.0,-,100.0,46.66666666666667
Rainbow Railroad,rr_qfdi,0.0,0.0,-,100.0,25.0,0.0,0.0,-,100.0,25.0
Rainforest Action Network,ran,100.0,100.0,100.0,100.0,100.0,100.0,100.0,100.0,100.0,100.0
Rainforest Alliance,rainforest-alliance,0.0,100.0,0.0,100.0,50.0,0.0,100.0,0.0,100.0,50.0
Rainforest Foundation UK,rfuk,-,-,-,-,0.0,-,-,-,-,0.0
Rainwater Association of Somalia-RAAS,inforaas,-,-,-,-,0.0,-,-,-,-,0.0
Raleigh International,raleigh_int,50.0,100.0,0.0,100.0,62.5,50.0,100.0,0.0,100.0,62.5
RCN Justice & Démocratie,rcn,100.0,100.0,100.0,100.0,100.0,100.0,100.0,100.0,100.0,100.0
Reach A Hand Uganda,rahuug,0.0,91.66666666666666,-,0.0,22.916666666666664,0.0,91.66666666666666,-,0.0,22.916666666666664
Reach Digital Health NPC,rdh,0.0,-,100.0,100.0,50.0,0.0,-,100.0,100.0,50.0
READ Foundation,read-foundation,0.0,100.0,100.0,100.0,75.0,0.0,100.0,100.0,100.0,75.0
Red Cross Red Crescent Climate Centre,climate_centre,-,-,-,-,0.0,-,-,-,-,0.0
Red Umbrella Fund,ruf,69.23076923076923,100.0,10.0,100.0,69.8076923076923,69.23076923076923,100.0,10.0,100.0,69.8076923076923
RedOrange Media and Communications,redorange,-,-,-,-,0.0,-,-,-,-,0.0
RedR UK,redruk,-,-,-,-,0.0,-,-,-,-,0.0
Regional Advisory Information and Network Systems,rains,0.0,100.0,100.0,100.0,75.0,0.0,100.0,100.0,100.0,75.0
"Rehabilitation, Education and Community Health (REACH)",reach-iraq,0.0,50.0,0.0,100.0,37.5,0.0,50.0,0.0,100.0,37.5
Relief International France,ri_france,0.0,100.0,-,100.0,50.0,0.0,100.0,-,100.0,50.0
Relief International UK,ri-uk,50.0,100.0,25.0,100.0,68.75,50.0,100.0,25.0,100.0,68.75
Rene Moawad Foundation,rmf-lb,100.0,100.0,100.0,100.0,100.0,100.0,100.0,100.0,100.0,100.0
Republic of Korea,odakorea,-,-,-,-,0.0,-,-,-,-,0.0
Resilience,resilience,-,-,-,-,0.0,-,-,-,-,0.0
Resonate! Yemen,rymn,0.0,100.0,100.0,100.0,75.0,0.0,100.0,100.0,100.0,75.0
Resource Extraction Monitoring,rem,-,-,-,-,0.0,-,-,-,-,0.0
Responsible Mining Foundation,rmf,-,-,-,-,0.0,-,-,-,-,0.0
Restart Center,restartcenter,0.0,0.0,0.0,100.0,25.0,0.0,0.0,0.0,100.0,25.0
Restless Development,restless,25.0,100.0,50.0,100.0,68.75,25.0,100.0,50.0,100.0,68.75
Results for Development,r4d,0.0,100.0,-,100.0,50.0,0.0,100.0,-,100.0,50.0
Retrak,retrak,-,-,-,-,0.0,-,-,-,-,0.0
Right to Play Netherlands Foundation,rtp,-,-,-,-,0.0,-,-,-,-,0.0
Right To Play UK,rtp_uk,0.0,100.0,-,100.0,50.0,0.0,100.0,-,100.0,50.0
Rights and Resources Initaitive,rri,0.0,100.0,0.0,100.0,50.0,0.0,100.0,0.0,100.0,50.0
Rijksakademie van beeldende kunsten,rabk,0.0,100.0,0.0,100.0,50.0,0.0,100.0,0.0,100.0,50.0
Rikolto,rikolto,100.0,100.0,100.0,100.0,100.0,100.0,100.0,100.0,100.0,100.0
Rikolto in Belgium,rikolto_belgium,-,-,-,-,0.0,-,-,-,-,0.0
Riverrecycle Oy,riverrecycle,100.0,100.0,0.0,100.0,75.0,100.0,100.0,0.0,100.0,75.0
Rocky Mountain Institute,rmi,-,-,-,-,0.0,-,-,-,-,0.0
Rode Kruis-Vlaanderen Internationaal vzw,rkiv,100.0,100.0,100.0,100.0,100.0,100.0,100.0,100.0,100.0,100.0
Rojiroti UK,rojiroti,-,-,-,-,0.0,-,-,-,-,0.0
Romania Ministry of Foreign Affairs,uasd,-,-,-,-,0.0,-,-,-,-,0.0
Rotary Clubs For Development,rc4d,-,-,-,-,0.0,-,-,-,-,0.0
Royal Botanic Gardens Kew,rbg_kew,100.0,100.0,100.0,100.0,100.0,100.0,100.0,100.0,100.0,100.0
Royal College of General Practitioners (RCGP),rcgp-international,-,-,-,-,0.0,-,-,-,-,0.0
Royal College of Obstetricians & Gynaecologists,rcog_resilience_in_obstetric_skills,0.0,100.0,-,100.0,50.0,0.0,100.0,-,100.0,50.0
Royal Commonwealth Ex-Sevices League,rcel,0.0,100.0,0.0,100.0,50.0,0.0,100.0,0.0,100.0,50.0
Royal Institute of International Affairs,riia,0.0,50.0,0.0,100.0,37.5,0.0,50.0,0.0,100.0,37.5
Royal National Lifeboat Institution (RNLI),rnli_international,0.0,0.0,100.0,100.0,50.0,0.0,0.0,100.0,100.0,50.0
Royal Netherlands Football Association,knvb,-,-,-,-,0.0,-,-,-,-,0.0
Royal Society for the Protection of Birds,rspb_,-,-,-,-,0.0,-,-,-,-,0.0
Royal Society of Tropical Medicine & Hygiene,rstmh,-,-,-,-,0.0,-,-,-,-,0.0
Royal Tropical Institute,kit,56.52173913043478,82.6086956521739,45.0,95.65217391304348,69.94565217391305,56.52173913043478,82.6086956521739,45.0,95.65217391304348,69.94565217391305
RUAF Foundation,ruaf,-,-,-,-,0.0,-,-,-,-,0.0
Rutgers,rutgers,70.0,100.0,100.0,96.66666666666667,91.66666666666667,70.0,100.0,100.0,96.66666666666667,91.66666666666667
RWENZORI ANTI CORRUP0TION COALITION,rac-001,-,-,-,-,0.0,-,-,-,-,0.0
Sabre Education Limited,sct,100.0,100.0,0.0,100.0,75.0,100.0,100.0,0.0,100.0,75.0
Saferworld,saferworld,87.5,92.85714285714286,92.85714285714286,92.85714285714286,91.51785714285714,87.5,92.85714285714286,92.85714285714286,92.85714285714286,91.51785714285714
Samaritan's Purse UK,spuk,100.0,100.0,100.0,100.0,100.0,100.0,100.0,100.0,100.0,100.0
Samir Kassir Foundation,skf,-,-,-,-,0.0,-,-,-,-,0.0
Sana'a Center for Strategic Studies,scss,0.0,50.0,100.0,100.0,62.5,0.0,50.0,100.0,100.0,62.5
Satellite Applications Catapult Ltd,satelliteapplicationscatapultltd,0.0,0.0,0.0,100.0,25.0,0.0,0.0,0.0,100.0,25.0
Savana Signatures,savsign-org,-,-,-,-,0.0,-,-,-,-,0.0
Save the Children DK,redbarnet,0.0,89.1891891891892,100.0,94.5945945945946,70.94594594594595,0.0,89.1891891891892,100.0,94.5945945945946,70.94594594594595
Save the Children International,sci,-,-,-,-,0.0,-,-,-,-,0.0
Save the Children Netherlands,scnl,95.91836734693877,0.0,100.0,97.95918367346938,73.46938775510203,95.91836734693877,0.0,100.0,97.95918367346938,73.46938775510203
Save the Children UK,scuk,39.285714285714285,26.666666666666668,0.0,39.285714285714285,26.30952380952381,39.285714285714285,26.666666666666668,0.0,39.285714285714285,26.30952380952381
SCI Projets Internationaux ASBL_Service Civil International branche belge,scibelgium,100.0,100.0,100.0,100.0,100.0,100.0,100.0,100.0,100.0,100.0
Science for Africa Foundation,sfa_foundation,-,-,-,-,0.0,-,-,-,-,0.0
SCOPEinsight B.V.,scopeinsight,33.33333333333333,100.0,100.0,100.0,83.33333333333333,33.33333333333333,100.0,100.0,100.0,83.33333333333333
Scotland's International Development Alliance,sinda,0.0,100.0,100.0,100.0,75.0,0.0,100.0,100.0,100.0,75.0
Scottish Catholic International Aid Fund (SCIAF),sciaf,25.0,100.0,75.0,100.0,75.0,25.0,100.0,75.0,100.0,75.0
"SDSN Association, Inc.",sdsna,-,-,-,-,0.0,-,-,-,-,0.0
Search for Common Ground (SFCG),sfcg,53.84615384615385,100.0,100.0,96.15384615384616,87.5,53.84615384615385,100.0,100.0,96.15384615384616,87.5
SECOURS CATHOLIQUE - CARITAS FRANCE,sccf,0.0,0.0,100.0,99.83922829581994,49.959807073954984,0.0,0.0,100.0,99.83922829581994,49.959807073954984
Secrétariat de Concertation des Organisations Non Gouvernementales Maliennes,seco-ong-mali,100.0,100.0,100.0,100.0,100.0,100.0,100.0,100.0,100.0,100.0
Secrétariat Permanent des Organisation non-gouvernementales du Burkina Faso (SPONG-BURKINA),spong-burkina,-,-,-,-,0.0,-,-,-,-,0.0
Seefar,seefar,0.0,50.0,-,0.0,12.5,0.0,50.0,-,0.0,12.5
Seefar Foundation,seefarfoundation,-,-,-,-,0.0,-,-,-,-,0.0
SeeYou Foundation,syf,25.0,100.0,75.0,100.0,75.0,25.0,100.0,75.0,100.0,75.0
Sehat Kahani (Community Innovation Hub),sehatkahanicih,0.0,100.0,-,100.0,50.0,0.0,100.0,-,100.0,50.0
Self Help Africa,self-help-africa,-,-,-,-,0.0,-,-,-,-,0.0
Send a Cow,sendacow,0.0,75.0,0.0,100.0,43.75,0.0,75.0,0.0,100.0,43.75
Send a Cow Ethiopia,sacethiopia,-,-,-,-,0.0,-,-,-,-,0.0
Send a Cow Kenya,sac_kenya,-,-,-,-,0.0,-,-,-,-,0.0
Send a Cow Uganda,sacu,-,-,-,-,0.0,-,-,-,-,0.0
Sense International,sense_international,0.0,100.0,92.3076923076923,100.0,73.07692307692308,0.0,100.0,92.3076923076923,100.0,73.07692307692308
Sensorial Handicap Cooperation,shc,100.0,100.0,100.0,100.0,100.0,100.0,100.0,100.0,100.0,100.0
Sexual Reproductive Health and Rights Africa Trust,srhr_africa_trust,0.0,90.9090909090909,0.0,100.0,47.72727272727273,0.0,90.9090909090909,0.0,100.0,47.72727272727273
Shack Dwellers International - Kenya,sdi-k,100.0,100.0,100.0,100.0,100.0,100.0,100.0,100.0,100.0,100.0
Sharkit Al Manhajyah Lelestsharat Al Tasweeqyeh,mset,-,-,-,-,0.0,-,-,-,-,0.0
ShelterBox,shelterbox,-,-,-,-,0.0,-,-,-,-,0.0
Shifa Tameer-e-Millat University,stmu01,-,-,-,-,0.0,-,-,-,-,0.0
Shift Project Ltd.,shiftproject,0.0,0.0,-,100.0,25.0,0.0,0.0,-,100.0,25.0
Shirkat Gah-Women's Resource Centre,shirkatgah,0.0,0.0,100.0,100.0,50.0,0.0,0.0,100.0,100.0,50.0
Shortlist Professionals Limited,shortlistogti,0.0,100.0,100.0,100.0,75.0,0.0,100.0,100.0,100.0,75.0
Shtrii Shakti,shtrii_shakti,-,-,-,-,0.0,-,-,-,-,0.0
Siasa Place,sp,0.0,100.0,-,200.0,75.0,0.0,100.0,-,200.0,75.0
Sightsavers,ss-org,91.19496855345912,91.19496855345912,5.952380952380952,100.0,72.0855795148248,91.19496855345912,91.19496855345912,5.952380952380952,100.0,72.0855795148248
Signal,signal,100.0,100.0,0.0,100.0,75.0,100.0,100.0,0.0,100.0,75.0
SIHA Network,siharegional,100.0,100.0,100.0,100.0,100.0,100.0,100.0,100.0,100.0,100.0
SIHA-South Sudan,siha-southsudan,100.0,100.0,100.0,100.0,100.0,100.0,100.0,100.0,100.0,100.0
siiqqee Women's Development Association,swda,100.0,100.0,100.0,100.0,100.0,100.0,100.0,100.0,100.0,100.0
Silsab Foundation,silsab1-_,0.0,0.0,-,100.0,25.0,0.0,0.0,-,100.0,25.0
Simavi,simavi,-,-,-,-,0.0,-,-,-,-,0.0
Simprints,simprints,-,-,-,-,0.0,-,-,-,-,0.0
Siren Associates,siren,-,-,-,-,0.0,-,-,-,-,0.0
Sisonke National Sex Workers Movement,sisonke,33.33333333333333,66.66666666666666,100.0,100.0,75.0,33.33333333333333,66.66666666666666,100.0,100.0,75.0
Slovenia - Ministry of Foreign Affairs,si-mfa,0.0,100.0,-,100.0,50.0,0.0,100.0,-,100.0,50.0
Slum Dwellers International,sdi-int,100.0,100.0,100.0,100.0,100.0,100.0,100.0,100.0,100.0,100.0
Small Arms Survey,sas_sana,0.0,100.0,100.0,100.0,75.0,0.0,100.0,100.0,100.0,75.0
Small International Development Charities Network,sidcn,-,-,-,-,0.0,-,-,-,-,0.0
Smart Villages Research Group,svrg,0.0,0.0,100.0,0.0,25.0,0.0,0.0,100.0,0.0,25.0
SMC-Faith in Development,smc,-,-,-,-,0.0,-,-,-,-,0.0
SMEX,smex,0.0,0.0,100.0,200.0,75.0,0.0,0.0,100.0,200.0,75.0
SNV Netherlands Development Organisation,snv,-,-,-,-,0.0,-,-,-,-,0.0
SOAS University of London,soas,0.0,100.0,100.0,100.0,75.0,0.0,100.0,100.0,100.0,75.0
Sociaal-Economische Raad,ser,50.0,0.0,50.0,50.0,37.5,50.0,0.0,50.0,50.0,37.5
Social Accountability International,social_accountability_international,0.0,0.0,0.0,0.0,0.0,0.0,0.0,0.0,0.0,0.0
Social Development Direct Limited,sddirect,3.7037037037037033,88.88888888888889,40.0,85.18518518518519,54.44444444444445,3.7037037037037033,88.88888888888889,40.0,85.18518518518519,54.44444444444445
"Social Fund for Development, Yemen",sfd-yemen,0.0,100.0,100.0,100.0,75.0,0.0,100.0,100.0,100.0,75.0
Social Impact Lab CIC,simlab,50.0,50.0,0.0,100.0,50.0,50.0,50.0,0.0,100.0,50.0
Social Watch Benin,swb_1,-,-,-,-,0.0,-,-,-,-,0.0
Society For Promotion of Area Resource Centres,sparc_iati,0.0,100.0,0.0,100.0,50.0,0.0,100.0,0.0,100.0,50.0
Société Nationale des eaux du Bénin (SONEB),soneb-benin,-,-,-,-,0.0,-,-,-,-,0.0
Solar Cooling Engineering GmbH,sce-gmbh,-,-,-,-,0.0,-,-,-,-,0.0
SolarNow Services (U) Ltd,solarnowsofa,0.0,20.0,66.66666666666666,100.0,46.666666666666664,0.0,20.0,66.66666666666666,100.0,46.666666666666664
Solidagro,solidagro_admin,100.0,100.0,100.0,100.0,100.0,100.0,100.0,100.0,100.0,100.0
Solidar Suisse,solidarsuisse,-,-,-,-,0.0,-,-,-,-,0.0
Solidaridad,solidaridad,96.15384615384616,89.42307692307693,100.0,96.15384615384616,95.43269230769232,96.15384615384616,89.42307692307693,100.0,96.15384615384616,95.43269230769232
Solidaridad Europe,solidaridad-europe,-,-,-,-,0.0,-,-,-,-,0.0
Solidaridad South & South-East Asia,solidaridad-ssea,-,-,-,-,0.0,-,-,-,-,0.0
Solidaridad West Africa,solidaridad-waf,-,-,-,-,0.0,-,-,-,-,0.0
Solidarites International,solidarites-international,25.0,0.0,50.0,100.0,43.75,25.0,0.0,50.0,100.0,43.75
Solsoc,solsoc,100.0,100.0,100.0,100.0,100.0,100.0,100.0,100.0,100.0,100.0
Soluciones en Legislación y Política Ambiental AC,polea,-,-,-,-,0.0,-,-,-,-,0.0
Somali Community Concern,scc_2025,-,-,-,-,0.0,-,-,-,-,0.0
Somali Women Vision,swvsom,-,-,-,-,0.0,-,-,-,-,0.0
Sonke Gender Justice,sjg,100.0,100.0,100.0,100.0,100.0,100.0,100.0,100.0,100.0,100.0
SOS Børnebyerne,sosdk,0.0,0.0,100.0,0.0,25.0,0.0,0.0,100.0,0.0,25.0
SOS Children's Villages Kenya,soscvkenya,-,-,-,-,0.0,-,-,-,-,0.0
SOS Children's Villages The Netherlands,sosnl,100.0,100.0,85.71428571428571,100.0,96.42857142857143,100.0,100.0,85.71428571428571,100.0,96.42857142857143
SOS FAIM - SOS HUNGER,sosfaim,100.0,100.0,100.0,81.81818181818183,95.45454545454545,100.0,100.0,100.0,81.81818181818183,95.45454545454545
SOS Italia,sosvdb_italia,-,-,-,-,0.0,-,-,-,-,0.0
SOS Jeunesse et Défis,sosjd6,-,-,-,-,0.0,-,-,-,-,0.0
SOS Kinderdorpen België / SOS Villages d'Enfants Belgique,svdbskb_admin,25.0,-,-,75.0,25.0,25.0,-,-,75.0,25.0
SOS Sahel International UK,sossaheluk,-,-,-,-,0.0,-,-,-,-,0.0
SOS Sahel Sudan,sosss_admin,0.0,0.0,100.0,100.0,50.0,0.0,0.0,100.0,100.0,50.0
Soul City Institute,sci2025,0.0,100.0,100.0,100.0,75.0,0.0,100.0,100.0,100.0,75.0
Sound Seekers Limited,soundseekers,-,-,-,-,0.0,-,-,-,-,0.0
South African Network of People who Use Drugs,sanpud,100.0,100.0,-,100.0,75.0,100.0,100.0,-,100.0,75.0
South Asian Women Development Forum,sawdf-admin,0.0,0.0,100.0,100.0,50.0,0.0,0.0,100.0,100.0,50.0
South West International Development Network,swidn,-,-,-,-,0.0,-,-,-,-,0.0
Southeast Asia Freedom of Expression Network (SAFEnet),safenet,0.0,100.0,0.0,100.0,50.0,0.0,100.0,0.0,100.0,50.0
Southern African Catholic Bishops' Conference Aids Office,sacbc,0.0,-,0.0,100.0,25.0,0.0,-,0.0,100.0,25.0
SouthSouthNorth,ssn,61.53846153846154,-,-,100.0,40.38461538461539,61.53846153846154,-,-,100.0,40.38461538461539
Sowt podcasting and training L.L.C,sowt,100.0,100.0,100.0,100.0,100.0,100.0,100.0,100.0,100.0,100.0
Spain - Ministry of Foreign Affairs and Cooperation,maec,-,-,-,-,0.0,-,-,-,-,0.0
Spanish Agency for International Development Cooperation (AECID),aecid,100.0,100.0,100.0,100.0,100.0,100.0,100.0,100.0,100.0,100.0
SPARK,spark,50.0,100.0,50.0,100.0,75.0,50.0,100.0,50.0,100.0,75.0
Special Hope Network,shn,-,-,-,-,0.0,-,-,-,-,0.0
Stakeholder Democracy Network,sdn,-,-,-,-,0.0,-,-,-,-,0.0
STAR-Ghana Foundation,star_ghanafoundation,0.0,0.0,-,100.0,25.0,0.0,0.0,-,100.0,25.0
Stars Foundation,starsfoundation,0.0,100.0,-,100.0,50.0,0.0,100.0,-,100.0,50.0
Start Network,start-network,0.0,0.0,100.0,0.0,25.0,0.0,0.0,100.0,0.0,25.0
STC International,stc-international,0.0,0.0,100.0,100.0,50.0,0.0,0.0,100.0,100.0,50.0
Stellenbosch University,su-impala,-,-,-,-,0.0,-,-,-,-,0.0
Stiching Cardano Development,stichting_cd,-,-,-,-,0.0,-,-,-,-,0.0
Stichting ActionAId,aanl,100.0,100.0,100.0,100.0,100.0,100.0,100.0,100.0,100.0,100.0
Stichting Aflatoun International,aflatoun,-,-,-,-,0.0,-,-,-,-,0.0
Stichting Agriterra,agriterra,87.87878787878788,87.87878787878788,100.0,90.9090909090909,91.66666666666666,87.87878787878788,87.87878787878788,100.0,90.9090909090909,91.66666666666666
Stichting Aidenvironment,aidenvironment,-,-,-,-,0.0,-,-,-,-,0.0
Stichting Beheer Subsidiegelden DRA,stichting-subsidiegelden-dra,100.0,100.0,100.0,100.0,100.0,100.0,100.0,100.0,100.0,100.0
Stichting Deltares,deltares,-,-,-,-,0.0,-,-,-,-,0.0
Stichting Fern,stichtingfern,13.636363636363635,90.9090909090909,86.36363636363636,100.0,72.72727272727272,13.636363636363635,90.9090909090909,86.36363636363636,100.0,72.72727272727272
Stichting fondsbeheer DGGF lokaal MKB,dggf_financing_local_smes,1.0752688172043012,41.75824175824176,98.91304347826086,38.70967741935484,45.11405786826544,1.0752688172043012,41.75824175824176,98.91304347826086,38.70967741935484,45.11405786826544
Stichting Habitat for Humanity Nederland,hfhnl,0.0,0.0,0.0,100.0,25.0,0.0,0.0,0.0,100.0,25.0
Stichting Health Action International,hai,100.0,100.0,0.0,100.0,75.0,100.0,100.0,0.0,100.0,75.0
Stichting Humana,humana_houben,0.0,0.0,-,100.0,25.0,0.0,0.0,-,100.0,25.0
Stichting Kinderpostzegels Nederland,skn,-,-,-,-,0.0,-,-,-,-,0.0
Stichting Leprazending Nederland - The Leprosy Mission Netherlands,leprazending-tlm-nl,25.0,100.0,100.0,100.0,81.25,25.0,100.0,100.0,100.0,81.25
Stichting Liliane Fonds,slf,100.0,85.71428571428571,100.0,100.0,96.42857142857143,100.0,85.71428571428571,100.0,100.0,96.42857142857143
Stichting Mayday Rescue Foundation,maydayrescue,0.0,0.0,-,100.0,25.0,0.0,0.0,-,100.0,25.0
Stichting Nederlands Instituut voor Internationale Betrekkingen 'Clingendael',clingendael,50.0,0.0,100.0,100.0,62.5,50.0,0.0,100.0,100.0,62.5
Stichting Onderzoek Multinationale Ondernemingen (SOMO),somo,100.0,100.0,100.0,100.0,100.0,100.0,100.0,100.0,100.0,100.0
Stichting Red een Kind,redeenkind,66.66666666666666,100.0,20.0,100.0,71.66666666666666,66.66666666666666,100.0,20.0,100.0,71.66666666666666
Stichting RNW Media,rnw_org,50.0,50.0,66.66666666666666,100.0,66.66666666666666,50.0,50.0,66.66666666666666,100.0,66.66666666666666
Stichting Vluchteling,st_vluchteling,100.0,100.0,80.35714285714286,98.21428571428571,94.64285714285715,100.0,100.0,80.35714285714286,98.21428571428571,94.64285714285715
Stichting VSO Nederland,vso_nl,100.0,85.71428571428571,100.0,100.0,96.42857142857143,100.0,85.71428571428571,100.0,100.0,96.42857142857143
Stichting Wilde Ganzen/ IKON,nl_wg,100.0,100.0,100.0,100.0,100.0,100.0,100.0,100.0,100.0,100.0
Stichting Wings For Aid Foundation,wfaf,-,-,-,-,0.0,-,-,-,-,0.0
Stichting Woord en Daad,w-d,75.0,75.0,100.0,75.0,81.25,75.0,75.0,100.0,75.0,81.25
Stockholm International Water Institute,siwi,100.0,100.0,100.0,100.0,100.0,100.0,100.0,100.0,100.0,100.0
Stonewall Equality Limited,stonewa11,-,-,-,-,0.0,-,-,-,-,0.0
Street Child,street_child,0.0,0.0,-,100.0,25.0,0.0,0.0,-,100.0,25.0
StreetInvest,si,-,-,-,-,0.0,-,-,-,-,0.0
Stromme Foundation,stromme_ug,-,-,-,-,0.0,-,-,-,-,0.0
Studies & Economic Media Center (SEMC),semc-yemen,-,-,-,-,0.0,-,-,-,-,0.0
Studio Globo,sg,100.0,100.0,100.0,100.0,100.0,100.0,100.0,100.0,100.0,100.0
Sub-Sahara Advisory Panel,ssap,0.0,100.0,100.0,100.0,75.0,0.0,100.0,100.0,100.0,75.0
SUGAS GLOBAL AGRO LTD,sgal,-,-,-,-,0.0,-,-,-,-,0.0
Support Trust for Africa Development (STAD),stad,-,-,-,-,0.0,-,-,-,-,0.0
Survivors Fund (SURF),surf,0.0,50.0,0.0,50.0,25.0,0.0,100.0,0.0,100.0,50.0
Sustainable Development Institute,sdi,100.0,50.0,66.66666666666666,100.0,79.16666666666666,100.0,50.0,66.66666666666666,100.0,79.16666666666666
Sustainable Hospitality Alliance,sha,0.0,100.0,0.0,100.0,50.0,0.0,100.0,0.0,100.0,50.0
Sustainable Livelihoods Foundation,sustainable_livelihoods_foundation,-,-,-,-,0.0,-,-,-,-,0.0
"Sweden, through Swedish International Development Cooperation Agency (Sida)",sida,99.58642327438677,98.27638804148872,100.0,92.0564746149458,97.47982148270532,99.58642327438677,98.27638804148872,100.0,92.0564746149458,97.47982148270532
Swedish Committee for Afghanistan,sca_afghanistan,-,-,-,-,0.0,-,-,-,-,0.0
Swisscontact,swisscontact,100.0,100.0,100.0,100.0,100.0,100.0,100.0,100.0,100.0,100.0
Switzerland - Swiss Agency for Development and Cooperation (SDC),sdc_ch,100.0,100.0,100.0,0.0,75.0,100.0,100.0,100.0,0.0,75.0
Sympany+,simone_sympany,-,-,-,-,0.0,-,-,-,-,0.0
Synergie des Femmes pour la Paix et la Réconciliation des Peuples des Grands Lacs d'Afrique,spr,0.0,0.0,100.0,100.0,50.0,0.0,0.0,100.0,100.0,50.0
Synergía - Initiatives for Human Rights,synergiaihr,0.0,33.33333333333333,-,100.0,33.33333333333333,0.0,33.33333333333333,-,100.0,33.33333333333333
Syria Justice and Accountability Centre (SJAC),sjac,-,-,-,-,0.0,-,-,-,-,0.0
Syria Relief,sr,0.0,100.0,0.0,100.0,50.0,0.0,100.0,0.0,100.0,50.0
Syrian Center for Media and Freedom of Expression,scm,0.0,0.0,0.0,100.0,25.0,0.0,0.0,0.0,100.0,25.0
TAG International Development Limited,taginternational,0.0,100.0,-,100.0,50.0,0.0,100.0,-,100.0,50.0
Talent Acceleration Platform (TAP),tap,-,-,-,-,0.0,-,-,-,-,0.0
Tameer-e-Khalaq Foundation,tkf1234,0.0,0.0,100.0,100.0,50.0,0.0,0.0,100.0,100.0,50.0
Tanager,tan,0.0,100.0,100.0,100.0,75.0,0.0,100.0,100.0,100.0,75.0
Target TB,targettb,-,-,-,-,0.0,-,-,-,-,0.0
Tax Justice Network,tjn,-,-,-,-,0.0,-,-,-,-,0.0
TB Alert,tbalert,100.0,100.0,0.0,100.0,75.0,100.0,100.0,0.0,100.0,75.0
Teach A Man To Fish,tamtf,-,-,-,-,0.0,-,-,-,-,0.0
Teach For Pakistan,tfp,0.0,100.0,-,100.0,50.0,0.0,100.0,-,100.0,50.0
TEAR fund Nederland,tear,19.230769230769234,96.15384615384616,100.0,100.0,78.84615384615384,19.230769230769234,96.15384615384616,100.0,100.0,78.84615384615384
Tearfund,tearfund,14.285714285714285,80.0,33.33333333333333,100.0,56.9047619047619,14.285714285714285,80.0,33.33333333333333,100.0,56.9047619047619
Tearfund VZW (TFBE),tfb_admin1,-,-,-,-,0.0,-,-,-,-,0.0
Tech2Peace,t2p,50.0,100.0,100.0,100.0,87.5,50.0,100.0,100.0,100.0,87.5
Technische Universiteit Delft,nl_tud,0.0,0.0,0.0,100.0,25.0,0.0,0.0,0.0,100.0,25.0
TechnoServe,tns,25.0,50.0,75.0,75.0,56.25,25.0,50.0,75.0,75.0,56.25
Terre des Hommes Netherlands,tdh_nl,9.24170616113744,99.26650366748166,100.0,97.86729857819904,76.59387710170454,9.24170616113744,99.26650366748166,100.0,97.86729857819904,76.59387710170454
Terre des hommes- Aide à l'enfance dans le monde- Fondation,tdh_foundation,0.0,100.0,0.0,100.0,50.0,0.0,100.0,0.0,100.0,50.0
The Access to Nutrition Foundation,atnf,6.666666666666667,40.0,33.33333333333333,93.33333333333333,43.33333333333333,6.666666666666667,40.0,33.33333333333333,93.33333333333333,43.33333333333333
The AGRI3 Fund,agri3_fund,0.0,0.0,100.0,0.0,25.0,0.0,0.0,100.0,0.0,25.0
The Asia Foundation,taf,20.0,80.0,50.0,60.0,52.5,20.0,80.0,50.0,60.0,52.5
The British Academy,thebritishacademy,100.0,0.0,100.0,100.0,75.0,100.0,0.0,100.0,100.0,75.0
The Carter Center,carter-center,-,-,-,-,0.0,-,-,-,-,0.0
the center for victimized women and children,cavwoc,-,-,-,-,0.0,-,-,-,-,0.0
The Centre for Economic Governance and Accountability in Africa  (CEGAA),cegaa,28.57142857142857,100.0,50.0,100.0,69.64285714285714,28.57142857142857,100.0,50.0,100.0,69.64285714285714
The Climate Change Organisation,climate-group,-,-,-,-,0.0,-,-,-,-,0.0
The Coca-Cola Export Corporation,tccec,-,-,-,-,0.0,-,-,-,-,0.0
The Commonwealth Secretariat,commonwealthsecretariat,-,-,-,-,0.0,-,-,-,-,0.0
The Conflict and Environment Observatory,ceobs,0.0,0.0,-,100.0,25.0,0.0,0.0,-,100.0,25.0
The Convention on Business Integrity,cbi-nigeria,-,-,-,-,0.0,-,-,-,-,0.0
The Education Commission,educomm,0.0,0.0,-,100.0,25.0,0.0,0.0,-,100.0,25.0
The Faraday Institution,thefaradayinstitution,0.0,0.0,-,100.0,25.0,0.0,0.0,-,100.0,25.0
The Foundation Center,foundation_center,-,-,-,-,0.0,-,-,-,-,0.0
The Fred Hollows Foundation (UK),fhfuk,-,-,-,-,0.0,-,-,-,-,0.0
The Freedom Fund,tff,0.0,100.0,100.0,100.0,75.0,0.0,100.0,100.0,100.0,75.0
The Freedom Fund (US),tffus,-,-,-,-,0.0,-,-,-,-,0.0
The George Washington University,gwu_gwi,0.0,50.0,0.0,100.0,37.5,0.0,50.0,0.0,100.0,37.5
The Global Alliance for Improved Nutrition,gain,60.332871012482656,86.97539797395079,88.61111111111111,6.102635228848821,60.50550383159835,60.332871012482656,86.97539797395079,88.61111111111111,6.102635228848821,60.50550383159835
The Global Center on Adaptation,gca,33.33333333333333,16.666666666666664,50.0,33.33333333333333,33.33333333333333,33.33333333333333,16.666666666666664,50.0,33.33333333333333,33.33333333333333
"The Global Development Incubator, Inc",gdi,0.0,0.0,-,100.0,25.0,0.0,0.0,-,100.0,25.0
The Global Forum on MSM & HIV (MSMGF),msmgf,0.0,100.0,-,100.0,50.0,0.0,100.0,-,100.0,50.0
"The Global Fund to Fight AIDS, Tuberculosis and Malaria",theglobalfund,99.23076923076923,99.53271028037383,100.0,99.61538461538461,99.59471603163192,99.23076923076923,99.53271028037383,100.0,99.61538461538461,99.59471603163192
The Global Initiative Against Transnational Organized Crime,gi-toc,100.0,100.0,100.0,100.0,100.0,100.0,100.0,100.0,100.0,100.0
the global steering group for impact investment,gsg,0.0,100.0,-,100.0,50.0,0.0,100.0,-,100.0,50.0
The Hague Academy for Local Governance,tha,14.285714285714285,100.0,0.0,100.0,53.57142857142857,14.285714285714285,100.0,0.0,100.0,53.57142857142857
The HALO Trust,halo,20.0,83.33333333333334,0.0,24.0,31.833333333333336,20.0,83.33333333333334,0.0,24.0,31.833333333333336
The Hunger Project Bangladesh,thpdb,-,-,-,-,0.0,-,-,-,-,0.0
The Hunger Project Netherlands,thp_org,100.0,100.0,100.0,100.0,100.0,100.0,100.0,100.0,100.0,100.0
The Institute for Strategic Dialogue,isdglobal,-,-,-,-,0.0,-,-,-,-,0.0
The International Children's Trust,theict,0.0,100.0,0.0,100.0,50.0,0.0,100.0,0.0,100.0,50.0
The International Institute for Strategic Studies,iiss,0.0,100.0,0.0,100.0,50.0,0.0,100.0,0.0,100.0,50.0
The International Institute for Sustainable Development,iisd,100.0,100.0,0.0,100.0,75.0,100.0,100.0,0.0,100.0,75.0
The International Rescue Committee,irc_inc,49.152542372881356,89.0909090909091,70.2127659574468,83.05084745762711,72.87676621971609,49.152542372881356,89.0909090909091,70.2127659574468,83.05084745762711,72.87676621971609
The Kvinna till Kvinna Foundation - Head Office,ktk_ho,-,-,-,-,0.0,-,-,-,-,0.0
The Lebanese Organisation for Studies and Training,rabi3,-,-,-,-,0.0,-,-,-,-,0.0
The Legal Aid Forum,laf,0.0,50.0,-,100.0,37.5,0.0,50.0,-,100.0,37.5
The Leprosy Mission England and Wales,tlmew,0.0,100.0,75.0,100.0,68.75,0.0,100.0,75.0,100.0,68.75
THE LEPROSY MISSION INTERNATIONAL,tlm_io,0.0,100.0,0.0,100.0,50.0,0.0,100.0,0.0,100.0,50.0
The Leprosy Mission Nepal,tlmnepal,0.0,75.0,75.0,100.0,62.5,0.0,75.0,75.0,100.0,62.5
The Leprosy Mission Trust India,tlmti,-,-,-,-,0.0,-,-,-,-,0.0
The Liaison Office,tlo,-,-,-,-,0.0,-,-,-,-,0.0
The Mailman School of Public Health,mailman_school_of_public_health,0.0,0.0,0.0,100.0,25.0,0.0,0.0,0.0,100.0,25.0
The MENTOR Initiative,the_mentor_initiative,0.0,100.0,100.0,100.0,75.0,0.0,100.0,100.0,100.0,75.0
The National Association of Municipalities of Benin (ANCB),ancb_benin,-,-,-,-,0.0,-,-,-,-,0.0
The Nature Conservancy,the_nature_conservancy,0.0,0.0,0.0,200.0,50.0,0.0,0.0,0.0,200.0,50.0
The OPEC Fund for International Development (OFID),ofid,-,-,-,-,0.0,-,-,-,-,0.0
The Open University,open_university,0.0,100.0,100.0,100.0,75.0,0.0,100.0,100.0,100.0,75.0
The Palestinian Initiative for the Promotion of Global Dialogue and Democracy-MIFTAH,miftah,100.0,100.0,100.0,100.0,100.0,100.0,100.0,100.0,100.0,100.0
The Pirbright Institute,pirbright_institute,-,-,-,-,0.0,-,-,-,-,0.0
"The Population Council, Inc.",populationcouncil,0.0,0.0,100.0,0.0,25.0,0.0,0.0,100.0,0.0,25.0
The Power of Nutrition,the_power_of_nutrition,0.0,50.0,0.0,100.0,37.5,0.0,50.0,0.0,100.0,37.5
The Princess Alia Foundation,paf_2018,-,-,-,-,0.0,-,-,-,-,0.0
The Proforest Initiative UK,pi-uk,-,-,-,-,0.0,-,-,-,-,0.0
The Queen Elizabeth Diamond Jubilee Trust,qedjt,0.0,0.0,100.0,100.0,50.0,0.0,0.0,100.0,100.0,50.0
The Royal United Services Institute for Defence and Security Studies,rusi,-,-,-,-,0.0,-,-,-,-,0.0
The Salvation Army International Development UK,said-uk,-,-,-,-,0.0,-,-,-,-,0.0
The Samdhana Institute,samdhana_institute,100.0,100.0,100.0,100.0,100.0,100.0,100.0,100.0,100.0,100.0
The Uganda Association of Women Lawyers ( FIDA Uganda),fidauganda,100.0,100.0,100.0,100.0,100.0,100.0,100.0,100.0,100.0,100.0
The United Nations Relief and Works Agency for Palestine Refugees in the Near East (UNRWA),unrwa,0.0,-,-,0.0,0.0,0.0,-,-,0.0,0.0
The University of Aberdeen,uoa,0.0,100.0,100.0,100.0,75.0,0.0,100.0,100.0,100.0,75.0
"The University of Dodoma (UDOM), Tanzania",udom,-,-,-,-,0.0,-,-,-,-,0.0
The University of Manchester,uom,33.33333333333333,100.0,100.0,100.0,83.33333333333333,33.33333333333333,100.0,100.0,100.0,83.33333333333333
The University of Oxford,oxford,0.0,40.0,0.0,66.66666666666666,26.666666666666664,0.0,40.0,0.0,66.66666666666666,26.666666666666664
The University of Sheffield,tuos,0.0,100.0,0.0,100.0,50.0,0.0,100.0,0.0,100.0,50.0
"The University of the West of England, Bristol",uwe,0.0,0.0,0.0,100.0,25.0,0.0,0.0,0.0,100.0,25.0
The Wildfowl and Wetlands Trust,gb-chc-1030884,0.0,0.0,0.0,100.0,25.0,0.0,0.0,0.0,100.0,25.0
The William and Flora Hewlett Foundation,hewlett-foundation,100.0,99.36708860759494,100.0,0.0,74.84177215189874,100.0,99.36708860759494,100.0,0.0,74.84177215189874
The World Bank,worldbank,99.75198412698413,98.44559585492227,-,91.86507936507937,72.51566483674645,99.75198412698413,98.44559585492227,-,91.86507936507937,72.51566483674645
Theatre for a Change Malawi,tfacmalawi,-,-,-,-,0.0,-,-,-,-,0.0
Theatre for a Change UK,tfac,-,-,-,-,0.0,-,-,-,-,0.0
Think Equal UK,thinkequal,-,-,-,-,0.0,-,-,-,-,0.0
Third World Network Africa,twnafrica,100.0,100.0,100.0,100.0,100.0,100.0,100.0,100.0,100.0,100.0
Thomson Reuters Foundation,trf,0.0,0.0,-,100.0,25.0,0.0,0.0,-,100.0,25.0
Tifa Foundation,tifa_foundation,0.0,100.0,100.0,100.0,75.0,0.0,100.0,100.0,100.0,75.0
Timber Trade Federation Ltd.,ttf,-,-,-,-,0.0,-,-,-,-,0.0
Timidria,timidria,0.0,100.0,0.0,100.0,50.0,0.0,100.0,0.0,100.0,50.0
Trade and Development Bank,tdb01,0.0,-,-,100.0,25.0,0.0,-,-,100.0,25.0
Trademark Africa,tma,0.0,100.0,-,100.0,50.0,0.0,100.0,-,100.0,50.0
TRAFFIC International,traffic,-,-,-,-,0.0,-,-,-,-,0.0
Traidcraft Exchange,traidcraft,-,-,-,-,0.0,-,-,-,-,0.0
TRAIDE Foundation,traide_foundation,100.0,100.0,0.0,100.0,75.0,100.0,100.0,0.0,100.0,75.0
Transform Africa,transafrica19,-,-,-,-,0.0,-,-,-,-,0.0
transforma,transforma,0.0,0.0,-,100.0,25.0,0.0,0.0,-,100.0,25.0
Transition International,ti_nl,100.0,100.0,0.0,100.0,75.0,100.0,100.0,0.0,100.0,75.0
Transnational Institute,tni,100.0,100.0,100.0,100.0,100.0,100.0,100.0,100.0,100.0,100.0
Transparency International Bangladesh,tib,-,-,-,-,0.0,-,-,-,-,0.0
Transparency International Kenya,ti_kenya,-,-,-,-,0.0,-,-,-,-,0.0
Transparency International Secretariat,transparency-international,0.0,0.0,-,10.81081081081081,2.7027027027027026,0.0,0.0,-,10.81081081081081,2.7027027027027026
Transparency International UK,ti-uk,0.0,100.0,20.0,100.0,55.0,0.0,100.0,20.0,100.0,55.0
Transparently Lebanese,transparently_lebanese,0.0,100.0,-,100.0,50.0,0.0,100.0,-,100.0,50.0
TREE AID,treea,0.0,50.0,100.0,50.0,50.0,0.0,50.0,100.0,50.0,50.0
TRIAL International,trial,0.0,0.0,0.0,100.0,25.0,0.0,0.0,0.0,100.0,25.0
Triangle Génération Humanitaire,tgh,-,-,-,-,0.0,-,-,-,-,0.0
Trianglen,trianglen,0.0,100.0,100.0,100.0,75.0,0.0,100.0,100.0,100.0,75.0
Trias,trias,100.0,100.0,100.0,100.0,100.0,100.0,100.0,100.0,100.0,100.0
Triggerise Ethiopia,trig,0.0,0.0,100.0,100.0,50.0,0.0,0.0,100.0,100.0,50.0
Triple Line,tripleline_crownagents,0.0,-,100.0,0.0,25.0,0.0,-,100.0,0.0,25.0
Trocaire,trocaire,0.0,50.0,100.0,100.0,62.5,0.0,50.0,100.0,100.0,62.5
Trocaire (Northern Ireland),troc,50.0,50.0,100.0,100.0,75.0,50.0,50.0,100.0,100.0,75.0
Tropenbos International,tbi,44.0,100.0,9.090909090909092,100.0,63.27272727272727,44.0,100.0,9.090909090909092,100.0,63.27272727272727
Tropical Health and Education Trust,tropicalhealth,0.0,100.0,-,100.0,50.0,0.0,100.0,-,100.0,50.0
Tropical Health Consulting,thc,0.0,-,0.0,100.0,25.0,0.0,-,0.0,100.0,25.0
Trust for Africa's Orphans,tao-03473165,-,-,-,-,0.0,-,-,-,-,0.0
Trust for Indigenous Culture and Health,ticah,0.0,0.0,-,0.0,0.0,0.0,0.0,-,0.0,0.0
TrustAfrica,trustafrica,100.0,100.0,100.0,100.0,100.0,100.0,100.0,100.0,100.0,100.0
Twaweza,twaweza,0.0,100.0,-,0.0,25.0,0.0,100.0,-,100.0,50.0
Twin,twin-iati,-,-,-,100.0,25.0,-,-,-,100.0,25.0
Twitezimbere,twz1,100.0,100.0,0.0,100.0,75.0,100.0,100.0,0.0,100.0,75.0
Twynstra Gudde,twynstragudde,100.0,0.0,100.0,100.0,75.0,100.0,0.0,100.0,100.0,75.0
Uganda Martyrs University,umu,-,-,-,-,0.0,-,-,-,-,0.0
Uganda National NGO Forum,ngoforum_01,0.0,-,-,100.0,25.0,0.0,-,-,100.0,25.0
UHAI EASHRI,uhai-eashri,100.0,90.9090909090909,100.0,36.36363636363637,81.81818181818181,100.0,90.9090909090909,100.0,36.36363636363637,81.81818181818181
"UK - Department for Business, Energy and Industrial Strategy (BEIS)",beis,80.06912442396313,99.88479262672811,100.0,100.0,94.98847926267281,80.06912442396313,99.88479262672811,100.0,100.0,94.98847926267281
"UK - Department for Digital, Culture, Media and Sport",dcms,100.0,100.0,100.0,100.0,100.0,100.0,100.0,100.0,100.0,100.0
"UK - Department for Environment, Food and Rural Affairs",defra_transparency,23.333333333333332,89.28571428571429,96.42857142857143,96.66666666666667,76.42857142857143,23.333333333333332,89.28571428571429,96.42857142857143,96.66666666666667,76.42857142857143
UK - Department for Work and Pensions,dwp,0.0,100.0,100.0,50.0,62.5,0.0,100.0,100.0,50.0,62.5
UK - Department of Health and Social Care (DHSC),dhsc,60.86956521739131,100.0,100.0,100.0,90.21739130434783,60.86956521739131,100.0,100.0,100.0,90.21739130434783
"UK - Department of Science, Innovation and Technology",dsit,98.59154929577466,100.0,100.0,90.14084507042254,97.1830985915493,98.59154929577466,100.0,100.0,90.14084507042254,97.1830985915493
"UK - Foreign, Commonwealth and Development Office",fcdo,80.23743016759776,88.62635162194633,100.0,97.52094972067039,91.59618287755362,80.23743016759776,88.62635162194633,100.0,97.52094972067039,91.59618287755362
UK - Home Office,homeoffice,-,-,-,-,0.0,-,-,-,-,0.0
UK - Medical Research Council,mrc,-,-,-,-,0.0,-,-,-,-,0.0
UK - Ministry of Defence,ukmod,100.0,100.0,100.0,100.0,100.0,100.0,100.0,100.0,100.0,100.0
UK - Scottish Government,scottish_government,-,-,-,-,0.0,-,-,-,-,0.0
"UK Department for Energy, Security and Net Zero",desnz,95.83333333333334,95.65217391304348,100.0,95.83333333333334,96.82971014492753,95.83333333333334,95.65217391304348,100.0,95.83333333333334,96.82971014492753
UK – Department for Education,dfe,0.0,100.0,100.0,100.0,75.0,0.0,100.0,100.0,100.0,75.0
UK-Ghana Chamber of Commerce,ukgcc,-,-,-,-,0.0,-,-,-,-,0.0
UK-Med,uk-med,0.0,66.66666666666666,50.0,100.0,54.166666666666664,0.0,66.66666666666666,50.0,100.0,54.166666666666664
ULB-Coopération,ulbcoop,100.0,100.0,100.0,100.0,100.0,100.0,100.0,100.0,100.0,100.0
UN Global Compact Local Network UK,ungc-uk,0.0,0.0,0.0,100.0,25.0,0.0,0.0,0.0,100.0,25.0
UN Pooled Funds,unpf,-,-,-,0.0,0.0,-,-,-,0.0,0.0
UN Trade and Development,unctad,83.33333333333334,100.0,50.0,200.0,108.33333333333334,83.33333333333334,100.0,50.0,200.0,108.33333333333334
UN Women,unw,0.0,74.1822429906542,100.0,95.27991218441272,67.36553879376673,0.0,74.1822429906542,100.0,95.27991218441272,67.36553879376673
UN-Habitat,unhabitat,-,-,-,-,0.0,-,-,-,-,0.0
Unicef Belgium National Committee,ub,100.0,100.0,100.0,100.0,100.0,100.0,100.0,100.0,100.0,100.0
UNICEF Netherlands National Committee,unicefnl,-,-,-,-,0.0,-,-,-,-,0.0
Unie van Waterschappen,uvw,5.263157894736842,100.0,0.0,100.0,51.315789473684205,5.263157894736842,100.0,0.0,100.0,51.315789473684205
Unilever,ul,0.0,100.0,100.0,0.0,50.0,0.0,100.0,100.0,0.0,50.0
Union des Villes et Communes de Wallonie (UVCW),uvcw,100.0,100.0,100.0,100.0,100.0,100.0,100.0,100.0,100.0,100.0
Union of Agricultural Work Committees,uawc,-,-,-,-,0.0,-,-,-,-,0.0
UNITAID,utd,100.0,100.0,-,97.77777777777777,74.44444444444444,100.0,100.0,-,97.77777777777777,74.44444444444444
United Mission to Nepal,umn,-,-,-,-,0.0,-,-,-,-,0.0
United Nations Capital Development Fund,uncdf,0.0,100.0,100.0,0.628930817610063,50.15723270440252,0.0,100.0,100.0,0.628930817610063,50.15723270440252
United Nations Central Emergency Response Fund (CERF),cerf,1.1322572874006263,99.72762164169865,100.0,100.0,75.21496973227482,1.1322572874006263,99.72762164169865,100.0,100.0,75.21496973227482
United Nations Children's Fund (UNICEF),unicef,100.0,100.0,100.0,100.0,100.0,100.0,100.0,100.0,100.0,100.0
United Nations Development Coordination Office,undco,100.0,100.0,0.0,100.0,75.0,100.0,100.0,0.0,100.0,75.0
United Nations Development Programme (UNDP),undp,100.0,98.77664504170528,22.090483619344774,99.1218266006706,79.99723881543017,100.0,98.77664504170528,22.090483619344774,99.1218266006706,79.99723881543017
"United Nations Educational, Scientific and Cultural Organization (UNESCO)",unesco,0.0,95.41432019308125,-,87.90537962609692,45.82992495479454,0.0,95.41432019308125,-,87.90537962609692,45.82992495479454
United Nations Environment Programme (UNEP),un-environment,-,-,-,-,0.0,-,-,-,-,0.0
United Nations Foundation,unf,33.33333333333333,66.66666666666666,33.33333333333333,100.0,58.33333333333333,33.33333333333333,66.66666666666666,33.33333333333333,100.0,58.33333333333333
United Nations High Commissioner for Refugees (UNHCR),unhcr,100.0,0.0,0.0,100.0,50.0,100.0,0.0,0.0,100.0,50.0
United Nations Industrial Development Organization (UNIDO),unido,0.0,97.3741794310722,0.0,100.0,49.34354485776805,0.0,97.3741794310722,0.0,100.0,49.34354485776805
United Nations Joint Programme on HIV and AIDS Secretariat (UNAIDS),unaids,0.0,100.0,-,100.0,50.0,0.0,100.0,-,100.0,50.0
United Nations Office for Project Services (UNOPS),unops,0.0,100.0,-,100.0,50.0,0.0,100.0,-,100.0,50.0
United Nations Office for the Coordination of Humanitarian Affairs (OCHA),unocha,100.0,100.0,100.0,100.0,100.0,100.0,100.0,100.0,100.0,100.0
United Nations Office for the Coordination of Humanitarian Affairs (Specially-Designated Contributions),unocha-sdc,100.0,100.0,100.0,100.0,100.0,100.0,100.0,100.0,100.0,100.0
United Nations Population Fund,unfpa,-,-,-,-,0.0,-,-,-,-,0.0
United Nations World Food Programme (WFP),wfp,100.0,100.0,100.0,100.0,100.0,100.0,100.0,100.0,100.0,100.0
United Purpose,cu,-,-,-,-,0.0,-,-,-,-,0.0
United States African Development Foundation,usadf,100.0,84.35517970401692,100.0,0.0,71.08879492600423,100.0,84.35517970401692,100.0,0.0,71.08879492600423
United States Agency for International Development (USAID),usaid,98.72340425531915,98.31029185867895,100.0,0.025031289111389236,74.26468185077736,98.72340425531915,98.31029185867895,100.0,0.025031289111389236,74.26468185077736
United States Department of Agriculture,usda,76.35467980295566,82.26600985221675,100.0,0.0,64.65517241379311,76.35467980295566,82.26600985221675,100.0,0.0,64.65517241379311
United States Department of Commerce,doc,41.66666666666667,91.66666666666666,100.0,0.0,58.33333333333333,41.66666666666667,91.66666666666666,100.0,0.0,58.33333333333333
United States Department of Defense,dod,90.5027932960894,59.77653631284916,100.0,0.0,62.56983240223464,90.5027932960894,59.77653631284916,100.0,0.0,62.56983240223464
United States Department of Energy,doe,74.69879518072288,85.54216867469879,100.0,0.0,65.06024096385542,74.69879518072288,85.54216867469879,100.0,0.0,65.06024096385542
United States Department of Homeland Security,dhs,-,-,-,-,0.0,-,-,-,-,0.0
United States Department of Interior,doi,85.18518518518519,82.03703703703704,100.0,0.0,66.80555555555556,85.18518518518519,82.03703703703704,100.0,0.0,66.80555555555556
United States Department of Justice,doj,-,-,-,-,0.0,-,-,-,-,0.0
United States Department of Labor,dol,79.04761904761905,91.42857142857143,100.0,0.0,67.61904761904762,79.04761904761905,91.42857142857143,100.0,0.0,67.61904761904762
United States Department of State,state,66.05859590934217,83.88612493090105,100.0,0.0,62.48618021006081,66.05859590934217,83.88612493090105,100.0,0.0,62.48618021006081
United States Department of the Treasury,treasury,76.31578947368422,84.21052631578947,100.0,0.0,65.13157894736842,76.31578947368422,84.21052631578947,100.0,0.0,65.13157894736842
United States Department of Transportation,dot,97.14285714285714,100.0,100.0,0.0,74.28571428571428,97.14285714285714,100.0,100.0,0.0,74.28571428571428
United States Environmental Protection Agency,epa,93.54838709677419,16.129032258064516,100.0,0.0,52.41935483870968,93.54838709677419,16.129032258064516,100.0,0.0,52.41935483870968
United States Federal Trade Commission,ftc,-,-,-,-,0.0,-,-,-,-,0.0
United States Health and Human Services,hhs,89.84126984126985,83.65079365079366,100.0,0.0,68.37301587301587,89.84126984126985,83.65079365079366,100.0,0.0,68.37301587301587
United States International Development Finance Corporation,dfc,100.0,0.0,100.0,0.0,50.0,100.0,0.0,100.0,0.0,50.0
United States Trade and Development Agency,ustda,35.785288270377734,70.37773359840955,100.0,0.0,51.54075546719682,35.785288270377734,70.37773359840955,100.0,0.0,51.54075546719682
United Work,united_work,-,-,-,-,0.0,-,-,-,-,0.0
United World Schools,uws,0.0,0.0,0.0,100.0,25.0,0.0,0.0,0.0,100.0,25.0
Universidad Cientifica del Sur,cientifica-pe,0.0,0.0,-,100.0,25.0,0.0,0.0,-,100.0,25.0
Universidad de los Andes,uand_2020,-,-,-,-,0.0,-,-,-,-,0.0
Universidad Peruana Cayetano Heredia,investigacion_cayetano,-,-,-,-,0.0,-,-,-,-,0.0
Universidade Federal de São Carlos - UFSCar,ufscar_brasil,-,-,-,-,0.0,-,-,-,-,0.0
Universitair Centrum voor Ontwikkelingssamenwerking,ucos,50.0,100.0,100.0,50.0,75.0,50.0,100.0,100.0,50.0,75.0
Universitas Brawijaya,medicine_ub,-,-,-,-,0.0,-,-,-,-,0.0
Universiteit Leiden,universiteit_leiden,100.0,50.0,50.0,100.0,75.0,100.0,50.0,50.0,100.0,75.0
Universiti Malaya,rmc_um,-,-,-,-,0.0,-,-,-,-,0.0
Universities UK,uuk,100.0,0.0,-,100.0,50.0,100.0,0.0,-,100.0,50.0
University College London,ucl,0.0,0.0,-,100.0,25.0,0.0,0.0,-,100.0,25.0
University of Amsterdam,uva_org,0.0,0.0,-,100.0,25.0,0.0,0.0,-,100.0,25.0
University of Birmingham,universityofbirmingham,9.090909090909092,20.0,-,90.9090909090909,30.0,9.090909090909092,20.0,-,90.9090909090909,30.0
University of Bristol,unibristol,0.0,0.0,-,0.0,0.0,0.0,0.0,-,0.0,0.0
University of Cape Town,uct,33.33333333333333,66.66666666666666,100.0,100.0,75.0,33.33333333333333,66.66666666666666,100.0,100.0,75.0
University of Central Lancashire,uclan,0.0,0.0,-,100.0,25.0,0.0,0.0,-,100.0,25.0
University of Dar es Salaam,udsm-cbs,-,-,-,-,0.0,-,-,-,-,0.0
University of Dundee,uodcepmlp,0.0,0.0,-,66.66666666666666,16.666666666666664,0.0,0.0,-,66.66666666666666,16.666666666666664
University of East Anglia,uea_uk,0.0,0.0,-,0.0,0.0,0.0,0.0,-,100.0,25.0
University of Edinburgh,uoe,10.0,80.0,22.22222222222222,10.0,30.555555555555557,10.0,80.0,22.22222222222222,10.0,30.555555555555557
University of Essex,university_of_essex,0.0,-,-,100.0,25.0,0.0,-,-,100.0,25.0
University of Exeter,uoex,100.0,0.0,-,100.0,50.0,100.0,0.0,-,100.0,50.0
University of Ghana,ugorid,-,-,-,-,0.0,-,-,-,-,0.0
University of Kinshasa,dspd_unikin,0.0,0.0,-,0.0,0.0,0.0,0.0,-,0.0,0.0
University of Leeds,leedsuni,0.0,100.0,100.0,100.0,75.0,0.0,100.0,100.0,100.0,75.0
University of Leicester,leics,0.0,100.0,-,100.0,50.0,0.0,100.0,-,100.0,50.0
University of Liberal Arts Bangladesh,chpd_ulab,-,-,-,-,0.0,-,-,-,-,0.0
University Of Liverpool,uol,0.0,16.666666666666664,0.0,100.0,29.166666666666664,0.0,16.666666666666664,0.0,100.0,29.166666666666664
University of Nottingham,uni_of_nottingham,-,-,-,-,0.0,-,-,-,-,0.0
University of Plymouth,uop,0.0,0.0,-,100.0,25.0,0.0,0.0,-,100.0,25.0
University of Southampton,soton,-,-,-,-,0.0,-,-,-,-,0.0
University of Strathclyde,strathclyde,0.0,0.0,0.0,100.0,25.0,0.0,0.0,0.0,100.0,25.0
University of Sussex,uos,0.0,66.66666666666666,-,100.0,41.666666666666664,0.0,66.66666666666666,-,100.0,41.666666666666664
University of Warwick,warwickpub123,-,-,-,-,0.0,-,-,-,-,0.0
University of York,uoy,0.0,14.285714285714285,0.0,50.0,16.07142857142857,0.0,14.285714285714285,0.0,50.0,16.07142857142857
University Of Zimbabwe,1-uz,-,-,-,-,0.0,-,-,-,-,0.0
University Putra Malaysia,upm,-,-,-,-,0.0,-,-,-,-,0.0
University Twente,utwente,-,-,-,-,0.0,-,-,-,-,0.0
Upinion Netherlands,upinion,-,-,-,200.0,50.0,-,-,-,200.0,50.0
Upper Quartile,uq,100.0,100.0,-,100.0,75.0,100.0,100.0,-,100.0,75.0
Urgent Action Fund for Women's Human Rights,uaf,25.0,100.0,100.0,100.0,81.25,25.0,100.0,100.0,100.0,81.25
Urgent Action Fund Latin America and the Caribbean,uafla,-,-,-,-,0.0,-,-,-,-,0.0
Urgent Action Fund-Africa,uaf-africa,100.0,100.0,100.0,100.0,100.0,100.0,100.0,100.0,100.0,100.0
UTZ,utz,-,-,-,-,0.0,-,-,-,-,0.0
UWEZO Youth Empowerment,uwezo_youth_empowerment,0.0,50.0,0.0,100.0,37.5,0.0,50.0,0.0,100.0,37.5
Varkey Foundation,varkeyfoundation,0.0,51.28205128205128,55.55555555555556,0.0,26.70940170940171,0.0,51.28205128205128,55.55555555555556,0.0,26.70940170940171
VEI B.V.,vei_nl,16.0,96.0,91.66666666666666,100.0,75.91666666666666,16.0,96.0,91.66666666666666,100.0,75.91666666666666
Vera Solutions,vera-solutions,-,-,-,-,0.0,-,-,-,-,0.0
VETERINAIRES SANS FRONTIERES / DIERENARTSEN ZONDER GRENZEN - BELGIUM,vsfbelgium,-,-,-,-,0.0,-,-,-,-,0.0
VIA Don Bosco,via-db,100.0,100.0,100.0,100.0,100.0,100.0,100.0,100.0,100.0,100.0
Village Enterprise,villageenterprise,-,-,-,-,0.0,-,-,-,-,0.0
Village Infrastructure Angels,via,-,-,-,-,0.0,-,-,-,-,0.0
Village Water Ltd,villagewater,0.0,100.0,100.0,0.0,50.0,0.0,100.0,100.0,0.0,50.0
Vision Aid Overseas,vao,100.0,0.0,-,100.0,50.0,100.0,0.0,-,100.0,50.0
Vision for a Nation Foundation,vfan,0.0,0.0,100.0,100.0,50.0,0.0,0.0,100.0,100.0,50.0
VisionFund International,vfi,-,-,-,-,0.0,-,-,-,-,0.0
Viva,viva,-,-,-,-,0.0,-,-,-,-,0.0
Viva Salud,g3w-m3m_admin,100.0,100.0,100.0,100.0,100.0,100.0,100.0,100.0,100.0,100.0
Vlaamse Interuniversitaire Raad voor Universitaire Ontwikkelingssamenwerking (VLIR-UOS),vlir-uos,100.0,51.09489051094891,100.0,1.824817518248175,63.229927007299274,100.0,51.09489051094891,100.0,1.824817518248175,63.229927007299274
VNG International,vngi,75.0,-,-,100.0,43.75,75.0,-,-,100.0,43.75
Voluntary Health Association of India,vhai-org,-,-,-,-,0.0,-,-,-,-,0.0
Voluntary Service Overseas (VSO),vso,25.0,100.0,100.0,75.0,75.0,25.0,100.0,100.0,75.0,75.0
Vrije Universiteit Amsterdam,acwfs_vu,0.0,0.0,-,0.0,0.0,0.0,0.0,-,0.0,0.0
VVOB Education for Development,vvob,100.0,100.0,100.0,100.0,100.0,100.0,100.0,100.0,100.0,100.0
VVSG - Vereniging van Vlaamse Steden en Gemeenten,vvsg,100.0,100.0,100.0,100.0,100.0,100.0,100.0,100.0,100.0,100.0
Wageningen University & Research - Stichting Wageningen Research,wageningen_ur,100.0,75.0,75.0,50.0,75.0,100.0,75.0,75.0,50.0,75.0
WAJIBU - Institute of Public Accountability,wajibu,-,-,-,-,0.0,-,-,-,-,0.0
Wala Ltd,walaltd,0.0,0.0,0.0,100.0,25.0,0.0,0.0,0.0,100.0,25.0
Wallah We Can,wwc_27068084,-,-,-,-,0.0,-,-,-,-,0.0
WAPA International ASBL,wapa,100.0,100.0,100.0,100.0,100.0,100.0,100.0,100.0,100.0,100.0
War Child Alliance Foundation,wcaf,100.0,100.0,100.0,100.0,100.0,100.0,100.0,100.0,100.0,100.0
War Child Canada,wcc,-,-,-,-,0.0,-,-,-,-,0.0
War Child Netherlands,warchildholland,25.0,0.0,-,25.0,12.5,25.0,0.0,-,25.0,12.5
War Child UK,wcuk,43.18181818181818,88.63636363636364,5.555555555555555,93.18181818181817,57.638888888888886,43.18181818181818,88.63636363636364,5.555555555555555,93.18181818181817,57.638888888888886
War on Want,waronwant,0.0,0.0,0.0,100.0,25.0,0.0,0.0,0.0,100.0,25.0
War on Want NI,wowni,-,-,-,-,0.0,-,-,-,-,0.0
WASH Alliance International,wai,-,-,-,-,0.0,-,-,-,-,0.0
WASTE advisers on urban environment and development,waste,100.0,100.0,100.0,100.0,100.0,100.0,100.0,100.0,100.0,100.0
WasteAid UK,wasteaid,0.0,50.0,0.0,50.0,25.0,0.0,50.0,0.0,50.0,25.0
Water & Land Resource Center,wlrc_aau,0.0,0.0,-,100.0,25.0,0.0,0.0,-,100.0,25.0
Water & Sanitation for the Urban Poor (WSUP),wsup,0.0,100.0,100.0,100.0,75.0,0.0,100.0,100.0,100.0,75.0
Water Finance Facility,wff,100.0,100.0,100.0,100.0,100.0,100.0,100.0,100.0,100.0,100.0
Water for People,w4p,-,-,-,-,0.0,-,-,-,-,0.0
Water Integrity Network Association,win,0.0,50.0,-,100.0,37.5,0.0,50.0,-,100.0,37.5
Water Sector Regulatory Council,wsrc1,0.0,0.0,20.0,200.0,55.0,0.0,0.0,20.0,200.0,55.0
Water Witness International,water-witness-international,0.0,100.0,16.666666666666664,16.666666666666664,33.33333333333333,0.0,100.0,16.666666666666664,16.666666666666664,33.33333333333333
Water Works,waterworks,-,-,-,-,0.0,-,-,-,-,0.0
WaterAid,wateraid,0.0,100.0,-,100.0,50.0,0.0,100.0,-,100.0,50.0
Wayamo Foundation,wayamo,100.0,100.0,100.0,100.0,100.0,100.0,100.0,100.0,100.0,100.0
We Effect,weeffect,-,-,-,-,0.0,-,-,-,-,0.0
We World - GVC Onlus,ww-gvc,0.0,0.0,50.0,100.0,37.5,0.0,0.0,50.0,100.0,37.5
Welbodi Partnership,welbodipartnership,0.0,100.0,0.0,100.0,50.0,0.0,100.0,0.0,100.0,50.0
Welfare Association (Taawon),welfare_taawon,66.66666666666666,33.33333333333333,33.33333333333333,100.0,58.33333333333333,66.66666666666666,33.33333333333333,33.33333333333333,100.0,58.33333333333333
Wellfound,wellfound,0.0,100.0,100.0,100.0,75.0,0.0,100.0,100.0,100.0,75.0
Welsh Centre for International Affairs,wcia,0.0,100.0,100.0,100.0,75.0,0.0,100.0,100.0,100.0,75.0
Welthungerhilfe,whh,0.0,0.0,-,100.0,25.0,0.0,0.0,-,100.0,25.0
Wemos Foundation,wemos,100.0,87.5,100.0,100.0,96.875,100.0,87.5,100.0,100.0,96.875
Wereldsolidariteit-Solidarité Mondiale (WSM),wsm,100.0,100.0,100.0,100.0,100.0,100.0,100.0,100.0,100.0,100.0
West Africa Blue,blue,0.0,100.0,-,100.0,50.0,0.0,100.0,-,100.0,50.0
West Africa Network for Peacebuilding,wanep,100.0,100.0,100.0,100.0,100.0,100.0,100.0,100.0,100.0,100.0
Westminster Foundation for Democracy,wfd,0.0,0.0,-,86.36363636363636,21.59090909090909,0.0,0.0,-,86.36363636363636,21.59090909090909
Wetlands International,wi,-,-,-,-,0.0,-,-,-,-,0.0
Wildlife Conservation Society,wcs,0.0,100.0,0.0,100.0,50.0,0.0,100.0,0.0,100.0,50.0
WILPF,wilpf_22,-,-,-,-,0.0,-,-,-,-,0.0
Win Win Strategies,wws,-,-,-,-,0.0,-,-,-,-,0.0
Windle Trust Kenya,wtk,0.0,100.0,-,100.0,50.0,0.0,100.0,-,100.0,50.0
Wits Health Consortium (Pty) Ltd,whc,-,-,-,-,0.0,-,-,-,-,0.0
WNF Wereld Natuur Fonds,wnf,50.0,90.0,40.0,90.0,67.5,50.0,90.0,40.0,90.0,67.5
"WO=MEN, Dutch Gender Platform",wo-men,40.0,70.0,80.0,100.0,72.5,40.0,70.0,80.0,100.0,72.5
Wolayita Development Association,woda_0486,-,-,-,-,0.0,-,-,-,-,0.0
Womankind Worldwide,womankindworld,11.11111111111111,55.55555555555556,66.66666666666666,100.0,58.33333333333333,11.11111111111111,55.55555555555556,66.66666666666666,100.0,58.33333333333333
Women and Children First (UK),wcf,-,-,-,-,0.0,-,-,-,-,0.0
Women Challenged to Challenge,wctc,100.0,100.0,100.0,100.0,100.0,100.0,100.0,100.0,100.0,100.0
Women Engage for a Common Future,wecf,100.0,100.0,21.428571428571427,100.0,80.35714285714286,100.0,100.0,21.428571428571427,100.0,80.35714285714286
Women Environmental Programme,wep,9.090909090909092,63.63636363636363,0.0,90.9090909090909,40.90909090909091,9.090909090909092,63.63636363636363,0.0,90.9090909090909,40.90909090909091
Women for Women International (UK),wfwiuk,0.0,100.0,-,100.0,50.0,0.0,100.0,-,100.0,50.0
Women Peacemakers Program,wpp,100.0,100.0,100.0,100.0,100.0,100.0,100.0,100.0,100.0,100.0
Women Unlimited Eswatini,wu,0.0,100.0,-,100.0,50.0,0.0,100.0,-,100.0,50.0
Women's Action Group,wag-1983,0.0,100.0,-,100.0,50.0,0.0,100.0,-,100.0,50.0
Women's Centre for Legal Aid and Counselling,wclac,100.0,100.0,100.0,100.0,100.0,100.0,100.0,100.0,100.0,100.0
Women's Environment & Development Organization,wedo,-,-,-,-,0.0,-,-,-,-,0.0
Women's Fund Asia,wf-asia,83.33333333333334,100.0,100.0,83.33333333333334,91.66666666666669,83.33333333333334,100.0,100.0,83.33333333333334,91.66666666666669
Women's Global Network on Reproductive Rights,wgnrr_iati,-,-,-,-,0.0,-,-,-,-,0.0
Women's International Peace Centre,wipc,100.0,100.0,100.0,100.0,100.0,100.0,100.0,100.0,100.0,100.0
Women's Legal Resources Centre,wolrec,0.0,100.0,100.0,100.0,75.0,0.0,100.0,100.0,100.0,75.0
Women's Refugee Commission,w_r_c,-,-,-,-,0.0,-,-,-,-,0.0
World Agroforestry Centre,icraf_,-,-,-,-,0.0,-,-,-,-,0.0
World Association for Christian Communication (UK),wacc-uk,-,-,-,-,0.0,-,-,-,-,0.0
World Bank Trust Funds,wbtf,100.0,-,-,97.7924944812362,49.44812362030905,100.0,-,-,97.7924944812362,49.44812362030905
World Benchmarking Alliance Foundation,wba,9.090909090909092,9.090909090909092,10.0,100.0,32.04545454545455,9.090909090909092,9.090909090909092,10.0,100.0,32.04545454545455
World Child Cancer UK,wccuk,57.14285714285714,100.0,14.285714285714285,100.0,67.85714285714286,57.14285714285714,100.0,14.285714285714285,100.0,67.85714285714286
World Economic Forum,worldeconomicforum,0.0,0.0,0.0,100.0,25.0,0.0,0.0,0.0,100.0,25.0
World Economic Forum Geneva,weforum_geneva,0.0,0.0,100.0,100.0,50.0,0.0,0.0,100.0,100.0,50.0
World Education Inc.,wei,100.0,100.0,100.0,100.0,100.0,100.0,100.0,100.0,100.0,100.0
World Federalist Movement - Institute for Global Policy,wfm-igp,0.0,100.0,0.0,100.0,50.0,0.0,100.0,0.0,100.0,50.0
World Health Organization (WHO),who,100.0,76.63696241766758,0.0,100.0,69.1592406044169,100.0,76.63696241766758,0.0,100.0,69.1592406044169
World Horse Welfare,whw2019,0.0,100.0,100.0,100.0,75.0,0.0,100.0,100.0,100.0,75.0
World Jewish Relief,wjr_001,0.0,100.0,0.0,100.0,50.0,0.0,100.0,0.0,100.0,50.0
World Relief Corp of National Association of Evangelicals,worldrelief,100.0,100.0,100.0,100.0,100.0,100.0,100.0,100.0,100.0,100.0
World Resources Institute,wri,0.0,0.0,100.0,100.0,50.0,0.0,0.0,100.0,100.0,50.0
World University Service of Canada,wusc,0.0,100.0,0.0,0.0,25.0,0.0,100.0,0.0,0.0,25.0
World Vegetable Center,worldveg,100.0,100.0,100.0,100.0,100.0,100.0,100.0,100.0,100.0,100.0
World Vision Central African Republic,wv_cf,-,-,-,-,0.0,-,-,-,-,0.0
World Vision Democratic Republic of Congo,wv_cd,0.0,0.0,100.0,0.0,25.0,0.0,0.0,100.0,0.0,25.0
World Vision Ethiopia,wv_et_activities,-,-,-,-,0.0,-,-,-,-,0.0
World Vision Germany,wv_de,100.0,0.0,100.0,0.0,50.0,100.0,0.0,100.0,0.0,50.0
World Vision International,wvi,0.0,97.1830985915493,100.0,0.0,49.29577464788733,0.0,97.1830985915493,100.0,0.0,49.29577464788733
World Vision Netherlands,wvnld,89.47368421052632,68.42105263157895,66.66666666666666,100.0,81.14035087719299,89.47368421052632,68.42105263157895,66.66666666666666,100.0,81.14035087719299
World Vision UK,wvuk,-,-,-,-,0.0,-,-,-,-,0.0
World Vision Zimbabwe,wvz-gec,-,-,-,-,0.0,-,-,-,-,0.0
World Waternet,worldwaternet,100.0,100.0,100.0,100.0,100.0,100.0,100.0,100.0,100.0,100.0
World Wide Fund for Nature - Kenya,wwf-kenya,50.0,100.0,0.0,100.0,62.5,50.0,100.0,0.0,100.0,62.5
World Wide Fund for Nature - Pakistan,wwfpakistan,33.33333333333333,100.0,100.0,100.0,83.33333333333333,33.33333333333333,100.0,100.0,100.0,83.33333333333333
World Wide Fund for Nature Belgium (WWF-BE),wwf-be,100.0,100.0,100.0,100.0,100.0,100.0,100.0,100.0,100.0,100.0
World Wide Fund for Nature Denmark,wwfdk,5.0,60.0,83.33333333333334,100.0,62.083333333333336,5.0,60.0,83.33333333333334,100.0,62.083333333333336
World Wide Fund for Nature Zambia,wwfzambia,100.0,100.0,100.0,100.0,100.0,100.0,100.0,100.0,100.0,100.0
"World Wildlife Fund Inc, Bolivia Program Office",wwf_bolivia,100.0,100.0,100.0,100.0,100.0,100.0,100.0,100.0,100.0,100.0
World Young Women's Christian Association,world_ywca,20.0,100.0,100.0,100.0,80.0,20.0,100.0,100.0,100.0,80.0
Worldwide Hospice Palliative Care Alliance,whpca,-,-,-,-,0.0,-,-,-,-,0.0
WSP USA Solutions Inc.,lbg,-,-,-,-,0.0,-,-,-,-,0.0
WWF Indonesia,wwf_id,100.0,100.0,100.0,100.0,100.0,100.0,100.0,100.0,100.0,100.0
WWF Paraguay,wwf-py,100.0,100.0,100.0,100.0,100.0,100.0,100.0,100.0,100.0,100.0
WWF Sweden,wwf-se,-,-,-,-,0.0,-,-,-,-,0.0
WWF TUNISIA,wwfna,100.0,100.0,100.0,100.0,100.0,100.0,100.0,100.0,100.0,100.0
WWF-BRASIL,wwfbr,100.0,100.0,100.0,100.0,100.0,100.0,100.0,100.0,100.0,100.0
WWF-UK,wwf-uk,0.0,100.0,-,95.65217391304348,48.913043478260875,0.0,100.0,-,95.65217391304348,48.913043478260875
WYG International B.V.,wygi,71.42857142857143,100.0,0.0,85.71428571428571,64.28571428571429,71.42857142857143,100.0,0.0,85.71428571428571,64.28571428571429
Y Care International,ycare,0.0,100.0,0.0,100.0,50.0,0.0,100.0,0.0,100.0,50.0
Yamaan Foundation for Health and Social Development,yffhsd,66.66666666666666,33.33333333333333,100.0,100.0,75.0,66.66666666666666,33.33333333333333,100.0,100.0,75.0
Yayasan PEKKA,pekka_21,-,-,-,-,0.0,-,-,-,-,0.0
YMCA of Liberia,libymca,0.0,100.0,100.0,0.0,50.0,0.0,100.0,100.0,0.0,50.0
Young Africa International HUB,yai-hub,0.0,0.0,50.0,100.0,37.5,0.0,0.0,50.0,100.0,37.5
Young Innovations Pvt. Ltd,yipl,-,-,-,-,0.0,-,-,-,-,0.0
Young Women Christian Association of South Sudan (YWCA SS),ywcass,100.0,100.0,100.0,100.0,100.0,100.0,100.0,100.0,100.0,100.0
Young Women's Christian Association of Kenya,ywcakenya,100.0,100.0,100.0,100.0,100.0,100.0,100.0,100.0,100.0,100.0
Youth Business International,ybi,100.0,100.0,0.0,100.0,75.0,100.0,100.0,0.0,100.0,75.0
Youth Development Labs Inc,ylabs,0.0,100.0,0.0,100.0,50.0,0.0,100.0,0.0,100.0,50.0
Youth Net and Counselling - YONECO,yoneco1997,0.0,0.0,0.0,100.0,25.0,0.0,0.0,0.0,100.0,25.0
Youth without border organization for development,ywbod,100.0,-,100.0,100.0,75.0,100.0,-,100.0,100.0,75.0
YWCA of Bangladesh,ywcabd,-,-,-,-,0.0,-,-,-,-,0.0
YWCA Palestine,ywca,100.0,100.0,100.0,100.0,100.0,100.0,100.0,100.0,100.0,100.0
YY Ventures,yy_ventures,100.0,100.0,0.0,100.0,75.0,100.0,100.0,0.0,100.0,75.0
Zambia Orphans Aid UK,zoa_uk,-,-,-,-,0.0,-,-,-,-,0.0
Zimbabwe Educational Trust,zet,-,-,-,-,0.0,-,-,-,-,0.0
Zing,zing,0.0,100.0,100.0,0.0,50.0,0.0,100.0,100.0,0.0,50.0
ZOA,zoa,78.125,100.0,94.73684210526315,96.875,92.43421052631578,78.125,100.0,94.73684210526315,96.875,92.43421052631578
Zoological Society of London,zsl,0.0,100.0,0.0,100.0,50.0,0.0,100.0,0.0,100.0,50.0
