Publisher Name,Publisher Registry Id,Core Average (with valid data),Financials Average (with valid data),Value Added Average (with valid data),Weighted Average (with valid data),Core Average (with any data),Financials Average (with any data),Value Added Average (with any data),Weighted Average (with any data)
2X Global Limited,2xglobal,100.0,25.0,0.0,56.25,100.0,25.0,0.0,56.25
3F International,3fi,99.33333333333333,49.99999999999999,15.07936507936508,65.93650793650794,100.0,49.99999999999999,15.07936507936508,66.26984126984127
50 Eight Limited,fifty_eight,100.0,50.0,44.44444444444444,73.61111111111111,100.0,50.0,44.44444444444444,73.61111111111111
60 Decibels,60db,0.0,0.0,0.0,0.0,0.0,0.0,0.0,0.0
Aapasi Sahayog Kendra Syangja Nepal (ASK Nepal),ask,90.0,37.5,16.666666666666668,58.541666666666664,100.0,37.5,16.666666666666668,63.541666666666664
Aasaman Nepal,aasaman,0.0,0.0,0.0,0.0,0.0,0.0,0.0,0.0
ABAAD - Resource Center for Gender Equality,arcfge,98.46153846153847,79.16666666666666,18.803418803418804,73.7232905982906,100.0,79.16666666666666,18.803418803418804,74.49252136752136
Abaseen Foundation UK,abaseen,0.0,0.0,0.0,0.0,0.0,0.0,0.0,0.0
Abdul Latif Jameel Poverty Action Lab at MIT,jpal,100.0,75.0,11.11111111111111,71.52777777777777,100.0,75.0,11.11111111111111,71.52777777777777
Able Child Africa,ablechildafrica,0.0,0.0,0.0,0.0,0.0,0.0,0.0,0.0
Abt Associates Inc,abt,90.0,25.0,22.22222222222222,56.80555555555556,100.0,50.0,22.22222222222222,68.05555555555556
Abt Britain Limited,abtbritain,90.0,50.0,33.333333333333336,65.83333333333333,100.0,50.0,33.333333333333336,70.83333333333333
Acacia Water,aw,0.0,0.0,0.0,0.0,0.0,0.0,0.0,0.0
Academy for Health Development (AHEAD),ahead,90.0,100.0,22.22222222222222,75.55555555555556,100.0,100.0,22.22222222222222,80.55555555555556
Académie de recherche et d'enseignement supérieur,ares,99.51388888888889,97.72727272727272,22.605363984674327,79.8401036224312,99.51388888888889,97.72727272727272,22.605363984674327,79.8401036224312
Accelerator Nepal,acceleratornepal,100.0,50.0,22.22222222222222,68.05555555555556,100.0,50.0,22.22222222222222,68.05555555555556
Access to Finance Rwanda,afrwanda,0.0,0.0,0.0,0.0,0.0,0.0,0.0,0.0
Access to Medicine Foundation,atmf,100.0,75.0,33.333333333333336,77.08333333333333,100.0,75.0,33.333333333333336,77.08333333333333
Access to Seeds Foundation,atsf,92.30769230769229,0.0,21.36752136752137,51.49572649572649,100.0,0.0,21.36752136752137,55.34188034188034
ACCORD,accord_2024,100.0,50.0,77.77777777777777,81.94444444444444,100.0,50.0,77.77777777777777,81.94444444444444
Accountability Lab,alab,95.0,75.0,38.888888888888886,75.97222222222223,100.0,75.0,38.888888888888886,78.47222222222223
Accountable Now,accountablenow,0.0,0.0,0.0,0.0,0.0,0.0,0.0,0.0
"Aceli Africa, Inc.",aceliafrica,100.0,100.0,55.55555555555556,88.88888888888889,100.0,100.0,55.55555555555556,88.88888888888889
ACER International UK Ltd,aceruk,0.0,0.0,0.0,0.0,0.0,0.0,0.0,0.0
Acid Survivors Foundation,_admin,100.0,50.0,22.22222222222222,68.05555555555556,100.0,50.0,22.22222222222222,68.05555555555556
ACODEV,acodev,100.0,100.0,37.77777777777778,84.44444444444444,100.0,100.0,37.77777777777778,84.44444444444444
Across,across,0.0,0.0,0.0,0.0,0.0,0.0,0.0,0.0
ACT Alliance,act_alliance,100.0,50.0,0.0,62.5,100.0,50.0,0.0,62.5
act4africa,act4africa,0.0,0.0,0.0,0.0,0.0,0.0,0.0,0.0
ACTED,acted,80.0,25.0,33.333333333333336,54.583333333333336,100.0,25.0,33.333333333333336,64.58333333333333
ACTION AGAINST HUNGER SPAIN,acfspain,99.0,87.5,15.555555555555555,75.26388888888889,100.0,87.5,15.555555555555555,75.76388888888889
Action Against Hunger UK,acf,97.5,52.27272727272727,21.64351851851852,67.22906144781145,100.0,52.27272727272727,21.64351851851852,68.47906144781145
Action Against Hunger USA,aahusa,90.0,25.0,11.11111111111111,54.02777777777778,100.0,25.0,11.11111111111111,59.02777777777778
Action Aid Cambodia,aac,0.0,0.0,0.0,0.0,0.0,0.0,0.0,0.0
Action Canada for Sexual Health and Rights,acfshr,100.0,75.0,55.55555555555556,82.63888888888889,100.0,75.0,55.55555555555556,82.63888888888889
Action Contre la Faim,acf-fr,100.0,33.33333333333333,11.11111111111111,61.11111111111111,100.0,33.33333333333333,11.11111111111111,61.11111111111111
ActionAid Bangladesh,aab,100.0,67.85714285714286,22.22222222222222,72.51984126984128,100.0,67.85714285714286,33.333333333333336,75.29761904761905
ActionAid Denmark (Mellemfolkeligt Samvirke),aadk,100.0,67.1875,32.71604938271605,74.97588734567901,100.0,67.1875,32.71604938271605,74.97588734567901
ActionAid Ghana,aag,0.0,0.0,0.0,0.0,0.0,0.0,0.0,0.0
ActionAid International,aai,0.0,0.0,0.0,0.0,0.0,0.0,0.0,0.0
ACTIONAID INTERNATIONAL KENYA,aaik,100.0,75.0,44.44444444444444,79.86111111111111,100.0,75.0,44.44444444444444,79.86111111111111
ActionAid International Nepal,aain,0.0,0.0,0.0,0.0,0.0,0.0,0.0,0.0
ActionAid Rwanda,aar,0.0,0.0,0.0,0.0,0.0,0.0,0.0,0.0
ActionAid UK,aauk,98.37209302325581,71.58002735978113,25.86479953321664,73.54725323487735,100.0,71.58002735978113,31.291156122363923,75.71779587053626
Acumen,acumen,95.0,50.0,11.11111111111111,62.77777777777778,100.0,50.0,11.11111111111111,65.27777777777777
ACV-CSC International,iiwe,100.0,100.0,38.888888888888886,84.72222222222223,100.0,100.0,38.888888888888886,84.72222222222223
Adam Smith International,asi,100.0,51.388888888888886,33.023735810113514,71.1031561747506,100.0,51.388888888888886,33.023735810113514,71.1031561747506
Adaptation Fund,af,90.0,50.0,19.6969696969697,62.42424242424242,100.0,50.0,37.87878787878788,71.96969696969697
ADD International (Action on Disability and Development),addinternational,92.14285714285714,32.69230769230769,36.77248677248677,63.437627187627186,95.0,32.69230769230769,37.56613756613756,65.06461131461131
Adili Solar Hubs Limited,adili_sh,100.0,37.5,22.22222222222222,64.93055555555556,100.0,37.5,22.22222222222222,64.93055555555556
Administração de Infra-Estruturas de Águas e Saneamento,aias,100.0,75.0,33.333333333333336,77.08333333333333,100.0,75.0,33.333333333333336,77.08333333333333
ADRA Denmark,adra-dk,92.35294117647058,27.94117647058824,30.021786492374726,60.66721132897603,100.0,27.94117647058824,30.021786492374726,64.49074074074073
ADRA-UK,adrauk,95.0,75.0,22.22222222222222,71.80555555555556,95.0,75.0,22.22222222222222,71.80555555555556
ADS-Nyanza,ads-nyanza,0.0,0.0,0.0,0.0,0.0,0.0,0.0,0.0
Advance Consulting,ac1999,100.0,62.5,59.25925925925925,80.43981481481481,100.0,62.5,59.25925925925925,80.43981481481481
Adventist Development and Relief Agency (ADRA Somalia),adrasom,0.0,0.0,0.0,0.0,0.0,0.0,0.0,0.0
"Adventist Development and Relief Agency, Nepal",adra_nepal,0.0,0.0,0.0,0.0,0.0,0.0,0.0,0.0
AECOM,aecom,100.0,25.568181818181817,19.444444444444443,61.25315656565657,100.0,25.568181818181817,19.444444444444443,61.25315656565657
Aeras,aeras,90.0,75.0,11.11111111111111,66.52777777777777,100.0,75.0,11.11111111111111,71.52777777777777
AFELT,afelt,0.0,0.0,0.0,0.0,0.0,0.0,0.0,0.0
AFEW International,afewinternational,0.0,0.0,0.0,0.0,0.0,0.0,0.0,0.0
Afghanistan and Central Asian Association,acaa,0.0,0.0,0.0,0.0,0.0,0.0,0.0,0.0
Afghanistan Public Policy Research Organization (APPRO),appro-af,0.0,0.0,0.0,0.0,0.0,0.0,0.0,0.0
Africa Climate Ventures,acv,0.0,0.0,0.0,0.0,0.0,0.0,0.0,0.0
Africa Educational Trust,aet,90.0,12.5,22.22222222222222,53.68055555555556,100.0,37.5,27.77777777777778,66.31944444444444
Africa Philanthropy Network,apn,100.0,100.0,55.55555555555556,88.88888888888889,100.0,100.0,55.55555555555556,88.88888888888889
Africalia,africalia,100.0,100.0,47.22222222222222,86.80555555555556,100.0,100.0,47.22222222222222,86.80555555555556
African Academy of Sciences,aas,80.0,25.0,33.333333333333336,54.583333333333336,100.0,25.0,33.333333333333336,64.58333333333333
African Center for Economic Transformation (ACET),acet,95.92592592592592,52.12962962962963,22.792742237186683,66.69355592966704,100.0,52.12962962962963,22.792742237186683,68.73059296670408
African Centre for Global Health and Social Transformation,achest,0.0,0.0,0.0,0.0,0.0,0.0,0.0,0.0
African Centre for Trade and Development,actade,90.0,50.0,38.888888888888886,67.22222222222223,100.0,50.0,38.888888888888886,72.22222222222223
African Development Bank,afdb,99.85739750445633,96.27831715210357,94.43282563550473,97.60648444913025,99.85739750445633,96.27831715210357,94.43282563550473,97.60648444913025
African Disability Forum (ADF),et-adf-0317,100.0,53.57142857142857,48.41269841269841,75.49603174603175,100.0,53.57142857142857,48.41269841269841,75.49603174603175
African Initiatives,ai_1064413,0.0,0.0,0.0,0.0,0.0,0.0,0.0,0.0
African Institute For Development Policy,afidep,0.0,0.0,0.0,0.0,0.0,0.0,0.0,0.0
African Parks Network,african_parks,100.0,25.0,29.365079365079364,63.59126984126984,100.0,25.0,29.365079365079364,63.59126984126984
African Population and Health Research Center,aphrc,100.0,75.0,22.22222222222222,74.30555555555556,100.0,75.0,22.22222222222222,74.30555555555556
African Revival,africanrevival,100.0,75.0,11.11111111111111,71.52777777777777,100.0,75.0,11.11111111111111,71.52777777777777
African Security Sector Network,assn,100.0,100.0,11.11111111111111,77.77777777777777,100.0,100.0,11.11111111111111,77.77777777777777
African Tax Administration Forum,ataf,100.0,50.0,22.22222222222222,68.05555555555556,100.0,50.0,22.22222222222222,68.05555555555556
African Women's Development and Communication Network,femnet,100.0,97.72727272727272,28.148148148148152,81.46885521885523,100.0,97.72727272727272,28.148148148148152,81.46885521885523
African Women's Development Fund,awdf,97.0,75.0,25.555555555555557,73.63888888888889,100.0,75.0,25.555555555555557,75.13888888888889
Afrikagrupperna Sweden,afrikagrupperna,0.0,0.0,0.0,0.0,0.0,0.0,0.0,0.0
AfriKids,afrikids,100.0,75.0,44.44444444444444,79.86111111111111,100.0,75.0,44.44444444444444,79.86111111111111
Aga Khan Foundation (United Kingdom),akfuk73,95.0,37.5,11.11111111111111,59.65277777777778,100.0,50.0,11.11111111111111,65.27777777777777
Aga Khan Foundation Afghanistan,akf_afghanistan,90.0,25.0,11.11111111111111,54.02777777777778,100.0,25.0,11.11111111111111,59.02777777777778
AgDevCo,agdevco,100.0,50.0,18.43971631205674,67.10992907801419,100.0,50.0,18.43971631205674,67.10992907801419
Agence Française de Développement,afd,100.0,97.06930148503183,62.71770994999138,89.9467528587558,100.0,97.06930148503183,62.72920618497442,89.94962691750156
Agence Nationale d'Approvisionnement en Eau Potable en Milieu Rural du Benin,anaepmr_benin,0.0,0.0,0.0,0.0,0.0,0.0,0.0,0.0
Agency for Cooperation and Research in Development (ACORD),acord,100.0,25.0,55.55555555555556,70.13888888888889,100.0,25.0,55.55555555555556,70.13888888888889
AgResults Initiative,agresults,90.0,25.0,16.666666666666668,55.416666666666664,100.0,25.0,16.666666666666668,60.416666666666664
Agroicone,agroicone,0.0,0.0,0.0,0.0,0.0,0.0,0.0,0.0
Agsol Limited,agsollimited,96.66666666666666,33.33333333333333,22.22222222222222,62.222222222222214,100.0,33.33333333333333,22.22222222222222,63.888888888888886
Agulhas Applied Knowledge,aak,0.0,0.0,0.0,0.0,0.0,0.0,0.0,0.0
Agência de Desenvolvimento do Vale do Zambeze,agencia_do_zambeze,90.0,75.0,44.44444444444444,74.86111111111111,100.0,75.0,44.44444444444444,79.86111111111111
AICS - Agenzia Italiana per la Cooperazione allo Sviluppo / Italian Agency for Cooperation and Development,aics,100.0,81.05405158222058,44.714331837619504,81.44209585496003,100.0,81.05405158222058,44.714331837619504,81.44209585496003
AidData,aiddata,95.80152671755725,40.624417766815,25.643908801458007,64.46784500084688,97.00622233626275,40.624417766815,28.68665261654129,65.83087876397045
AIDS and Rights Alliance for Southern Africa,arasaregional,92.5,43.75,30.555555555555557,64.82638888888889,100.0,43.75,30.555555555555557,68.57638888888889
Aidsfonds - Soa Aids Nederland,nl-kvk-41207989,92.0,73.0,41.77777777777778,74.69444444444444,100.0,73.0,41.77777777777778,78.69444444444444
AIDSPAN,aidspan,93.33333333333333,16.666666666666664,22.22222222222222,56.388888888888886,100.0,16.666666666666664,22.22222222222222,59.72222222222222
Air Charter Service Group Ltd,acs_group,0.0,0.0,0.0,0.0,0.0,0.0,0.0,0.0
Ajuda de Desenvolvimento de Povo para Povo (ADPP),adpp,90.0,25.0,22.22222222222222,56.80555555555556,100.0,25.0,22.22222222222222,61.80555555555556
Akili Dada,ad,100.0,50.0,43.20987654320988,73.30246913580247,100.0,50.0,43.20987654320988,73.30246913580247
Akina Mama wa Afrika,amwa,100.0,97.5,66.19047619047619,90.92261904761905,100.0,97.5,66.19047619047619,90.92261904761905
Aktis Strategy Ltd,aktis,97.5,43.75,18.51851851851852,64.31712962962963,97.5,43.75,18.51851851851852,64.31712962962963
Akvo Foundation,akvo,0.0,0.0,0.0,0.0,0.0,0.0,0.0,0.0
Al Majmoua,al_majmoua,95.0,50.0,27.77777777777778,66.94444444444444,100.0,50.0,27.77777777777778,69.44444444444444
Alcis Holdings Limited,alcis,0.0,0.0,0.0,0.0,0.0,0.0,0.0,0.0
Alfalit,alfalit,40.0,0.0,11.11111111111111,22.77777777777778,60.0,0.0,22.22222222222222,35.55555555555556
Alinea International Ltd.,alineainternational_2020,96.0,75.0,33.333333333333336,75.08333333333333,100.0,75.0,33.333333333333336,77.08333333333333
Alinea International Ltd. UK,alinea_uk,100.0,50.0,33.333333333333336,70.83333333333333,100.0,50.0,33.333333333333336,70.83333333333333
All We Can (formerly Methodist Relief and Development Fund),allwecan,0.0,0.0,0.0,0.0,0.0,0.0,0.0,0.0
Allergy and Asthma Institute Pakistan,aaip,90.0,25.0,22.22222222222222,56.80555555555556,100.0,25.0,22.22222222222222,61.80555555555556
Alliance for a Green Revolution for Africa,agra,0.0,0.0,0.0,0.0,0.0,0.0,0.0,0.0
"Alliance for Global Water Adaptation, Inc",agwa,90.0,50.0,22.22222222222222,63.05555555555556,100.0,50.0,22.22222222222222,68.05555555555556
Alliance of Religions and Conservation,alliance_of_religions_and_conservation,100.0,50.0,11.11111111111111,65.27777777777777,100.0,50.0,11.11111111111111,65.27777777777777
Altai Consulting,altai,100.0,25.0,11.11111111111111,59.02777777777778,100.0,25.0,11.11111111111111,59.02777777777778
American Friends Service Committee,afsc,0.0,0.0,0.0,0.0,0.0,0.0,0.0,0.0
American University of Beirut,auob,0.0,0.0,0.0,0.0,0.0,0.0,0.0,0.0
Amnesty International The Netherlands,amnesty,91.0,75.0,16.11111111111111,68.27777777777777,100.0,75.0,16.11111111111111,72.77777777777777
Amnesty International UK Section Charitable Trust,aiuk,100.0,25.0,22.22222222222222,61.80555555555556,100.0,25.0,22.22222222222222,61.80555555555556
AmplifyChange,amplifychange,99.77011494252874,49.85632183908046,41.55161078238002,72.7370406266295,99.77011494252874,49.85632183908046,41.55161078238002,72.7370406266295
Amref Health Africa - UK,amrefha,96.66666666666666,41.666666666666664,48.148148148148145,70.78703703703702,100.0,41.666666666666664,48.148148148148145,72.4537037037037
Amref Health Africa Headquarters,amrefhq,100.0,75.0,33.333333333333336,77.08333333333333,100.0,75.0,33.333333333333336,77.08333333333333
Amref Health Africa in Ethiopia,amrefeth,100.0,75.0,33.333333333333336,77.08333333333333,100.0,75.0,33.333333333333336,77.08333333333333
Amref Health Africa in Kenya,amrefkenya,100.0,87.5,44.44444444444444,82.98611111111111,100.0,87.5,44.44444444444444,82.98611111111111
Amref health Africa in Senegal,awa_sn,100.0,100.0,33.333333333333336,83.33333333333333,100.0,100.0,33.333333333333336,83.33333333333333
Amref Health Africa in Tanzania,amreftz,95.0,50.0,38.888888888888886,69.72222222222223,95.0,50.0,38.888888888888886,69.72222222222223
Amref Health Africa in Uganda,amrefug,100.0,50.0,55.55555555555556,76.38888888888889,100.0,50.0,55.55555555555556,76.38888888888889
Amref Health Africa Malawi,amrefmw,0.0,0.0,0.0,0.0,0.0,0.0,0.0,0.0
Amref Health Africa NL,amrefnl,97.81818181818183,74.33238636363636,47.557204700061845,79.38148867501546,100.0,74.33238636363636,47.557204700061845,80.47239776592455
Ananda Marga Universal Relief Team (AMURT) Africa,amurt_kenya,0.0,0.0,0.0,0.0,0.0,0.0,0.0,0.0
ANDA,anda,40.0,0.0,11.11111111111111,22.77777777777778,60.0,0.0,22.22222222222222,35.55555555555556
Anti-Slavery International,asil,90.0,25.0,33.333333333333336,59.583333333333336,100.0,25.0,33.333333333333336,64.58333333333333
Apollo Agriculture,apolloagriculture,100.0,25.0,22.22222222222222,61.80555555555556,100.0,25.0,22.22222222222222,61.80555555555556
APOPO,apopo,100.0,100.0,45.55555555555556,86.38888888888889,100.0,100.0,45.55555555555556,86.38888888888889
APPRO-Europe,appro-eu,0.0,0.0,0.0,0.0,0.0,0.0,0.0,0.0
APT Action on Poverty,apt,0.0,0.0,0.0,0.0,0.0,0.0,0.0,0.0
Aqua for All,aqua4all,0.0,0.0,0.0,0.0,0.0,0.0,0.0,0.0
Arab foundation for freedoms and equality,afemena,0.0,0.0,0.0,0.0,0.0,0.0,0.0,0.0
Arab Reporters for Investigative Journalism,arij,0.0,0.0,0.0,0.0,0.0,0.0,0.0,0.0
Arab Women Organization of Jordan,awo2022,100.0,100.0,22.22222222222222,80.55555555555556,100.0,100.0,22.22222222222222,80.55555555555556
"ARGUS, Company with Foreign Capital",argus_kyiv,0.0,0.0,0.0,0.0,0.0,0.0,0.0,0.0
ARK (Absolute Return for Kids),ark,100.0,25.0,44.44444444444444,67.36111111111111,100.0,25.0,44.44444444444444,67.36111111111111
ARK Group DMCC,arkgroupdmcc1,0.0,0.0,0.0,0.0,0.0,0.0,0.0,0.0
ARQ International,arq_intl,0.0,0.0,0.0,0.0,0.0,0.0,0.0,0.0
Article19,art19,0.0,0.0,0.0,0.0,0.0,0.0,0.0,0.0
Ashoka East Africa,ashoka,0.0,0.0,0.0,0.0,0.0,0.0,0.0,0.0
Asia Justice and Rights,ajar,0.0,0.0,0.0,0.0,0.0,0.0,0.0,0.0
Asian Coalition for Housing Rights,achr,90.0,25.0,0.0,51.25,100.0,25.0,0.0,56.25
Asian Development Bank,asdb,90.70240295748613,66.45101663585952,60.10219187807255,76.98950360722608,100.0,66.45101663585952,60.215151418019154,81.66654201346967
Asian-Pacific Resource and Research Centre for Women (ARROW),my-ssm,100.0,100.0,44.44444444444444,86.11111111111111,100.0,100.0,44.44444444444444,86.11111111111111
Asociación Movimiento Feminista Por La Paz Ruta Pacífica de las Mujeres,rpm,100.0,75.0,33.333333333333336,77.08333333333333,100.0,75.0,33.333333333333336,77.08333333333333
Asociación Profamilia,profamilia,0.0,0.0,0.0,0.0,0.0,0.0,0.0,0.0
Assistance Mission for Africa,ama-south-sudan,100.0,100.0,44.44444444444444,86.11111111111111,100.0,100.0,44.44444444444444,86.11111111111111
Association African Solidarité (AAS),240001090,90.0,50.0,33.333333333333336,65.83333333333333,100.0,50.0,33.333333333333336,70.83333333333333
Association Burkinabè pour le Bien Etre Familial Burkina Faso,abbef,100.0,50.0,44.44444444444444,73.61111111111111,100.0,50.0,44.44444444444444,73.61111111111111
Association Béninoise pour la Promotion de la Famille,abpf,100.0,100.0,66.66666666666667,91.66666666666667,100.0,100.0,66.66666666666667,91.66666666666667
Association Béninoise pour le Marketing Social et la Communication pour la Santé (ABMS),abms,100.0,75.0,44.44444444444444,79.86111111111111,100.0,75.0,44.44444444444444,79.86111111111111
Association Centrafricaine de Traduction de la Bible et Alphabetisation,acatba,0.0,0.0,0.0,0.0,0.0,0.0,0.0,0.0
Association CHS Alliance,chs_alliance,92.5,50.0,31.944444444444443,66.73611111111111,100.0,50.0,31.944444444444443,70.48611111111111
"Association de solidarité internationale, Agriculteurs français et développement international (Afdi) France",afdi-fr,0.0,0.0,0.0,0.0,0.0,0.0,0.0,0.0
Association de Soutien au Développement des Activités de Population,asdap,0.0,0.0,0.0,0.0,0.0,0.0,0.0,0.0
Association des Editeurs du Magazine Jimbere,j2022,100.0,50.0,22.22222222222222,68.05555555555556,100.0,50.0,22.22222222222222,68.05555555555556
Association des Jeunes Burundais pour le Développement Inclusif (AJEBUDI-YAGA),ajebudi_2024,90.0,75.0,44.44444444444444,74.86111111111111,100.0,75.0,44.44444444444444,79.86111111111111
Association for Cultural Technical and Educational Cooperation (ACTEC),actec,100.0,100.0,44.05594405594406,86.01398601398601,100.0,100.0,44.05594405594406,86.01398601398601
"Association for Prevention of Septic Abortion, Bangladesh (BAPSA)",bapsa,0.0,0.0,0.0,0.0,0.0,0.0,0.0,0.0
Association for Progressive Communication,apc,100.0,51.041666666666664,40.211640211640216,72.81332671957672,100.0,51.041666666666664,40.211640211640216,72.81332671957672
Association for Reproductive and Family Health,arfh,0.0,0.0,0.0,0.0,0.0,0.0,0.0,0.0
Association for Women's Rights in Development (AWID),awid,96.66666666666666,83.33333333333333,37.03703703703703,78.42592592592591,100.0,83.33333333333333,37.03703703703703,80.09259259259258
Association of Commonwealth Universities,acu,0.0,0.0,0.0,0.0,0.0,0.0,0.0,0.0
Association pour la Promotion de l'Education et de la Formation à l'Etranger,apefe,100.0,100.0,41.48148148148149,85.37037037037037,100.0,100.0,41.48148148148149,85.37037037037037
Atos IT Services Ltd,atosuk,93.33333333333333,50.0,25.925925925925924,65.64814814814815,93.33333333333333,50.0,25.925925925925924,65.64814814814815
Atradius Dutch State Business,adsb,100.0,43.65079365079365,27.645855379188713,67.82416225749559,100.0,43.65079365079365,27.645855379188713,67.82416225749559
Auschwitz Institute for the Prevention of Genocide and Mass Atrocities,aipr,100.0,72.91666666666666,42.59259259259259,78.87731481481481,100.0,72.91666666666666,42.59259259259259,78.87731481481481
Australia - Department of  Foreign Affairs and Trade,ausgov,99.91935483870968,92.07949308755761,40.07860463465701,82.9992018499085,100.0,92.07949308755761,40.09140545390945,83.04272463536675
Auto-Développement Afrique (ADA),ada,0.0,0.0,0.0,0.0,0.0,0.0,0.0,0.0
Autre Terre asbl,a-t,100.0,100.0,41.26984126984127,85.31746031746032,100.0,100.0,41.26984126984127,85.31746031746032
AUXFIN Burundi,auxfinbi,0.0,0.0,0.0,0.0,0.0,0.0,0.0,0.0
AUXFIN International B.V.,auxfinintl,100.0,100.0,44.44444444444444,86.11111111111111,100.0,100.0,44.44444444444444,86.11111111111111
Avanti Communications Plc,ava_admin,100.0,75.0,22.22222222222222,74.30555555555556,100.0,75.0,22.22222222222222,74.30555555555556
Avocats Sans Frontières,asf,100.0,100.0,45.03968253968254,86.25992063492063,100.0,100.0,46.42857142857142,86.60714285714286
AVSI FOUNDATION IN UGANDA,avsi_uganda,0.0,0.0,0.0,0.0,0.0,0.0,0.0,0.0
AVSI South Sudan,avsi-ssd,100.0,75.0,77.77777777777777,88.19444444444444,100.0,75.0,77.77777777777777,88.19444444444444
AVT-L Association of Victims of Terrorism Lebanon,avt-l,90.0,25.0,11.11111111111111,54.02777777777778,90.0,25.0,11.11111111111111,54.02777777777778
Awake Travel,awaketravel,90.0,50.0,22.22222222222222,63.05555555555556,100.0,50.0,22.22222222222222,68.05555555555556
AWEPA,awepa,0.0,0.0,0.0,0.0,0.0,0.0,0.0,0.0
B. P. Koirala Institute of Health Sciences,bpkihs_dharan,100.0,50.0,33.333333333333336,70.83333333333333,100.0,50.0,33.333333333333336,70.83333333333333
Babawatoto Centre For Children and Youth,bawacecy-tz,100.0,75.0,22.22222222222222,74.30555555555556,100.0,75.0,22.22222222222222,74.30555555555556
Backward Society Education (BASE),base_22,92.5,25.0,2.7777777777777777,53.19444444444444,100.0,25.0,2.7777777777777777,56.94444444444444
Balloon Ventures Foundation,bvf,100.0,75.0,55.55555555555556,82.63888888888889,100.0,75.0,55.55555555555556,82.63888888888889
Bangladesh Business and Disability Network,bbdn,100.0,75.0,11.11111111111111,71.52777777777777,100.0,75.0,11.11111111111111,71.52777777777777
Bangladesh Nari Progati Sangha,bnps,0.0,0.0,0.0,0.0,0.0,0.0,0.0,0.0
Bangladesh Primary Care Respiratory Society,bpcrs,0.0,0.0,0.0,0.0,0.0,0.0,0.0,0.0
Bangladesh Youth Leadership Center,bylc,93.33333333333333,0.0,11.11111111111111,49.44444444444444,100.0,0.0,11.11111111111111,52.77777777777778
Bani Abdurrahman Wahid Foundation (YBAW),ybawahid,0.0,0.0,0.0,0.0,0.0,0.0,0.0,0.0
BANQUE OUEST AFRICAINE DE DEVELOPPEMENT,boadiita,100.0,50.0,32.7485380116959,70.68713450292398,100.0,50.0,32.7485380116959,70.68713450292398
Basel Institute on Governance,basel_institute,85.0,25.0,22.22222222222222,54.30555555555556,90.0,25.0,22.22222222222222,56.80555555555556
BasicNeeds,basicneeds,88.0,50.0,23.88888888888889,62.47222222222222,100.0,50.0,30.555555555555557,70.13888888888889
Basil Energetics Private Limited,bepl,90.0,50.0,11.11111111111111,60.27777777777778,100.0,50.0,11.11111111111111,65.27777777777777
Baylor College of Medicine Children's Foundation Malawi,bcm-cf,0.0,0.0,0.0,0.0,0.0,0.0,0.0,0.0
BBC Media Action,bbcmediaaction,100.0,43.75,28.47222222222222,68.05555555555556,100.0,43.75,28.47222222222222,68.05555555555556
Bboxx,bboxx,90.0,50.0,0.0,57.5,100.0,50.0,0.0,62.5
BDO LLP,bdo,100.0,50.0,33.333333333333336,70.83333333333333,100.0,50.0,33.333333333333336,70.83333333333333
Bees Abroad UK,bauk,0.0,0.0,0.0,0.0,0.0,0.0,0.0,0.0
Bees for Development Trust,beesfordevelopment,0.0,0.0,0.0,0.0,0.0,0.0,0.0,0.0
Behavioural Insights Team,bit,100.0,50.0,11.11111111111111,65.27777777777777,100.0,50.0,11.11111111111111,65.27777777777777
Belgian development agency (Enabel),enabel,98.07594936708861,16.582278481012658,60.196905766526015,68.23277074542898,99.0126582278481,16.582278481012658,60.196905766526015,68.70112517580873
Belgian Development Cooperation,be-dgd,99.88571428571429,90.45454545454545,57.25977545489741,86.87143737021786,100.0,90.45454545454545,57.386759581881535,86.96032625910675
Benelux Afro Center,bac,0.0,0.0,0.0,0.0,0.0,0.0,0.0,0.0
Berytech Foundation,berytech,90.0,62.5,22.22222222222222,66.18055555555556,95.0,62.5,22.22222222222222,68.68055555555556
Beweging voor Internationale Solidariteit - Mouvement pour la Solidarité Internationale,bismsi,100.0,100.0,33.333333333333336,83.33333333333333,100.0,100.0,33.333333333333336,83.33333333333333
BFA Global Kenya Ltd,bfa_global,100.0,25.0,11.11111111111111,59.02777777777778,100.0,25.0,11.11111111111111,59.02777777777778
Bibliothèques Sans Frontières,bsf1,100.0,75.0,44.44444444444444,79.86111111111111,100.0,75.0,44.44444444444444,79.86111111111111
Bioclimate Research and Development,bioclimate,90.0,74.99999999999999,7.4074074074074066,65.60185185185185,100.0,91.66666666666666,7.4074074074074066,74.7685185185185
Blue Veins,bveins,0.0,0.0,0.0,0.0,0.0,0.0,0.0,0.0
Blue Ventures Conservation,blueventures,0.0,0.0,0.0,0.0,0.0,0.0,0.0,0.0
Bond,bond,100.0,56.25,47.22222222222222,75.86805555555556,100.0,56.25,47.22222222222222,75.86805555555556
BoP Innovation Center,bopinc,100.0,87.5,50.0,84.375,100.0,87.5,50.0,84.375
BOS+ tropen,bos_plus_tropen,100.0,100.0,40.31746031746032,85.07936507936508,100.0,100.0,40.31746031746032,85.07936507936508
Boston Consulting Group UK LLP,bcg,0.0,0.0,0.0,0.0,0.0,0.0,0.0,0.0
Boston University,bu-carbx-admin,90.3225806451613,46.15384615384615,18.941273779983458,61.43507030603805,100.0,46.15384615384615,18.941273779983458,66.2737799834574
Both ENDS,bothends,100.0,91.66666666666666,37.03703703703703,82.17592592592591,100.0,91.66666666666666,37.03703703703703,82.17592592592591
Bournemouth University Higher Education Corporation,bournemouth_university,90.0,50.0,33.333333333333336,65.83333333333333,100.0,50.0,33.333333333333336,70.83333333333333
BRAC,brac_admin2,100.0,0.0,33.333333333333336,58.333333333333336,100.0,0.0,33.333333333333336,58.333333333333336
BRAC UK,bracuk,95.0,62.5,18.51851851851852,67.75462962962963,100.0,62.5,18.51851851851852,70.25462962962963
BRAC University,bu,84.99999999999999,29.166666666666664,5.5555555555555545,51.18055555555554,96.66666666666666,29.166666666666664,5.5555555555555545,57.01388888888888
Brigham and Women's Hospital,bwh,0.0,0.0,0.0,0.0,0.0,0.0,0.0,0.0
Brink Innovation,brink_innovation,0.0,0.0,0.0,0.0,0.0,0.0,0.0,0.0
British & Irish Agencies Afghanistan Group,baag,0.0,0.0,0.0,0.0,0.0,0.0,0.0,0.0
British Asian Trust,b_a_t,100.0,50.0,22.22222222222222,68.05555555555556,100.0,50.0,22.22222222222222,68.05555555555556
British Council,britishcouncil,100.0,87.81512605042016,49.206349206349195,84.25536881419235,100.0,87.81512605042016,49.735449735449734,84.38764394646748
British International Investment plc,bii,100.0,50.0,41.27061892319451,72.81765473079862,100.0,50.0,41.27061892319451,72.81765473079862
British Red Cross,gb-chc-220949,86.17079889807162,63.199668954083776,30.44930282841308,66.49764239466002,96.50137741046831,63.199668954083776,30.44930282841308,71.66293165085837
Broederlijk Delen,bd,100.0,100.0,42.49158249158249,85.62289562289563,100.0,100.0,42.49158249158249,85.62289562289563
Brujula Comunicaciones Estrategicas SAS,brujula,0.0,0.0,0.0,0.0,0.0,0.0,0.0,0.0
Brulocalis,brulocalis,100.0,100.0,38.888888888888886,84.72222222222223,100.0,100.0,38.888888888888886,84.72222222222223
BSR,bsr_admin,100.0,62.5,33.333333333333336,73.95833333333333,100.0,62.5,33.333333333333336,73.95833333333333
Bucks Community NGO,bucksfarm,0.0,0.0,0.0,0.0,0.0,0.0,0.0,0.0
Buddhist Compassion Relief Tzu Chi Foundation,tzuchiuk,0.0,0.0,0.0,0.0,0.0,0.0,0.0,0.0
Build Africa,buildafrica,0.0,0.0,0.0,0.0,0.0,0.0,0.0,0.0
Building Foundation for Development,bfdyemen,0.0,0.0,0.0,0.0,0.0,0.0,0.0,0.0
Burns Violence Survivors - Nepal,bvs-nepal,0.0,0.0,0.0,0.0,0.0,0.0,0.0,0.0
Burundi Leadership Training Programme,bltp,0.0,0.0,0.0,0.0,0.0,0.0,0.0,0.0
Business in the Community,bitc,90.0,50.0,22.22222222222222,63.05555555555556,100.0,50.0,22.22222222222222,68.05555555555556
Business Watch Indonesia,bwi,100.0,87.5,33.333333333333336,80.20833333333333,100.0,87.5,33.333333333333336,80.20833333333333
C40 Cities Climate Leadership Group,c40cities,100.0,50.0,22.22222222222222,68.05555555555556,100.0,50.0,22.22222222222222,68.05555555555556
CABI,cabi,98.0,35.0,64.44444444444444,73.86111111111111,100.0,35.0,64.44444444444444,74.86111111111111
Cadasta Foundation,cadasta,0.0,0.0,0.0,0.0,0.0,0.0,0.0,0.0
Cadmus International UK Limited,nathan,96.42857142857142,46.15384615384615,20.476190476190474,64.87179487179486,100.0,46.15384615384615,20.476190476190474,66.65750915750915
CAF Banco de Desarrollo de América Latina y el Caribe,caf,90.0,49.380630630630634,34.236695977317666,65.90433165198708,100.0,49.380630630630634,34.236695977317666,70.90433165198708
Cambridge Institute for Sustainability Leadership,cisl,100.0,50.0,11.11111111111111,65.27777777777777,100.0,50.0,11.11111111111111,65.27777777777777
Camco Management Limited,camco,0.0,0.0,0.0,0.0,0.0,0.0,0.0,0.0
Camfed International,camfed,100.0,25.0,33.333333333333336,64.58333333333333,100.0,25.0,33.333333333333336,64.58333333333333
Canada - Global Affairs Canada | Affaires mondiales Canada,gac-amc,99.99280575539568,97.4485830576492,70.40145902274111,91.95891339779541,100.0,97.4485830576492,76.42064367501928,93.46730668316712
Canada - International Development Research Centre/Centre de recherches pour le développement international,idrccrdi,100.0,92.74270966811024,39.834865097725135,83.14439369145884,100.0,92.74270966811024,39.834865097725135,83.14439369145884
Canada Department of Finance / Ministère des Finances Canada,finance_canada,0.0,0.0,0.0,0.0,0.0,0.0,0.0,0.0
CANADEM,canadem,99.23076923076923,25.0,42.73504273504274,66.5491452991453,100.0,25.0,42.73504273504274,66.93376068376068
Canon Collins Trust,canoncollinstrust,100.0,50.0,55.55555555555556,76.38888888888889,100.0,50.0,55.55555555555556,76.38888888888889
CAPABUILD,capabui,90.0,50.0,20.0,62.5,100.0,50.0,22.22222222222222,68.05555555555556
Carbon Trust (Beijing) Consulting Limited,ctbeijing,0.0,0.0,0.0,0.0,0.0,0.0,0.0,0.0
Carbon Trust Advisory Ltd,carbontrustadvisory,90.0,75.0,22.22222222222222,69.30555555555556,90.0,75.0,22.22222222222222,69.30555555555556
Cardno Emerging Markets,cardnoem,0.0,0.0,0.0,0.0,0.0,0.0,0.0,0.0
CARE Bangladesh,carebd,100.0,75.0,11.11111111111111,71.52777777777777,100.0,75.0,11.11111111111111,71.52777777777777
CARE BENIN/TOGO,carebenintogo,100.0,75.0,44.44444444444444,79.86111111111111,100.0,75.0,44.44444444444444,79.86111111111111
CARE Danmark Fonden for Frivillig Ulandsbistand,12921047,93.75,43.75,19.444444444444443,62.673611111111114,100.0,43.75,22.22222222222222,66.49305555555556
CARE International Afghanistan,ciafg,0.0,0.0,0.0,0.0,0.0,0.0,0.0,0.0
CARE international foundation Switzerland in Sudan,cis,0.0,0.0,0.0,0.0,0.0,0.0,0.0,0.0
CARE International in Zimbabwe,ciz,0.0,0.0,0.0,0.0,0.0,0.0,0.0,0.0
CARE International UK,ciuk,99.97282608695653,42.92155899091271,22.252415458937197,66.27990665594074,100.0,42.92155899091271,22.252415458937197,66.29349361246247
CARE Nederland,carenederland,95.0,90.38461538461539,55.2096052096052,83.89855514855515,95.38461538461539,90.38461538461539,55.2096052096052,84.09086284086285
CARE Nepal,cnepal,0.0,0.0,0.0,0.0,0.0,0.0,0.0,0.0
CARE SOMALIA,csom1,100.0,75.0,22.22222222222222,74.30555555555556,100.0,75.0,22.22222222222222,74.30555555555556
Carers Worldwide,cww,0.0,0.0,0.0,0.0,0.0,0.0,0.0,0.0
Caribbean Development Bank (CDB),caribank,100.0,56.25,27.77777777777778,71.00694444444444,100.0,56.25,27.77777777777778,71.00694444444444
Caritas Denmark,caritas_denmark,100.0,81.48148148148148,28.62551440329218,77.52674897119341,100.0,81.48148148148148,28.62551440329218,77.52674897119341
Caritas Finland,caritasfin,0.0,0.0,0.0,0.0,0.0,0.0,0.0,0.0
Caritas International (Belgium),cibe,100.0,100.0,38.888888888888886,84.72222222222223,100.0,100.0,38.888888888888886,84.72222222222223
Caritas Serbia,caritas_serbia,0.0,0.0,0.0,0.0,0.0,0.0,0.0,0.0
CARPO - Center for Applied Research in Partnership with the Orient,carpo,0.0,0.0,0.0,0.0,0.0,0.0,0.0,0.0
Catholic Agency For Overseas Development (CAFOD),cafod,0.0,0.0,0.0,0.0,0.0,0.0,0.0,0.0
Catholic Relief Services,crs,100.0,83.33333333333333,37.03703703703703,80.09259259259258,100.0,83.33333333333333,37.03703703703703,80.09259259259258
CDA Collaborative Learning Projects,cda,75.0,25.0,38.888888888888886,53.47222222222222,75.0,25.0,38.888888888888886,53.47222222222222
CDAC Network,cdacnetwork,95.0,68.75,19.444444444444443,69.54861111111111,100.0,68.75,19.444444444444443,72.04861111111111
CDP Worldwide,cdp,90.0,50.0,4.444444444444445,58.611111111111114,100.0,50.0,4.444444444444445,63.611111111111114
Cecily's Fund,cecily,100.0,50.0,22.22222222222222,68.05555555555556,100.0,50.0,22.22222222222222,68.05555555555556
Center for Church-Based Development,cku,100.0,72.88135593220339,14.235870485870485,71.77930660451847,100.0,72.88135593220339,14.235870485870485,71.77930660451847
Center for Civilians in Conflict,civic_admin,100.0,62.5,44.44444444444444,76.73611111111111,100.0,62.5,44.44444444444444,76.73611111111111
Center for Democratic Development Ghana,cdd_admin,100.0,50.0,40.27777777777778,72.56944444444444,100.0,50.0,40.27777777777778,72.56944444444444
Center for Development and Integration,cdi_vn_2021,100.0,100.0,44.44444444444444,86.11111111111111,100.0,100.0,44.44444444444444,86.11111111111111
Center for International Legal Cooperation (CILC),cilc,0.0,0.0,0.0,0.0,0.0,0.0,0.0,0.0
Center for International Private Enterprise,cipe_1983,0.0,0.0,0.0,0.0,0.0,0.0,0.0,0.0
Center for International Studies and Cooperation,ceci,0.0,0.0,0.0,0.0,0.0,0.0,0.0,0.0
Center for Natural Resource Studies (CNRS),cnrs,100.0,50.0,22.22222222222222,68.05555555555556,100.0,50.0,22.22222222222222,68.05555555555556
Center for Participation and Development,cpd_2021,90.0,25.0,20.37037037037037,56.342592592592595,98.33333333333334,25.0,20.37037037037037,60.50925925925927
Center for Research on Environment Health and Population Activities (CREHPA),crehpa,90.0,50.0,44.44444444444444,68.61111111111111,100.0,50.0,44.44444444444444,73.61111111111111
"Center for Research, Evaluation Resources and Development (CRERD)",crerd_ng,100.0,75.0,22.22222222222222,74.30555555555556,100.0,75.0,22.22222222222222,74.30555555555556
Center for the Study of Islam and Society (PPIM),ppim,0.0,0.0,0.0,0.0,0.0,0.0,0.0,0.0
Centre des Etudes Méditerranéennes et Internationales,cemi,0.0,0.0,0.0,0.0,0.0,0.0,0.0,0.0
Centre Diocésain de Communication de Ouahigouya,cdc_ohg,0.0,0.0,0.0,0.0,0.0,0.0,0.0,0.0
Centre For Citizens With Disabilities,ccdnigeria,0.0,0.0,0.0,0.0,0.0,0.0,0.0,0.0
Centre for Economic Policy Research,cepr,100.0,100.0,11.11111111111111,77.77777777777777,100.0,100.0,11.11111111111111,77.77777777777777
Centre for Economic Strategy Ukraine,ces-ua,0.0,0.0,0.0,0.0,0.0,0.0,0.0,0.0
Centre for Environment Human Rights and Development,cehrd1,0.0,0.0,0.0,0.0,0.0,0.0,0.0,0.0
"Centre for Environment, Fisheries and Aquaculture Science (Cefas)",cefas,90.0,50.0,39.3939393939394,67.34848484848484,100.0,50.0,39.3939393939394,72.34848484848484
Centre for Humanitarian Dialogue (HD Centre),hdcentre,0.0,0.0,0.0,0.0,0.0,0.0,0.0,0.0
Centre for Indian Knowledge Systems,ciks,80.0,75.0,55.55555555555556,72.63888888888889,90.0,75.0,55.55555555555556,77.63888888888889
Centre for Information Resilience,cir,100.0,25.0,24.444444444444443,62.361111111111114,100.0,25.0,24.444444444444443,62.361111111111114
"Centre for Injury Prevention and Research, Bangladesh (CIPRB)",ciprb,90.0,50.0,0.0,57.5,100.0,50.0,0.0,62.5
Centre for Journalism Innovation and Development,cjid_ng,100.0,87.5,48.148148148148145,83.91203703703704,100.0,87.5,48.148148148148145,83.91203703703704
Centre for Lebanese Studies,cls,90.0,50.0,33.333333333333336,65.83333333333333,100.0,50.0,33.333333333333336,70.83333333333333
Centre for Legal Research and Development,clerd-prpi,0.0,0.0,0.0,0.0,0.0,0.0,0.0,0.0
Centre for Policy Dialogue,cpd,0.0,0.0,0.0,0.0,0.0,0.0,0.0,0.0
Centre for Rights Education and Awareness,creawkenya,100.0,50.0,33.333333333333336,70.83333333333333,100.0,50.0,33.333333333333336,70.83333333333333
Centre for the Study of Adolescence,csa-kenya,0.0,0.0,0.0,0.0,0.0,0.0,0.0,0.0
Centre International de Développement et de Recherche,cidr,0.0,0.0,0.0,0.0,0.0,0.0,0.0,0.0
Centre National de Coopération au Développement (CNCD-11.11.11),cncd,100.0,100.0,37.77777777777778,84.44444444444444,100.0,100.0,40.0,85.0
Centre of Dialogue on Human Settlement and Poverty Alleviation (CODOHSAPA),codohsapa,0.0,0.0,0.0,0.0,0.0,0.0,0.0,0.0
Centre Tricontinental - CETRI,ct-admin,100.0,100.0,36.111111111111114,84.02777777777777,100.0,100.0,38.888888888888886,84.72222222222223
Centro Brasileiro de Análise e Planejamento - Cebrap,_cebrap,100.0,75.0,11.11111111111111,71.52777777777777,100.0,75.0,11.11111111111111,71.52777777777777
Centro de Aprendizagem e Capacitação da Sociedade Civil,cesc,100.0,50.0,66.66666666666667,79.16666666666667,100.0,50.0,66.66666666666667,79.16666666666667
Centro de Inteligência Territorial,cit_brazil,0.0,0.0,0.0,0.0,0.0,0.0,0.0,0.0
Centro de Promocion y Defensa de los Derechos Sexuales y Reproductivos,promsex,0.0,0.0,0.0,0.0,0.0,0.0,0.0,0.0
Centro Latinoamericano de Administración para el Desarrollo,clad,0.0,0.0,0.0,0.0,0.0,0.0,0.0,0.0
Cesvi,cesvi,100.0,0.0,11.11111111111111,52.77777777777778,100.0,0.0,11.11111111111111,52.77777777777778
CGIAR,cgiar,98.3535281539558,54.846756949394155,48.998581816155266,75.13809876836525,100.0,54.846756949394155,51.152696015885994,76.49986324132004
Chama cha Uzazi na Malezi Bora Tanzania (UMATI),umati,0.0,0.0,0.0,0.0,0.0,0.0,0.0,0.0
Chance for Childhood,chanceforchildhood,100.0,50.0,30.15873015873016,70.03968253968254,100.0,50.0,30.15873015873016,70.03968253968254
Charity Projects Ltd (Comic Relief),cprojects,99.97084548104957,50.0,22.22222222222222,68.04097829608034,100.0,50.0,22.22222222222222,68.05555555555556
Chaîne de l'Espoir Belgique / Keten van Hoop België / Chain of Hope Belgium,cdeb-kvhb_admin,100.0,100.0,40.0,85.0,100.0,100.0,40.0,85.0
CHEKA SANA TANZANIA,cst,0.0,0.0,0.0,0.0,0.0,0.0,0.0,0.0
Chemonics Group UK Ltd,chemonics_uk,100.0,50.0,46.666666666666664,74.16666666666667,100.0,50.0,46.666666666666664,74.16666666666667
Chemonics International Inc.,chemonics,100.0,50.0,44.44444444444444,73.61111111111111,100.0,50.0,44.44444444444444,73.61111111111111
Child Rights Coalition Asia,crcasia,100.0,79.16666666666666,20.74074074074074,74.97685185185185,100.0,79.16666666666666,20.74074074074074,74.97685185185185
Child-to-Child,ctc,0.0,0.0,0.0,0.0,0.0,0.0,0.0,0.0
Child.org,child-dot_org,0.0,0.0,0.0,0.0,0.0,0.0,0.0,0.0
ChildFund International,childfund,0.0,0.0,0.0,0.0,0.0,0.0,0.0,0.0
ChildHope UK,childhopeuk,95.0,62.5,55.55555555555556,77.01388888888889,100.0,62.5,55.55555555555556,79.51388888888889
Children in Crisis,cic,100.0,75.0,44.44444444444444,79.86111111111111,100.0,75.0,44.44444444444444,79.86111111111111
Children in Crossfire,cicni,100.0,25.0,22.22222222222222,61.80555555555556,100.0,25.0,22.22222222222222,61.80555555555556
CHOICE for Youth and Sexuality,cfyas,100.0,75.0,33.333333333333336,77.08333333333333,100.0,75.0,33.333333333333336,77.08333333333333
CHRISTIAN AGENCY FOR PEACE AND DEVELOPMENT (CAPaD),capad,100.0,100.0,66.66666666666667,91.66666666666667,100.0,100.0,66.66666666666667,91.66666666666667
Christian Aid,caid,93.31058020477816,49.65034965034965,22.22222222222222,64.62343307053204,100.0,49.65034965034965,33.333333333333336,70.74592074592074
Christian Aid Ireland,caid_ireland,96.72413793103449,50.0,22.22222222222222,66.4176245210728,100.0,50.0,33.333333333333336,70.83333333333333
Christian Blind Mission (UK) Ltd.,cbm,98.33333333333334,60.416666666666664,24.074074074074076,70.28935185185186,100.0,60.416666666666664,24.074074074074076,71.12268518518519
Christian Engineers in Development,ced,90.0,50.0,22.22222222222222,63.05555555555556,100.0,50.0,22.22222222222222,68.05555555555556
Church of England - The Archbishops' Council,coe-abc,0.0,0.0,0.0,0.0,0.0,0.0,0.0,0.0
CIFAL Scotland,cifal,0.0,0.0,0.0,0.0,0.0,0.0,0.0,0.0
CINI,cini_jhk,0.0,0.0,0.0,0.0,0.0,0.0,0.0,0.0
CISU,cisu,100.0,61.01887492178657,13.41227849164357,68.60778835335753,100.0,61.01887492178657,13.41227849164357,68.60778835335753
City of London Corporation,col-greenfinance,0.0,0.0,0.0,0.0,0.0,0.0,0.0,0.0
CIVICUS World Alliance for Citizen Participation,civicus,100.0,100.0,66.66666666666667,91.66666666666667,100.0,100.0,66.66666666666667,91.66666666666667
CIVIL INITIATIVES FOR DEVELOPMENT AND PEACE INDIA,cividep,100.0,37.5,33.333333333333336,67.70833333333333,100.0,37.5,33.333333333333336,67.70833333333333
CLASP,clasp,98.18181818181817,44.09090909090909,23.232323232323232,65.92171717171716,100.0,44.09090909090909,23.232323232323232,66.83080808080808
Clean Clothes Campaign,ccc,100.0,87.5,33.333333333333336,80.20833333333333,100.0,87.5,33.333333333333336,80.20833333333333
ClientEarth,clientearth-1,100.0,50.0,11.11111111111111,65.27777777777777,100.0,50.0,11.11111111111111,65.27777777777777
Clim-Eat,clim-eat,0.0,0.0,0.0,0.0,0.0,0.0,0.0,0.0
CLIMATE ACTION PLATFORM - AFRICA,cap-a,100.0,25.0,11.11111111111111,59.02777777777778,100.0,25.0,11.11111111111111,59.02777777777778
Climate Bonds Initiative,cbi,0.0,0.0,0.0,0.0,0.0,0.0,0.0,0.0
Climate Investment Funds,cif,80.0,0.0,13.911472448057815,43.477868112014455,90.0,0.0,13.911472448057815,48.477868112014455
Climate Policy Initiative,cpi,96.66666666666667,33.333333333333336,14.814814814814813,60.370370370370374,98.33333333333334,33.333333333333336,14.814814814814813,61.20370370370371
Clinton Health Access Initiative,chai,100.0,50.0,33.333333333333336,70.83333333333333,100.0,50.0,33.333333333333336,70.83333333333333
CNV Internationaal,nl-kvk-54436222-27541,90.87912087912089,92.3076923076923,41.76686059039,78.95819866408102,100.0,92.3076923076923,42.011060834590246,83.57968828557064
Coalition for Epidemic Preparedness Innovations,cepi,100.0,25.0,44.44444444444444,67.36111111111111,100.0,25.0,44.44444444444444,67.36111111111111
Coalition of African Lesbians (CAL),cal_2000-pu,91.0,80.0,49.166666666666664,77.79166666666667,100.0,80.0,49.166666666666664,82.29166666666667
Cobra Collective CIC,cobracollective,100.0,50.0,11.11111111111111,65.27777777777777,100.0,50.0,11.11111111111111,65.27777777777777
COC Nederland,cocnl_publisher,90.76923076923076,90.9090909090909,36.75213675213675,77.29992229992229,100.0,90.9090909090909,36.75213675213675,81.9153069153069
CODA International,coda,0.0,0.0,0.0,0.0,0.0,0.0,0.0,0.0
CODEART ASBL,codeart,90.0,50.0,77.77777777777777,76.94444444444444,100.0,50.0,77.77777777777777,81.94444444444444
Coffey International Development,coffey,97.08333333333334,50.0,26.43097643097643,67.64941077441078,100.0,50.0,26.43097643097643,69.10774410774411
ColaLife,colalife,90.0,75.0,44.44444444444444,74.86111111111111,100.0,75.0,44.44444444444444,79.86111111111111
Collectif Stratégies Alimentaires,csa,100.0,100.0,43.7037037037037,85.92592592592592,100.0,100.0,43.7037037037037,85.92592592592592
Collective for Research and Training on Development Action,crtda,100.0,100.0,22.22222222222222,80.55555555555556,100.0,100.0,22.22222222222222,80.55555555555556
Comitato Internazionale per lo Sviluppo dei Popoli,cispngo,0.0,0.0,0.0,0.0,0.0,0.0,0.0,0.0
Comité pour l'abolition des dettes illégitimes,cadtm,0.0,0.0,0.0,0.0,0.0,0.0,0.0,0.0
COMMISSION JUSTICE ET PAIX ASBL (cjp),cjp,100.0,100.0,33.333333333333336,83.33333333333333,100.0,100.0,33.333333333333336,83.33333333333333
Common Seas CIC,commonseas,100.0,50.0,33.333333333333336,70.83333333333333,100.0,50.0,33.333333333333336,70.83333333333333
Commonwealth Local Government Forum,clgf_data,90.0,100.0,22.22222222222222,75.55555555555556,100.0,100.0,22.22222222222222,80.55555555555556
Commonwealth of Learning,col,90.0,50.0,33.333333333333336,65.83333333333333,100.0,50.0,33.333333333333336,70.83333333333333
Commune de Adja-Ouere - Bénin,adja-ouere,0.0,0.0,0.0,0.0,0.0,0.0,0.0,0.0
Commune de Adjarra - Bénin,adjarra,0.0,0.0,0.0,0.0,0.0,0.0,0.0,0.0
Commune de Adjohoun - Bénin,adjohoun,0.0,0.0,0.0,0.0,0.0,0.0,0.0,0.0
Commune de Akpro-Missérété - Bénin,akpro-misserete,0.0,0.0,0.0,0.0,0.0,0.0,0.0,0.0
Commune de Allada - Bénin,allada,0.0,0.0,0.0,0.0,0.0,0.0,0.0,0.0
Commune de Aplahoué - Bénin,aplahoue,0.0,0.0,0.0,0.0,0.0,0.0,0.0,0.0
Commune de Avrankou - Bénin,avrankou,0.0,0.0,0.0,0.0,0.0,0.0,0.0,0.0
Commune de Bopa - Bénin,bopa,0.0,0.0,0.0,0.0,0.0,0.0,0.0,0.0
Commune de Comè - Bénin,come,0.0,0.0,0.0,0.0,0.0,0.0,0.0,0.0
Commune de Dangbo - Benin,dangbo,0.0,0.0,0.0,0.0,0.0,0.0,0.0,0.0
Commune de Ifangni - Bénin,ifangni,0.0,0.0,0.0,0.0,0.0,0.0,0.0,0.0
Commune de Klouékanmè - Bénin,klouekanme,0.0,0.0,0.0,0.0,0.0,0.0,0.0,0.0
Commune de Kpomassè - Bénin,kpomasse,0.0,0.0,0.0,0.0,0.0,0.0,0.0,0.0
Commune de Kétou - Bénin,ketou,0.0,0.0,0.0,0.0,0.0,0.0,0.0,0.0
Commune de Lalo - Bénin,lalo,0.0,0.0,0.0,0.0,0.0,0.0,0.0,0.0
Commune de Parakou - Bénin,parakou,0.0,0.0,0.0,0.0,0.0,0.0,0.0,0.0
Commune de Pobè - Bénin,pobe,0.0,0.0,0.0,0.0,0.0,0.0,0.0,0.0
Commune de Toffo - Bénin,toffo,0.0,0.0,0.0,0.0,0.0,0.0,0.0,0.0
Commune de Toviklin - Bénin,toviklin,0.0,0.0,0.0,0.0,0.0,0.0,0.0,0.0
Commune de Zè - Bénin,ze,0.0,0.0,0.0,0.0,0.0,0.0,0.0,0.0
Compassion UK,comp_uk,0.0,0.0,0.0,0.0,0.0,0.0,0.0,0.0
Concern Worldwide,concern_worldwide,82.5,71.875,27.77777777777778,66.16319444444444,82.5,71.875,27.77777777777778,66.16319444444444
Concern Worldwide UK,concernuk,82.5,68.30357142857143,27.77777777777778,65.2703373015873,82.5,68.30357142857143,27.77777777777778,65.2703373015873
Conciliation Resources,cr,96.66666666666666,24.999999999999996,18.518518518518515,59.212962962962955,100.0,24.999999999999996,18.518518518518515,60.879629629629626
Conciliation Resources Australia,cra,90.0,50.0,22.22222222222222,63.05555555555556,100.0,50.0,22.22222222222222,68.05555555555556
Concordis International,concordis,0.0,0.0,0.0,0.0,0.0,0.0,0.0,0.0
CONEXIÓN,conexionla,100.0,70.0,20.0,72.5,100.0,70.0,20.0,72.5
Confederation of Danish Industry,di,100.0,51.785714285714285,11.11111111111111,65.72420634920634,100.0,51.785714285714285,11.11111111111111,65.72420634920634
Conflict Dynamics International,cdi,0.0,0.0,0.0,0.0,0.0,0.0,0.0,0.0
"Conflict, Stability and Security Fund",cssf,0.0,0.0,0.0,0.0,0.0,0.0,0.0,0.0
Congodorpen vzw,congodorpen,100.0,100.0,48.148148148148145,87.03703703703704,100.0,100.0,48.148148148148145,87.03703703703704
Conseil et Appui pour l'Education à la Base Mali,caeb_mali,100.0,50.0,88.88888888888889,84.72222222222223,100.0,50.0,88.88888888888889,84.72222222222223
Conservation International Foundation,c_i_f,90.0,50.0,33.333333333333336,65.83333333333333,100.0,50.0,33.333333333333336,70.83333333333333
Consortium for Street Children,csc,80.0,0.0,11.11111111111111,42.77777777777778,90.0,0.0,11.11111111111111,47.77777777777778
Consortium of Reproductive Health Associations (CORHA),corha,100.0,25.0,33.333333333333336,64.58333333333333,100.0,25.0,33.333333333333336,64.58333333333333
Construction Sector Transparency Initiative (CoST),cost_uk,99.73684210526315,30.921052631578945,21.296296296296294,62.92275828460039,100.0,30.921052631578945,21.296296296296294,63.054337231968816
Consumer society IMTD-INTERNATIONAL,imtd_int_11,0.0,0.0,0.0,0.0,0.0,0.0,0.0,0.0
convention de la société civile ivoirienne,csci_benkadi,100.0,100.0,55.55555555555556,88.88888888888889,100.0,100.0,55.55555555555556,88.88888888888889
Coopération par l'Education et la Culture,cec,100.0,100.0,37.03703703703704,84.25925925925927,100.0,100.0,37.03703703703704,84.25925925925927
Cord,cord,0.0,0.0,0.0,0.0,0.0,0.0,0.0,0.0
Cordaid,cordaid,97.72727272727272,61.71861471861471,44.41876391028932,75.39798102086237,98.63636363636364,61.71861471861471,44.41876391028932,75.85252647540783
Corporación de Apoyo a Comunidades Populares,codacop,100.0,100.0,55.55555555555556,88.88888888888889,100.0,100.0,55.55555555555556,88.88888888888889
Corus International,corus,0.0,0.0,0.0,0.0,0.0,0.0,0.0,0.0
Cowater International Inc,cowater,95.0,50.0,14.814814814814813,63.7037037037037,100.0,50.0,14.814814814814813,66.20370370370371
Cowater UK Limited,cowateruk,0.0,0.0,0.0,0.0,0.0,0.0,0.0,0.0
COWI,cowi,0.0,0.0,0.0,0.0,0.0,0.0,0.0,0.0
Coöperatief Climate Fund Managers U.A.,cfm,93.33333333333333,22.61904761904762,24.805477746654212,58.522798008092124,100.0,22.61904761904762,24.805477746654212,61.85613134142546
CRANE,crane,0.0,0.0,0.0,0.0,0.0,0.0,0.0,0.0
CREA,creausa-org,99.0,59.21875,48.433433433433436,76.41304585835836,100.0,59.21875,48.433433433433436,76.91304585835836
Croix-Rouge de Belgique Communauté francophone - Activités internationales ASBL,crb-ai_admin,100.0,100.0,41.666666666666664,85.41666666666667,100.0,100.0,41.666666666666664,85.41666666666667
Cross-Government Prosperity Fund,prosperityfund,0.0,0.0,0.0,0.0,0.0,0.0,0.0,0.0
Crown Agents Limited,cal,100.0,100.0,44.44444444444444,86.11111111111111,100.0,100.0,44.44444444444444,86.11111111111111
CUAMM Trustees,cuammtrustees,0.0,0.0,0.0,0.0,0.0,0.0,0.0,0.0
Curatio International Foundation,curatio,90.0,25.0,22.22222222222222,56.80555555555556,100.0,25.0,22.22222222222222,61.80555555555556
Cyan International,cyan,0.0,0.0,0.0,0.0,0.0,0.0,0.0,0.0
D. Capital Partners,dcapitalpartners,100.0,26.923076923076923,44.44444444444444,67.84188034188034,100.0,26.923076923076923,44.44444444444444,67.84188034188034
DAI Global Health,healthpartners-international,90.0,0.0,11.11111111111111,47.77777777777778,100.0,0.0,11.11111111111111,52.77777777777778
DAI Global UK,dai-e,100.0,66.66666666666666,31.481481481481485,74.53703703703702,100.0,66.66666666666666,31.481481481481485,74.53703703703702
Dalberg Catalyst,dalbergcatalyst,100.0,50.0,22.22222222222222,68.05555555555556,100.0,50.0,33.333333333333336,70.83333333333333
Damiaanactie / Action Damien,damien-foundation,100.0,100.0,43.25396825396825,85.81349206349206,100.0,100.0,43.25396825396825,85.81349206349206
dance4life,dance4life,0.0,0.0,0.0,0.0,0.0,0.0,0.0,0.0
DanChurchAid,dca,100.0,49.51923076923077,27.593327593327594,69.2781395906396,100.0,49.51923076923077,27.593327593327594,69.2781395906396
Danish Family Planning Association,dfpa,100.0,50.0,24.591503267973856,68.64787581699346,100.0,50.0,24.591503267973856,68.64787581699346
Danish Red Cross,danishrc,100.0,69.79166666666667,24.786324786324787,73.64449786324786,100.0,69.79166666666667,25.249287749287745,73.76023860398861
Danish Refugee Council,drc,99.86486486486487,28.37837837837838,37.16924471641453,66.31933820613067,99.86486486486487,28.37837837837838,37.16924471641453,66.31933820613067
Danish Trade Union Development Agency (Ulandssekretariatet),loftf,99.25925925925927,52.77777777777778,8.143816330950834,64.86002815681178,100.0,52.77777777777778,8.143816330950834,65.23039852718215
Danmission,danmission,82.22222222222223,56.25,26.234567901234566,61.73225308641975,98.88888888888889,56.25,32.407407407407405,71.60879629629629
Data4Development,d4d,100.0,75.0,44.44444444444444,79.86111111111111,100.0,75.0,44.44444444444444,79.86111111111111
DataDrivenFinance Kenya Ltd,ddfkenya,100.0,25.0,11.11111111111111,59.02777777777778,100.0,25.0,11.11111111111111,59.02777777777778
David Gordon Memorial Hospital,dgmh,0.0,0.0,0.0,0.0,0.0,0.0,0.0,0.0
Dawuro Development Association,dawuro_da,0.0,0.0,0.0,0.0,0.0,0.0,0.0,0.0
DCAF - Geneva Centre for Security Sector Governance,dcaf,97.14285714285714,75.0,44.97354497354497,78.56481481481481,97.14285714285714,75.0,44.97354497354497,78.56481481481481
DeafKidz International,dki1151219,90.0,75.0,33.333333333333336,72.08333333333333,100.0,75.0,33.333333333333336,77.08333333333333
DECP,decp,90.3225806451613,75.0,50.281618023553506,76.48169482846902,100.0,75.0,50.281618023553506,81.32040450588838
DeepRoot Consulting,dr,100.0,75.0,22.22222222222222,74.30555555555556,100.0,75.0,22.22222222222222,74.30555555555556
Defence for Children International Netherlands - ECPAT Netherlands,dciecpatnl,99.41176470588235,26.470588235294116,38.08674985145573,65.84521687462863,100.0,26.470588235294116,38.08674985145573,66.13933452168746
DefendDefenders,defenddefenders,91.42857142857142,78.57142857142857,17.142857142857142,69.64285714285714,100.0,78.57142857142857,17.142857142857142,73.92857142857143
Delivery Associates Ltd,delivery_associates,100.0,25.0,11.11111111111111,59.02777777777778,100.0,25.0,11.11111111111111,59.02777777777778
Deloitte Touche Tohmatsu India LLP,dttillp,0.0,0.0,0.0,0.0,0.0,0.0,0.0,0.0
Democracy Reporting International gGmbH,dri,100.0,75.0,55.55555555555556,82.63888888888889,100.0,75.0,55.55555555555556,82.63888888888889
Democratic Governance Facility,dgf,100.0,100.0,22.22222222222222,80.55555555555556,100.0,100.0,22.22222222222222,80.55555555555556
"Denmark - Ministry of Foreign Affairs, Danida",danida,98.84745048461863,84.86622169414463,34.96298083505432,79.38102587460905,99.27939317319849,84.86622169414463,34.96298083505432,79.59699721889898
Department for International Trade,dit,0.0,0.0,0.0,0.0,0.0,0.0,0.0,0.0
Design without Borders Africa,dwb_africa,90.0,50.0,33.333333333333336,65.83333333333333,100.0,50.0,33.333333333333336,70.83333333333333
Desmond Tutu HIV Foundation,dthfxx12,91.81818181818183,67.72727272727272,22.22222222222222,68.39646464646465,100.0,67.72727272727272,33.333333333333336,75.26515151515152
Development Aid from People to People (DAPP) Malawi,dapp,97.5,50.0,40.74074074074073,71.43518518518519,100.0,56.25,40.74074074074073,74.24768518518519
Development Expertise Center,dec_ethiopia,95.0,87.5,44.44444444444444,80.48611111111111,100.0,87.5,44.44444444444444,82.98611111111111
Development Initiatives Poverty Research,dipr,0.0,0.0,0.0,0.0,0.0,0.0,0.0,0.0
Development Media International,dmi_admin,0.0,0.0,0.0,0.0,0.0,0.0,0.0,0.0
Development Organisation of the Rural Poor,dorp-org,0.0,0.0,0.0,0.0,0.0,0.0,0.0,0.0
Developments In Literacy Trust UK,diltuk,0.0,0.0,0.0,0.0,0.0,0.0,0.0,0.0
Devidayal Solar Solutions Private Limited,ddsolar,90.0,50.0,11.11111111111111,60.27777777777778,100.0,50.0,16.666666666666668,66.66666666666667
Diakonia (Sweden),diakonia-sweden,100.0,25.0,22.22222222222222,61.80555555555556,100.0,25.0,22.22222222222222,61.80555555555556
Digital Campus,dc,0.0,0.0,0.0,0.0,0.0,0.0,0.0,0.0
Direcção Provincial de Saúde de Nampula,dps-nampula,100.0,50.0,33.333333333333336,70.83333333333333,100.0,50.0,33.333333333333336,70.83333333333333
Disability and Development Partners,ddp,93.33333333333333,58.33333333333333,14.814814814814813,64.95370370370371,100.0,58.33333333333333,14.814814814814813,68.28703703703704
Disability Rights Advocacy Fund,draf,0.0,0.0,0.0,0.0,0.0,0.0,0.0,0.0
Disability Rights Fund,drf,90.0,25.0,44.44444444444444,62.361111111111114,100.0,25.0,44.44444444444444,67.36111111111111
Disabled People's Organisations Denmark,dpod,98.18181818181819,65.9090909090909,15.530303030303031,69.45075757575756,98.18181818181819,65.9090909090909,15.530303030303031,69.45075757575756
Disasters Emergency Committee,dec-uk,100.0,68.75,47.22222222222222,78.99305555555556,100.0,68.75,47.22222222222222,78.99305555555556
"Discovery Learning Alliance, Inc.",dla,0.0,0.0,0.0,0.0,0.0,0.0,0.0,0.0
DiXi Group NGO,dixigroup,0.0,0.0,0.0,0.0,0.0,0.0,0.0,0.0
Djapo,djapo,90.0,25.0,33.333333333333336,59.583333333333336,100.0,25.0,33.333333333333336,64.58333333333333
DKT - (Pakistan),dkt,90.0,0.0,22.22222222222222,50.55555555555556,100.0,0.0,22.22222222222222,55.55555555555556
DKT Ethiopia,dkt_ethiopia,100.0,66.66666666666666,22.22222222222222,72.22222222222221,100.0,66.66666666666666,22.22222222222222,72.22222222222221
DKT International,dkti,0.0,0.0,0.0,0.0,0.0,0.0,0.0,0.0
DKT RD Congo,dkt_drc,100.0,25.0,77.77777777777777,75.69444444444444,100.0,25.0,77.77777777777777,75.69444444444444
DNH Mali (Direction Nationale de l’Hydraulique du Mali),pca-gire,0.0,0.0,0.0,0.0,0.0,0.0,0.0,0.0
Doctors of the World (NL)/ Dokters van de Wereld,mdmnl,98.0,25.0,11.11111111111111,58.02777777777778,100.0,25.0,11.11111111111111,59.02777777777778
Doctors of the World UK,dotw_uk,0.0,0.0,0.0,0.0,0.0,0.0,0.0,0.0
Doctors with Africa CUAMM,cuamm,88.57142857142857,0.0,22.22222222222222,49.84126984126984,98.57142857142857,0.0,22.22222222222222,54.84126984126984
Dorcas Aid International,dai,98.0,63.57142857142857,52.77777777777778,78.08730158730158,100.0,63.57142857142857,52.77777777777778,79.08730158730158
Down syndrome Foundation Nigeria,dsfn,0.0,0.0,0.0,0.0,0.0,0.0,0.0,0.0
Drugs for Neglected Diseases initiative (DNDi),dndi_transparency,100.0,75.0,38.888888888888886,78.47222222222223,100.0,75.0,38.888888888888886,78.47222222222223
DT Global UK,imcw_admin,99.02654867256636,43.96327066912392,43.212132871617285,71.30712522146848,100.0,44.40574854523012,43.605446539267234,72.00279877112433
DUF - The Danish Youth Council,duf,99.83050847457628,69.49152542372882,16.666666666666668,71.45480225988702,100.0,69.49152542372882,16.666666666666668,71.53954802259888
Dushtha Shasthya Kendra,dsk,100.0,50.0,11.11111111111111,65.27777777777777,100.0,50.0,11.11111111111111,65.27777777777777
Dynamo International asbl,dynamo_international,98.57142857142858,100.0,45.63492063492063,85.69444444444446,100.0,100.0,45.63492063492063,86.40873015873015
Défi Belgique Afrique,dba,100.0,100.0,47.22222222222222,86.80555555555556,100.0,100.0,47.22222222222222,86.80555555555556
Dóchas - Irish Association of Non Governmental Development Organisations,dochas,89.54545454545455,50.0,32.82828282828282,65.47979797979798,100.0,50.0,32.82828282828282,70.7070707070707
"E3 - Ecología, Economía y Etíca",grupoe3,90.0,50.0,22.22222222222222,63.05555555555556,100.0,50.0,22.22222222222222,68.05555555555556
EABX,eabx,100.0,50.0,11.11111111111111,65.27777777777777,100.0,50.0,11.11111111111111,65.27777777777777
Earthworm Foundation,ewf,0.0,0.0,0.0,0.0,0.0,0.0,0.0,0.0
East African Playgrounds,eap,100.0,50.0,44.44444444444444,73.61111111111111,100.0,50.0,44.44444444444444,73.61111111111111
East-West Seed Knowledge Transfer Foundation,ews-kt_gh,0.0,0.0,0.0,0.0,0.0,0.0,0.0,0.0
ECDPM,ecdpm,100.0,50.0,45.55555555555556,73.88888888888889,100.0,50.0,45.55555555555556,73.88888888888889
Echos Communication,ec,100.0,100.0,38.888888888888886,84.72222222222223,100.0,100.0,38.888888888888886,84.72222222222223
Eclosio,eclosio,100.0,100.0,41.97530864197531,85.49382716049382,100.0,100.0,41.97530864197531,85.49382716049382
Economic and Social Fund for Development,esfd,100.0,50.0,22.22222222222222,68.05555555555556,100.0,50.0,22.22222222222222,68.05555555555556
Economic and Social Research Foundation (ESRF),esrf,100.0,50.0,33.333333333333336,70.83333333333333,100.0,50.0,33.333333333333336,70.83333333333333
Ecorys Nederland B.V.,ecorysnl,0.0,0.0,0.0,0.0,0.0,0.0,0.0,0.0
Ecorys UK,ecuk,100.0,37.5,50.0,71.875,100.0,37.5,50.0,71.875
Ecovega Enterprises,ecovega,0.0,0.0,0.0,0.0,0.0,0.0,0.0,0.0
Educate!,educate,100.0,50.0,22.22222222222222,68.05555555555556,100.0,50.0,22.22222222222222,68.05555555555556
Education Cannot Wait,ecw,0.0,0.0,0.0,0.0,0.0,0.0,0.0,0.0
"Education Development Center, Inc.",edc,0.0,0.0,0.0,0.0,0.0,0.0,0.0,0.0
Education Development Trust,eddevtrust,93.33333333333333,79.16666666666667,25.925925925925924,72.93981481481481,100.0,79.16666666666667,27.77777777777778,76.73611111111111
Edukans Foundation,edukans_foundation,0.0,0.0,0.0,0.0,0.0,0.0,0.0,0.0
ELEVATE Hong Kong Holdings Limited,elevatelimited,0.0,0.0,0.0,0.0,0.0,0.0,0.0,0.0
Elrha,elrha,100.0,75.0,33.333333333333336,77.08333333333333,100.0,75.0,33.333333333333336,77.08333333333333
Elton John AIDS Foundation,ejaf,0.0,0.0,0.0,0.0,0.0,0.0,0.0,0.0
Emissa,emissa,95.71428571428571,0.0,26.984126984126984,54.6031746031746,100.0,0.0,26.984126984126984,56.74603174603175
Emmanuel International UK,eiuk,0.0,0.0,0.0,0.0,0.0,0.0,0.0,0.0
EMMS International,emms,99.6,51.44588744588744,44.0,73.66147186147185,100.0,51.44588744588744,44.0,73.86147186147187
Energy 4 Impact,e4i,90.0,50.0,0.0,57.5,95.0,50.0,0.0,60.0
Energy Council of South Africa,energycouncilsa,0.0,0.0,0.0,0.0,0.0,0.0,0.0,0.0
Energy Saving Trust,energy_saving_trust,90.0,75.0,11.11111111111111,66.52777777777777,100.0,75.0,11.11111111111111,71.52777777777777
Enfance Tiers Monde Kinderen Derde Wereld,etmkdw,100.0,100.0,38.888888888888886,84.72222222222223,100.0,100.0,42.59259259259259,85.64814814814815
EngenderHealth,ehorg,95.0,62.5,44.44444444444444,74.23611111111111,100.0,62.5,44.44444444444444,76.73611111111111
EngenderHealth Ethiopia,engenderhealth_eth,100.0,62.5,38.888888888888886,75.34722222222223,100.0,62.5,38.888888888888886,75.34722222222223
Engineers Without Borders Canada,ewb_canada,67.5,37.5,24.074074074074073,49.14351851851852,80.0,37.5,24.074074074074073,55.39351851851852
Enhanced Integrated Framework,eif,90.0,47.916666666666664,14.351851851851851,60.567129629629626,100.0,47.916666666666664,14.351851851851851,65.56712962962963
Enroot,nroot,100.0,25.0,33.333333333333336,64.58333333333333,100.0,25.0,33.333333333333336,64.58333333333333
"Entiqal for Training ""Partners for Good""",pfg,0.0,0.0,0.0,0.0,0.0,0.0,0.0,0.0
Entraide et Fraternité,ef_,100.0,80.0,40.9035409035409,80.22588522588522,100.0,80.0,40.9035409035409,80.22588522588522
Environmental Centre for Oil Spills and Gas Flaring (NACGOND),nacgond-,90.0,20.833333333333336,42.592592592592595,60.85648148148148,100.0,20.833333333333336,42.592592592592595,65.85648148148148
"Environmental Finance Limited, trading as Finance Earth",finance_earth,100.0,50.0,22.22222222222222,68.05555555555556,100.0,50.0,22.22222222222222,68.05555555555556
Equality Fund,ef,90.0,25.0,8.604938271604938,53.401234567901234,100.0,25.0,8.604938271604938,58.401234567901234
Equality Now,e_n,100.0,80.0,47.77777777777778,81.94444444444444,100.0,80.0,47.77777777777778,81.94444444444444
Equatorial Power Limited,ep,90.0,50.0,0.0,57.5,100.0,50.0,0.0,62.5
equileap,equileap,100.0,75.0,66.66666666666667,85.41666666666667,100.0,75.0,66.66666666666667,85.41666666666667
Ethical Trading Initiative,eti,100.0,87.5,44.44444444444444,82.98611111111111,100.0,87.5,44.44444444444444,82.98611111111111
Ethiopiaid Ireland,ethiopiaidireland,100.0,50.0,22.22222222222222,68.05555555555556,100.0,50.0,22.22222222222222,68.05555555555556
Ethiopiaid UK,ethiopiaiduk,91.57894736842105,50.0,19.883040935672515,63.260233918128655,99.47368421052632,50.0,19.883040935672515,67.20760233918129
Ethiopian Horticulture Producer Exporters Association (EHPEA),ehpea,0.0,0.0,0.0,0.0,0.0,0.0,0.0,0.0
Ethiopian Public Health Association,epha,0.0,0.0,0.0,0.0,0.0,0.0,0.0,0.0
Ethiopian Women Lawyers Association,ewla,100.0,100.0,33.333333333333336,83.33333333333333,100.0,100.0,33.333333333333336,83.33333333333333
Ethiopian Women with Disabilities National Assocation,ewdna2025,100.0,75.0,66.66666666666667,85.41666666666667,100.0,75.0,66.66666666666667,85.41666666666667
Eurasia Foundation,ef-2025,0.0,0.0,0.0,0.0,0.0,0.0,0.0,0.0
Eurasia Partnership Foundation,epf,90.0,50.0,22.22222222222222,63.05555555555556,100.0,50.0,22.22222222222222,68.05555555555556
European Bank for Reconstruction and Development,ebrd,100.0,65.27189564778956,54.838515304892745,80.02760273817057,100.0,65.27189564778956,65.23258616534105,82.62612045328265
European Commission - Humanitarian Aid & Civil Protection,ec-echo,100.0,99.85493230174082,77.90885010169814,94.44094560085973,100.0,99.85493230174082,77.90885010169814,94.44094560085973
European Commission - International Partnerships,ec-intpa,99.9903498190591,89.45219927636671,77.69807831642414,91.78274430772726,99.99276236429434,89.45219927636671,77.69807831642414,91.78395058034488
European Commission - Neighbourhood and Enlargement Negotiations,ec-near,99.94198895027624,92.2394770034364,71.57765500306937,90.92527747676456,99.96408839779005,92.2394770034364,71.57765500306937,90.93632720052148
European Commission - Service for Foreign Policy Instruments,ec-fpi,99.98664886515354,69.0352955470506,72.18610727167896,85.29867513725917,99.98664886515354,69.0352955470506,72.18610727167896,85.29867513725917
European Forest Institute,efi,100.0,50.0,11.11111111111111,65.27777777777777,100.0,50.0,11.11111111111111,65.27777777777777
European Institute of Peace,eip,88.57142857142857,3.571428571428571,14.285714285714285,48.75,98.57142857142857,3.571428571428571,14.285714285714285,53.75
European Investment Bank,eib,99.95363214837712,51.4524647887324,24.133333333333333,68.873265604705,100.0,51.4524647887324,24.133333333333333,68.89644953051643
European Journalism Centre,ejc,100.0,92.5,38.888888888888886,82.84722222222223,100.0,92.5,38.888888888888886,82.84722222222223
Eve Organization for Women Development,eveowd,100.0,100.0,33.333333333333336,83.33333333333333,100.0,100.0,33.333333333333336,83.33333333333333
EveryChild,evc,0.0,0.0,0.0,0.0,0.0,0.0,0.0,0.0
Excellent Development,excellent,0.0,0.0,0.0,0.0,0.0,0.0,0.0,0.0
Exeter Ethiopia Link,eel,0.0,0.0,0.0,0.0,0.0,0.0,0.0,0.0
Fair Wear Foundation,fwf,90.66666666666667,68.33333333333334,36.666666666666664,71.58333333333334,100.0,68.33333333333334,36.666666666666664,76.25000000000001
FairChain Foundation,fc-f,100.0,25.0,22.22222222222222,61.80555555555556,100.0,25.0,22.22222222222222,61.80555555555556
Fairfood International,fairfood,100.0,100.0,53.70370370370371,88.42592592592592,100.0,100.0,53.70370370370371,88.42592592592592
Fairtrade Belgium,fairtrade_be,100.0,100.0,27.77777777777778,81.94444444444444,100.0,100.0,33.333333333333336,83.33333333333333
Fairtrade Labelling Organizations International e.V.,fairtrade_international,0.0,0.0,0.0,0.0,0.0,0.0,0.0,0.0
Faith to Action Network,f2a,100.0,85.0,36.666666666666664,80.41666666666667,100.0,85.0,36.666666666666664,80.41666666666667
Family Aids Caring Trust,fact,100.0,75.0,55.55555555555556,82.63888888888889,100.0,75.0,55.55555555555556,82.63888888888889
Family Counseling and Development Foundation,fcdf,100.0,75.0,66.66666666666667,85.41666666666667,100.0,75.0,66.66666666666667,85.41666666666667
Family Guidance Association of Ethiopia,fgae_ethiopia,100.0,75.0,27.77777777777778,75.69444444444444,100.0,75.0,27.77777777777778,75.69444444444444
Family Life Education Program,flepuganda,0.0,0.0,0.0,0.0,0.0,0.0,0.0,0.0
Farm Africa,fa,90.0,0.0,33.333333333333336,53.333333333333336,100.0,75.0,44.44444444444444,79.86111111111111
Farm Concern International,fci,0.0,0.0,0.0,0.0,0.0,0.0,0.0,0.0
Fauna & Flora International,ffi_publisher,100.0,75.0,33.333333333333336,77.08333333333333,100.0,75.0,33.333333333333336,77.08333333333333
Federation of Women Lawyers Kenya,fida,100.0,100.0,77.77777777777777,94.44444444444444,100.0,100.0,77.77777777777777,94.44444444444444
fedesarrollo,fedesarrollo,0.0,0.0,0.0,0.0,0.0,0.0,0.0,0.0
Feed the Minds,ftm-291333,100.0,75.0,55.55555555555556,82.63888888888889,100.0,75.0,55.55555555555556,82.63888888888889
Female,female,100.0,50.0,33.333333333333336,70.83333333333333,100.0,50.0,33.333333333333336,70.83333333333333
FHI360,fhi360,98.33333333333334,33.33333333333333,22.22222222222222,63.05555555555556,100.0,33.33333333333333,22.22222222222222,63.888888888888886
Fiabel,fiabel,100.0,100.0,22.22222222222222,80.55555555555556,100.0,100.0,22.22222222222222,80.55555555555556
FIAN Belgium,fian-belgium,100.0,100.0,33.333333333333336,83.33333333333333,100.0,100.0,33.333333333333336,83.33333333333333
"Field Ready, USA",field_ready,100.0,75.0,44.44444444444444,79.86111111111111,100.0,75.0,44.44444444444444,79.86111111111111
Fiftyfifty,fiftyfifty-lb,100.0,0.0,22.22222222222222,55.55555555555556,100.0,0.0,22.22222222222222,55.55555555555556
Fight for Humanity,ffh,100.0,25.0,11.11111111111111,59.02777777777778,100.0,25.0,11.11111111111111,59.02777777777778
Fight Hunger Foundation,fhf,0.0,0.0,0.0,0.0,0.0,0.0,0.0,0.0
Financial Sector Deepening Trust (Kenya),fsdk,90.0,31.25,13.88888888888889,56.28472222222222,100.0,31.25,13.88888888888889,61.28472222222222
Financial Sector Deepening Uganda,fsduganda,0.0,0.0,0.0,0.0,0.0,0.0,0.0,0.0
FIND,finddiagnostics,100.0,66.66666666666666,11.11111111111111,69.44444444444443,100.0,66.66666666666666,11.11111111111111,69.44444444444443
Find Your Feet,fyf,100.0,66.66666666666666,51.85185185185185,79.62962962962962,100.0,75.0,51.85185185185185,81.71296296296296
Finland - Ministry for Foreign Affairs,finland_mfa,86.29283489096574,68.9582343312741,26.91213310570193,67.11400930472688,95.57632398753894,68.9582343312741,26.91213310570193,71.75575385301347
Finn Church Aid (Kirkon Ulkomaanapu sr),fca,0.0,0.0,0.0,0.0,0.0,0.0,0.0,0.0
FMDQ Group PLC,fmdqgroupplc_2013,0.0,0.0,0.0,0.0,0.0,0.0,0.0,0.0
FMO,fmo,100.0,50.0,39.20507305147102,72.30126826286775,100.0,50.0,39.20507305147102,72.30126826286775
FONCABA ASBL KBA VZW,foncaba,0.0,0.0,0.0,0.0,0.0,0.0,0.0,0.0
Fondation Hirondelle,fh_ch,90.0,25.0,44.44444444444444,62.361111111111114,100.0,25.0,44.44444444444444,67.36111111111111
Fondation suisse de déminage (FSD),fsd-switzerland_2025,0.0,0.0,0.0,0.0,0.0,0.0,0.0,0.0
Fondo Centroamericano de Mujeres,fcam,100.0,100.0,37.03703703703704,84.25925925925927,100.0,100.0,37.03703703703704,84.25925925925927
Fonds voor Ontwikkelingssamenwerking - Socialistische Solidariteit VZW,fos,98.0,100.0,40.0,84.0,100.0,100.0,40.0,85.0
FONPLATA DEVELOPMENT BANK,fonplata,100.0,48.0,17.64705882352941,66.41176470588235,100.0,48.0,17.64705882352941,66.41176470588235
Food and Agriculture Organization of the United Nations (FAO),fao,98.54037267080744,74.53198122160107,35.03836105035505,76.66277190339275,98.54037267080744,74.53198122160107,35.03836105035505,76.66277190339275
Food for the Hungry UK,fh,0.0,0.0,0.0,0.0,0.0,0.0,0.0,0.0
Forest Trends Association,forest-trends,80.0,25.0,22.22222222222222,51.80555555555556,100.0,25.0,22.22222222222222,61.80555555555556
Forests Monitor,fm,0.0,0.0,0.0,0.0,0.0,0.0,0.0,0.0
Forests of the World,fowdk,94.99999999999999,43.18181818181819,13.888888888888886,61.76767676767676,95.83333333333331,43.18181818181819,13.888888888888886,62.184343434343425
Forever Sabah,fs,100.0,50.0,22.22222222222222,68.05555555555556,100.0,50.0,22.22222222222222,68.05555555555556
Forschungsinstitut zur Zukunft der Arbeit GmbH (IZA),iza,90.0,46.2962962962963,11.11111111111111,59.351851851851855,100.0,46.2962962962963,11.11111111111111,64.35185185185185
Forum for Africa Women Educationalist Regional Secretariat,fawe-rs,96.66666666666667,94.44444444444444,49.53703703703704,84.3287037037037,100.0,94.44444444444444,49.53703703703704,85.99537037037038
forum for women in democracy,fowode,100.0,75.0,77.77777777777777,88.19444444444444,100.0,75.0,77.77777777777777,88.19444444444444
Forum Universitaire pour la Coopération Internationale au Développement -FUCID ASBL,fucid,100.0,100.0,37.03703703703704,84.25925925925927,100.0,100.0,37.03703703703704,84.25925925925927
Fosera Solarsystems GmbH & Co. KG aA,fosaa,100.0,50.0,11.11111111111111,65.27777777777777,100.0,50.0,11.11111111111111,65.27777777777777
Foundation for Social Improvement,the_fsi,100.0,75.0,22.22222222222222,74.30555555555556,100.0,75.0,22.22222222222222,74.30555555555556
France - Ministry for Europe and Foreign Affairs,france,0.0,0.0,0.0,0.0,0.0,0.0,0.0,0.0
FRANK Water,frankwater,0.0,0.0,0.0,0.0,0.0,0.0,0.0,0.0
Free a Girl,freeagirl,100.0,29.166666666666664,35.55555555555556,66.18055555555556,100.0,29.166666666666664,35.55555555555556,66.18055555555556
Free Press Unlimited,free_press_unlimited,100.0,50.0,44.44444444444444,73.61111111111111,100.0,50.0,44.44444444444444,73.61111111111111
Freedom Forum,ff,90.0,37.5,5.555555555555555,55.763888888888886,90.0,37.5,5.555555555555555,55.763888888888886
Friends of Kipkelion,kipkelion,0.0,0.0,0.0,0.0,0.0,0.0,0.0,0.0
Friends of Publish What You Fund,friendsofpwyf,95.0,25.0,22.22222222222222,59.30555555555556,100.0,25.0,22.22222222222222,61.80555555555556
"Friends of the Earth England, Wales and Northern Ireland",foe_ewni,0.0,0.0,0.0,0.0,0.0,0.0,0.0,0.0
Friends of the Earth International,foei,100.0,87.5,36.111111111111114,80.90277777777777,100.0,87.5,36.111111111111114,80.90277777777777
Friends of the Earth-Ghana,foe-ghana,90.0,50.0,55.55555555555556,71.38888888888889,100.0,50.0,55.55555555555556,76.38888888888889
Friendship,fb_2023,100.0,50.0,11.11111111111111,65.27777777777777,100.0,50.0,11.11111111111111,65.27777777777777
Frontclear,frontclear_ftap,100.0,25.0,11.11111111111111,59.02777777777778,100.0,25.0,11.11111111111111,59.02777777777778
Frontline AIDS,f-aids,96.42857142857143,82.14285714285714,49.382716049382715,81.09567901234568,99.28571428571429,82.14285714285714,49.382716049382715,82.52425044091711
Frères des Hommes,fdhommes,100.0,100.0,38.888888888888886,84.72222222222223,100.0,100.0,38.888888888888886,84.72222222222223
FSD Africa,fsdafrica,95.6,35.0,31.757575757575758,64.48939393939393,100.0,35.0,31.757575757575758,66.68939393939394
Fundacion Acceso,fundacion-acceso,0.0,0.0,0.0,0.0,0.0,0.0,0.0,0.0
Fundacion Pacto Especializada en el Apoyo de Iniciativas Sociales,feadin,100.0,50.0,33.333333333333336,70.83333333333333,100.0,50.0,33.333333333333336,70.83333333333333
Fundación Avina,fundacionavina,90.0,93.75,13.88888888888889,71.90972222222223,100.0,93.75,13.88888888888889,76.90972222222223
Fundación de Antropología Forense de Guatemala,fafg,100.0,87.5,38.888888888888886,81.59722222222223,100.0,87.5,38.888888888888886,81.59722222222223
Fundación Fondo Mujeres del Sur,fms,90.0,100.0,55.55555555555556,83.88888888888889,100.0,100.0,55.55555555555556,88.88888888888889
Fundación Gaia Amazonas,gaia,100.0,87.5,25.0,78.125,100.0,87.5,25.0,78.125
Fundación Oriéntame,orientame,90.0,75.0,11.11111111111111,66.52777777777777,100.0,75.0,11.11111111111111,71.52777777777777
Fundo de Investimento e Patrimonio do Abastecimento de Água (FIPAG),fipag,90.0,50.0,55.55555555555556,71.38888888888889,100.0,50.0,55.55555555555556,76.38888888888889
GALZ,galz,93.33333333333333,83.33333333333333,40.74074074074073,77.68518518518519,100.0,83.33333333333333,40.74074074074073,81.0185185185185
Gates Foundation,bmgf,100.0,99.9721344974921,74.39463431474084,93.59169220305824,100.0,99.9721344974921,74.39463431474084,93.59169220305824
Gatsby Africa,ga,100.0,54.16666666666667,31.481481481481485,71.41203703703704,100.0,54.16666666666667,31.481481481481485,71.41203703703704
"Gavi, the vaccine alliance",gavi,100.0,99.86338797814207,61.167174249055364,90.25764055679937,100.0,99.86338797814207,61.184294605158776,90.26192064582521
GEF Secretariat,gef,97.65822784810126,55.15445807603143,38.625175808720115,72.27402239523852,99.96835443037975,55.15445807603143,38.625175808720115,73.42908568637776
GEMS Education Solutions,mgcubed,0.0,0.0,0.0,0.0,0.0,0.0,0.0,0.0
Gender at Work,genderatwork,91.42857142857142,92.85714285714286,48.41269841269841,81.03174603174602,100.0,92.85714285714286,48.41269841269841,85.31746031746033
Gender Equality Network,gen,0.0,0.0,0.0,0.0,0.0,0.0,0.0,0.0
Gender Links,gl,93.57142857142858,25.0,40.476190476190474,63.15476190476191,100.0,25.0,40.476190476190474,66.36904761904762
Geneva International Centre for Humanitarian Demining,gichd,100.0,46.875,29.166666666666668,69.01041666666667,100.0,46.875,29.166666666666668,69.01041666666667
Genome Research Limited,grl,0.0,0.0,0.0,0.0,0.0,0.0,0.0,0.0
GEOMOUN ASBL,geomoun,95.71428571428571,100.0,55.238095238095234,86.66666666666667,100.0,100.0,55.238095238095234,88.80952380952381
George Institute for Global Health,tgi_india,100.0,50.0,33.333333333333336,70.83333333333333,100.0,50.0,33.333333333333336,70.83333333333333
Georgetown University,georgetown,100.0,25.0,22.22222222222222,61.80555555555556,100.0,25.0,22.22222222222222,61.80555555555556
Germany - Federal Foreign Office,fo_germany,99.6078431372549,55.3921568627451,46.03174603174603,75.15989729225024,100.0,55.3921568627451,46.03174603174603,75.35597572362278
Germany - Ministry for Economic Cooperation and Development,bmz,100.0,94.0551247898166,51.24984022489887,86.32624125367887,100.0,94.0551247898166,51.24984022489887,86.32624125367887
Germany GIZ Non BMZ,giz,100.0,50.0,46.96969696969697,74.24242424242425,100.0,50.0,46.96969696969697,74.24242424242425
GHANA NETHERLANDS BUSINESS & CULTURE COUNCIL,gnbcc,100.0,50.0,75.75757575757575,81.43939393939394,100.0,50.0,75.75757575757575,81.43939393939394
Girls Not Brides: The Global Partnership to End Child Marriage,girlsnotbrides,0.0,0.0,0.0,0.0,0.0,0.0,0.0,0.0
Girls’ Education Challenge – Fund Manager PwC,gecfundmanagerpwc,0.0,0.0,0.0,0.0,0.0,0.0,0.0,0.0
Giro555 (Stichting Samenwerkende Hulporganisaties),giro555,98.0,71.25,22.22222222222222,72.36805555555556,100.0,71.25,22.22222222222222,73.36805555555556
GiveDirectly,givedirectly,100.0,37.5,44.44444444444444,70.48611111111111,100.0,37.5,50.0,71.875
Global Action Nepal,gan,0.0,0.0,0.0,0.0,0.0,0.0,0.0,0.0
Global Alliance for Livestock Veterinary Medicines,galvmed,100.0,62.5,27.77777777777778,72.56944444444444,100.0,62.5,27.77777777777778,72.56944444444444
Global Alliance for TB Drug Development,tb-a,100.0,50.0,22.22222222222222,68.05555555555556,100.0,50.0,22.22222222222222,68.05555555555556
Global Anaesthesia Development Partnerships,gadp,90.0,50.0,22.22222222222222,63.05555555555556,100.0,50.0,22.22222222222222,68.05555555555556
Global Antibiotic Research and Development Partnership,gardp,100.0,55.88235294117647,22.875816993464053,69.68954248366013,100.0,55.88235294117647,22.875816993464053,69.68954248366013
Global Canopy,globalcanopy,0.0,0.0,0.0,0.0,0.0,0.0,0.0,0.0
Global Disability Innovation Hub,gdihub,0.0,0.0,0.0,0.0,0.0,0.0,0.0,0.0
Global Focus,globaltfokus,100.0,25.0,33.333333333333336,64.58333333333333,100.0,25.0,33.333333333333336,64.58333333333333
Global Fund for Community Foundations,gfcf,100.0,100.0,33.333333333333336,83.33333333333333,100.0,100.0,33.333333333333336,83.33333333333333
Global Fund for Women,globalfundforwomen,90.0,0.0,0.0,45.0,90.0,0.0,11.11111111111111,47.77777777777778
Global Fund to End Modern Slavery,gfems,90.0,47.5,15.555555555555555,60.763888888888886,100.0,47.5,15.555555555555555,65.76388888888889
Global Green Growth Institute (GGGI),gggi,99.43089430894308,49.38437683345906,49.524966514032954,74.44278299134454,100.0,49.38437683345906,49.524966514032954,74.727335836873
Global Impact Investing Network,giin,90.0,75.0,50.0,76.25,100.0,75.0,50.0,81.25
Global Innovation Fund,gif,89.58333333333333,32.1875,20.454545454545453,57.95217803030303,100.0,32.1875,20.454545454545453,63.16051136363636
Global Integrity,gi,100.0,75.0,45.06172839506173,80.01543209876543,100.0,75.0,45.06172839506173,80.01543209876543
Global Network of People Living with HIV (GNP+),gnpplus,95.33333333333333,55.76923076923077,23.333333333333332,67.4423076923077,100.0,55.76923076923077,23.333333333333332,69.77564102564102
Global Network of Sex Work Projects (NSWP),nswp,0.0,0.0,0.0,0.0,0.0,0.0,0.0,0.0
Global Partnership for Education,gpe,0.0,0.0,0.0,0.0,0.0,0.0,0.0,0.0
Global Rights Compliance Foundation,grc2018,100.0,46.774193548387096,28.721624850657108,68.87395459976105,100.0,46.774193548387096,28.721624850657108,68.87395459976105
Global Shea Alliance,globalshea,100.0,75.0,22.22222222222222,74.30555555555556,100.0,75.0,22.22222222222222,74.30555555555556
Global Water Partnership,gwp,100.0,50.0,11.111111111111109,65.27777777777777,100.0,50.0,11.111111111111109,65.27777777777777
Global Witness,globalwitness,0.0,0.0,0.0,0.0,0.0,0.0,0.0,0.0
GlobalGiving.org,globalgiving,0.0,0.0,0.0,0.0,0.0,0.0,0.0,0.0
GOAL,goal,96.66666666666666,54.166666666666664,40.74074074074073,72.06018518518518,100.0,54.166666666666664,40.74074074074073,73.72685185185185
GOGLA - Global Off-Grid Lighting Association,gogla,95.0,50.0,16.666666666666668,64.16666666666667,100.0,50.0,16.666666666666668,66.66666666666667
GoodWeave International,goodweave_intl,0.0,0.0,0.0,0.0,0.0,0.0,0.0,0.0
Goree Institute,gorin,0.0,0.0,0.0,0.0,0.0,0.0,0.0,0.0
Gorongosa Restoration Project,grp,100.0,75.0,33.333333333333336,77.08333333333333,100.0,75.0,33.333333333333336,77.08333333333333
GPPAC Foundation,gppac,90.0,50.0,11.11111111111111,60.27777777777778,100.0,50.0,11.11111111111111,65.27777777777777
Grand Bargain Test,wrgb,0.0,0.0,0.0,0.0,0.0,0.0,0.0,0.0
Grand Challenges Canada,hgc,100.0,50.0,11.11111111111111,65.27777777777777,100.0,50.0,11.11111111111111,65.27777777777777
Greater Virunga Transboundary Collaboration,gvtc,100.0,50.0,77.77777777777777,81.94444444444444,100.0,50.0,77.77777777777777,81.94444444444444
Greece - Ministry of Foreign Affairs,greece_mfa,0.0,0.0,0.0,0.0,0.0,0.0,0.0,0.0
Gridworks Development Partners,gridworkspartners,100.0,25.0,11.11111111111111,59.02777777777778,100.0,25.0,11.11111111111111,59.02777777777778
Ground Truth Solutions,ground-truth-solutions,100.0,75.0,11.11111111111111,71.52777777777777,100.0,75.0,11.11111111111111,71.52777777777777
Groupe Pivot Santé Population,gpsp-org,0.0,0.0,0.0,0.0,0.0,0.0,0.0,0.0
Grow Asia,growasia,0.0,0.0,0.0,0.0,0.0,0.0,0.0,0.0
Grow Movement,growmovement_admin,85.0,37.5,27.77777777777778,58.81944444444444,100.0,37.5,33.333333333333336,67.70833333333333
GSMA Foundation,gsma_foundation,100.0,25.0,22.22222222222222,61.80555555555556,100.0,25.0,22.22222222222222,61.80555555555556
Gulu University,guluuni,0.0,0.0,0.0,0.0,0.0,0.0,0.0,0.0
Guttmacher Institute,guttmacher,100.0,50.0,44.44444444444444,73.61111111111111,100.0,50.0,44.44444444444444,73.61111111111111
Hagar International UK,hagar_uk,0.0,0.0,0.0,0.0,0.0,0.0,0.0,0.0
Haiti Hospital Appeal,hha,100.0,75.0,55.55555555555556,82.63888888888889,100.0,75.0,55.55555555555556,82.63888888888889
"Hala Systems, Inc.",hala_systems,0.0,0.0,0.0,0.0,0.0,0.0,0.0,0.0
Hand in Hand International,handinhand,100.0,75.0,11.11111111111111,71.52777777777777,100.0,75.0,11.11111111111111,71.52777777777777
Handicap International Belgique,hib,94.21052631578948,100.0,61.695906432748544,87.52923976608187,100.0,100.0,61.695906432748544,90.42397660818713
Handicap International Federation,hi_fed,95.0,62.5,19.444444444444443,67.98611111111111,100.0,62.5,19.444444444444443,70.48611111111111
Handicap International UK,hiuk,96.66666666666666,57.22901002506265,45.50264550264549,74.01624721526036,100.0,57.22901002506265,45.50264550264549,75.68291388192702
"Harvard Global Research and Support Services, Inc.",harvard_global,0.0,0.0,0.0,0.0,0.0,0.0,0.0,0.0
Health Development Initiative,hdi,100.0,50.0,55.55555555555556,76.38888888888889,100.0,50.0,55.55555555555556,76.38888888888889
Health Insurance Fund,hif,97.5,56.25,41.666666666666664,73.22916666666667,100.0,56.25,41.666666666666664,74.47916666666667
Health Poverty Action,hpa,0.0,0.0,0.0,0.0,0.0,0.0,0.0,0.0
HealthNet TPO,healthnet,100.0,87.5,27.77777777777778,78.81944444444444,100.0,87.5,27.77777777777778,78.81944444444444
HealthProm,hp_12,100.0,50.0,44.44444444444444,73.61111111111111,100.0,50.0,44.44444444444444,73.61111111111111
Healthright International-Kenya,hri,96.25,25.0,22.22222222222222,59.93055555555556,100.0,25.0,22.22222222222222,61.80555555555556
Healthy Entrepreneurs Foundation,hefoundation,98.0,85.0,51.111111111111114,83.02777777777777,100.0,85.0,51.111111111111114,84.02777777777777
Heartland Alliance International,ha-i,90.0,100.0,33.333333333333336,78.33333333333333,100.0,100.0,33.333333333333336,83.33333333333333
Heifer International South Africa,hsa,100.0,75.0,22.22222222222222,74.30555555555556,100.0,75.0,33.333333333333336,77.08333333333333
Heifer Nederland,heifernederland,86.66666666666666,50.0,69.13580246913578,73.11728395061728,100.0,50.0,69.13580246913578,79.78395061728395
HelpAge International,helpage_international,100.0,50.0,41.26984126984127,72.81746031746032,100.0,50.0,41.26984126984127,72.81746031746032
HelpAge International UK,ageintl,100.0,63.97058823529412,34.38914027149321,74.58993212669684,100.0,63.97058823529412,34.38914027149321,74.58993212669684
Helvetas Swiss Intercooperation,hsi,100.0,25.0,44.44444444444444,67.36111111111111,100.0,25.0,44.44444444444444,67.36111111111111
Hiber for Electronic Media,7iberdotcom,0.0,0.0,0.0,0.0,0.0,0.0,0.0,0.0
Higher Population Council,hpc,0.0,0.0,0.0,0.0,0.0,0.0,0.0,0.0
HiiL innovating Justice,hiil_mfa,100.0,60.416666666666664,27.777777777777775,72.04861111111111,100.0,60.416666666666664,27.777777777777775,72.04861111111111
Hilfswerk Austria Zimbabwe,hwa-zm,0.0,0.0,0.0,0.0,0.0,0.0,0.0,0.0
Himilo Relief and Development Association (HIRDA),hirda,0.0,0.0,0.0,0.0,0.0,0.0,0.0,0.0
Hivos,stichting_hivos,93.23529411764706,54.90196078431373,43.183940242763775,71.1391223155929,99.11764705882352,54.90196078431373,43.183940242763775,74.08029878618113
HM Revenue and Customs,cbu_hmrc,100.0,50.0,33.333333333333336,70.83333333333333,100.0,50.0,33.333333333333336,70.83333333333333
HM Treasury,hmtfitb,90.0,33.33333333333333,14.814814814814813,57.03703703703703,100.0,33.33333333333333,14.814814814814813,62.03703703703703
Homeless International,hi,67.14285714285714,47.14285714285714,14.285714285714285,48.92857142857142,84.28571428571429,47.14285714285714,14.285714285714285,57.5
Hope and Homes for Children,hhc,0.0,0.0,0.0,0.0,0.0,0.0,0.0,0.0
Hope for Children,hfc,100.0,50.0,11.11111111111111,65.27777777777777,100.0,50.0,11.11111111111111,65.27777777777777
HOPE'87 - Hundreds of Original Projects for Employment,hope87,100.0,25.0,66.66666666666667,72.91666666666667,100.0,25.0,66.66666666666667,72.91666666666667
Horizons for Green Development,horizons,0.0,0.0,0.0,0.0,0.0,0.0,0.0,0.0
Hospice Africa Ltd,hauk,90.0,25.0,44.44444444444444,62.361111111111114,100.0,25.0,44.44444444444444,67.36111111111111
HRWG Indonesia,hrwg_indonesia,80.0,50.0,22.22222222222222,58.05555555555556,100.0,50.0,22.22222222222222,68.05555555555556
HTSPE,htspe,100.0,75.0,22.22222222222222,74.30555555555556,100.0,75.0,33.333333333333336,77.08333333333333
Huairou Commission,hc2022,100.0,75.0,28.70370370370371,75.92592592592592,100.0,75.0,28.70370370370371,75.92592592592592
Human Relief Foundation,hrf,100.0,25.0,44.44444444444444,67.36111111111111,100.0,25.0,44.44444444444444,67.36111111111111
Human Rights Research and Advocacy Consortium,947,0.0,0.0,0.0,0.0,0.0,0.0,0.0,0.0
Humanitarian Quality Assurance Initiative,hqai,100.0,50.0,22.22222222222222,68.05555555555556,100.0,50.0,22.22222222222222,68.05555555555556
Humanitarian Umbrella for Relief and Development Organization (HURDO),hu,0.0,0.0,0.0,0.0,0.0,0.0,0.0,0.0
I Choose Life Africa,ke-ngc-3372,0.0,0.0,0.0,0.0,0.0,0.0,0.0,0.0
Ibrahimia Media Center,imc-2021,100.0,100.0,66.66666666666667,91.66666666666667,100.0,100.0,66.66666666666667,91.66666666666667
ICA:UK,icauk,90.0,37.5,50.0,66.875,100.0,37.5,50.0,71.875
ICCO Cooperation,icco-cooperation,100.0,50.0,58.333333333333336,77.08333333333333,100.0,50.0,58.333333333333336,77.08333333333333
ICF Consulting Services Ltd,icf,100.0,75.0,22.22222222222222,74.30555555555556,100.0,75.0,22.22222222222222,74.30555555555556
ICLEI Africa,icleiafrica,100.0,50.0,44.44444444444444,73.61111111111111,100.0,50.0,44.44444444444444,73.61111111111111
ICLEI Colombia,iclei,90.0,50.0,22.22222222222222,63.05555555555556,100.0,50.0,22.22222222222222,68.05555555555556
ICS,ics,0.0,0.0,0.0,0.0,0.0,0.0,0.0,0.0
IDB Invest,idbinvest,97.79013203613621,69.47533009034052,44.44444444444444,77.37500965176434,97.79013203613621,69.47533009034052,44.44444444444444,77.37500965176434
iDE,ide,97.5,31.25,19.444444444444443,61.423611111111114,100.0,31.25,19.444444444444443,62.673611111111114
IDEO.org,ideo_org,100.0,0.0,22.22222222222222,55.55555555555556,100.0,0.0,22.22222222222222,55.55555555555556
IDH Investment Management B.V.,idh_im,100.0,75.0,33.333333333333336,77.08333333333333,100.0,75.0,33.333333333333336,77.08333333333333
IDH THE SUSTAINABLE TRADE INITIATIVE,idh-ghana,100.0,50.0,66.66666666666667,79.16666666666667,100.0,50.0,66.66666666666667,79.16666666666667
"IDH, the Sustainable Trade Initiative",idh,99.48275862068965,80.17241379310344,48.46743295019157,81.90134099616857,100.0,80.17241379310344,48.46743295019157,82.15996168582375
IDinsight,idinsight,100.0,50.0,33.333333333333336,70.83333333333333,100.0,50.0,33.333333333333336,70.83333333333333
IDOM INGENIERIA,idom_mx,100.0,25.0,11.11111111111111,59.02777777777778,100.0,25.0,11.11111111111111,59.02777777777778
IFOAM - Organics International,ifoam,97.64705882352942,26.96078431372549,23.249299719887954,61.37605042016807,98.62745098039215,26.96078431372549,23.249299719887954,61.86624649859944
Iftiin Foundation,iffoundation12,95.0,37.5,11.11111111111111,59.65277777777778,100.0,37.5,11.11111111111111,62.15277777777778
IGD Benin,igd_benin,0.0,0.0,0.0,0.0,0.0,0.0,0.0,0.0
IHE Delft Institute for Water Education,ihedelft,100.0,87.5,41.666666666666664,82.29166666666667,100.0,87.5,41.666666666666664,82.29166666666667
Iles de Paix,idp,100.0,100.0,45.37037037037037,86.3425925925926,100.0,100.0,45.37037037037037,86.3425925925926
ILGA Asia,ilgaasia,95.0,75.0,27.77777777777778,73.19444444444444,100.0,75.0,27.77777777777778,75.69444444444444
ILGA World,ilgaworld,0.0,0.0,0.0,0.0,0.0,0.0,0.0,0.0
IMA World Health,us-imawh,95.0,25.0,50.0,66.25,100.0,25.0,50.0,68.75
IMD Moçambique,imdmozambique,97.5,31.25,2.7777777777777777,57.25694444444444,100.0,31.25,2.7777777777777777,58.50694444444444
Imfact Working Capital Solutions Limited,imfact2022,0.0,0.0,0.0,0.0,0.0,0.0,0.0,0.0
IMPACT Initiatives,impact_initiatives,100.0,57.14285714285714,26.984126984126984,71.03174603174602,100.0,57.14285714285714,26.984126984126984,71.03174603174602
ImpactAssets Inc.,ia,100.0,25.0,22.22222222222222,61.80555555555556,100.0,25.0,22.22222222222222,61.80555555555556
"Imperial College of Science, Technology and Medicine",imperial,100.0,50.0,16.666666666666668,66.66666666666667,100.0,50.0,16.666666666666668,66.66666666666667
Impunity Watch,iw_admin,95.0,25.0,44.44444444444444,64.86111111111111,100.0,25.0,44.44444444444444,67.36111111111111
Independent Diplomat,independent_diplomat,100.0,50.0,22.22222222222222,68.05555555555556,100.0,50.0,22.22222222222222,68.05555555555556
Independent Medico-Legal Unit,imlu,100.0,50.0,33.333333333333336,70.83333333333333,100.0,50.0,33.333333333333336,70.83333333333333
Index Initiative Foundation,iif,0.0,0.0,0.0,0.0,0.0,0.0,0.0,0.0
Indigo Trust,indtrust,0.0,0.0,0.0,0.0,0.0,0.0,0.0,0.0
Infrastructure Credit Guarantee Company Limited,infracredit,100.0,25.0,22.22222222222222,61.80555555555556,100.0,25.0,22.22222222222222,61.80555555555556
inHive,inhive,100.0,50.0,22.22222222222222,68.05555555555556,100.0,50.0,22.22222222222222,68.05555555555556
Iniciativa Climatica de Mexico,icm_mx,0.0,0.0,0.0,0.0,0.0,0.0,0.0,0.0
Initiative Sankofa d'Afrique de l'Ouest,isdao,92.5,75.0,36.111111111111114,74.02777777777777,100.0,75.0,36.111111111111114,77.77777777777777
Innovate UK KTN,ktn,0.0,0.0,0.0,0.0,0.0,0.0,0.0,0.0
Innovations for Poverty Action,ipa_,90.12987012987013,25.0,18.937071105270846,56.04920284125278,100.0,25.0,18.937071105270846,60.98426777631771
Innovex Uganda limited,in,90.0,25.0,22.22222222222222,56.80555555555556,100.0,25.0,22.22222222222222,61.80555555555556
Instiglio,instiglio,0.0,0.0,0.0,0.0,0.0,0.0,0.0,0.0
Institut de Formation Syndical International - Internationaal Syndicaal Vormingsinstituut,ifsi_isvi,100.0,100.0,41.26984126984127,85.31746031746032,100.0,100.0,41.26984126984127,85.31746031746032
"Institut National de l'Eau, Benin",ine_benin,0.0,0.0,0.0,0.0,0.0,0.0,0.0,0.0
Institute for Clinical Effectiveness and Health Policy,iecs-2024,0.0,0.0,0.0,0.0,0.0,0.0,0.0,0.0
Institute for Community Based Sociotherapy,ic-bs_24,90.0,75.0,33.333333333333336,72.08333333333333,100.0,75.0,33.333333333333336,77.08333333333333
Institute for Family Health,khf_ifh,100.0,75.0,38.888888888888886,78.47222222222223,100.0,75.0,38.888888888888886,78.47222222222223
Institute for Policy Research and Advocacy (ELSAM),elsam,90.0,0.0,22.22222222222222,50.55555555555556,100.0,0.0,22.22222222222222,55.55555555555556
Institute for Research and Development in Health & Social Care,irdsrilanka-1997,90.0,25.0,33.333333333333336,59.583333333333336,100.0,25.0,33.333333333333336,64.58333333333333
Institute for Security Studies,issafrica,0.0,0.0,0.0,0.0,0.0,0.0,0.0,0.0
Institute for War & Peace Reporting,iwpr,98.88888888888889,5.555555555555555,12.698412698412698,54.007936507936506,100.0,5.555555555555555,12.698412698412698,54.56349206349206
Institute of Development Studies,ids,95.0,37.5,22.22222222222222,62.43055555555556,100.0,37.5,22.22222222222222,64.93055555555556
Institute of Gender and Children's Health Research,igchr_sierraleone,0.0,0.0,0.0,0.0,0.0,0.0,0.0,0.0
"Institute of Psychiatry, Rawalpindi Medical University",iop-rmu,0.0,0.0,0.0,0.0,0.0,0.0,0.0,0.0
Institute of Tropical Medicine,itm,100.0,100.0,42.59259259259259,85.64814814814815,100.0,100.0,43.98148148148148,85.99537037037037
Instituto BVRio,bvrio,100.0,50.0,22.22222222222222,68.05555555555556,100.0,50.0,22.22222222222222,68.05555555555556
Integrated Water Resources Management Programme,iwrm,100.0,50.0,22.22222222222222,68.05555555555556,100.0,50.0,22.22222222222222,68.05555555555556
Integrity Action,integrity_action,89.47368421052632,3.947368421052631,0.5847953216374269,45.86988304093567,99.47368421052632,32.89473684210526,11.111111111111109,60.73830409356725
Integrity Research and Consultancy Ltd,integrity,100.0,37.5,14.814814814814813,63.0787037037037,100.0,37.5,14.814814814814813,63.0787037037037
Inter Islamic Network for Water Resources Development and Management,inwrdam,0.0,0.0,0.0,0.0,0.0,0.0,0.0,0.0
Inter-American Development Bank,iadb,96.37135922330097,81.57897867885018,75.25335353005255,87.39376266387617,96.84466019417475,81.57897867885018,80.40437834127154,88.9181693521178
Inter-American Foundation,iaf,100.0,54.285714285714285,33.333333333333336,71.9047619047619,100.0,54.285714285714285,33.333333333333336,71.9047619047619
Interact Worldwide,iww_publish,0.0,0.0,0.0,0.0,0.0,0.0,0.0,0.0
InterAction,interaction,0.0,0.0,0.0,0.0,0.0,0.0,0.0,0.0
interburns,interburns,0.0,0.0,0.0,0.0,0.0,0.0,0.0,0.0
InterClimate Network,icn,100.0,50.0,33.333333333333336,70.83333333333333,100.0,50.0,33.333333333333336,70.83333333333333
International Aids Vaccine Initiative (IAVI),iavi,100.0,50.0,11.11111111111111,65.27777777777777,100.0,50.0,11.11111111111111,65.27777777777777
International Alert,international-alert,91.30434782608695,26.70807453416149,23.372440763745107,58.17230273752013,100.0,26.70807453416149,23.372440763745107,62.52012882447665
International Budget Partnership,ibp,0.0,0.0,0.0,0.0,0.0,0.0,0.0,0.0
International Bureau of Fiscal Documentation (IBFD),ibfd,100.0,94.59980713596914,46.718275652701884,85.32952069716777,100.0,94.59980713596914,46.718275652701884,85.32952069716777
International Campaign Women´s Right to Safe Abortion,icwrsa,100.0,37.5,22.22222222222222,64.93055555555556,100.0,37.5,22.22222222222222,64.93055555555556
International Center for Journalists,icfj,0.0,0.0,0.0,0.0,0.0,0.0,0.0,0.0
International Center for Not-for-Profit Law,icnl_org,100.0,86.66666666666666,51.85185185185185,84.62962962962962,100.0,86.66666666666666,55.55555555555556,85.55555555555554
International Center for Transitional Justice,ictj,100.0,71.23015873015873,26.268285091814498,74.37461095549331,100.0,71.23015873015873,26.268285091814498,74.37461095549331
International Centre for Antimicrobial Resistance Solutions,icars,0.0,0.0,0.0,0.0,0.0,0.0,0.0,0.0
"International Centre for Diarrhoeal Disease Research, Bangladesh (icddr,b)",icddrb,100.0,50.0,11.11111111111111,65.27777777777777,100.0,50.0,11.11111111111111,65.27777777777777
International Centre for Migration Policy Development,icmpd,100.0,8.680555555555555,22.22222222222222,57.72569444444444,100.0,8.680555555555555,22.22222222222222,57.72569444444444
International Centre of Insect Physiology and Ecology (icipe),icipe,0.0,0.0,0.0,0.0,0.0,0.0,0.0,0.0
International Climate Initiative / BMU - IKI Secretariat,bmu_iki,99.94047619047619,70.87629946344735,33.333333333333336,76.02264629443326,99.94047619047619,70.87629946344735,33.333333333333336,76.02264629443326
International Commission on Missing Persons,icmp,100.0,37.5,27.77777777777778,66.31944444444444,100.0,37.5,27.77777777777778,66.31944444444444
International Committee of the Red Cross (ICRC),icrc,95.25925925925927,70.00272331154684,34.943639291465374,73.86622028038269,98.07407407407408,70.00272331154684,34.943639291465374,75.2736276877901
International Council of Voluntary Agencies,icva,0.0,0.0,0.0,0.0,0.0,0.0,0.0,0.0
International Crisis Group,crisisgroup,95.0,37.5,27.77777777777778,63.81944444444444,100.0,37.5,27.77777777777778,66.31944444444444
International Development Law Organization (IDLO),idlo,100.0,55.117203507909196,35.22229733013462,72.58487520951095,100.0,55.117203507909196,35.22229733013462,72.58487520951095
INTERNATIONAL DISABILITY ALLIANCE,ida,95.0,25.0,33.333333333333336,62.083333333333336,100.0,25.0,33.333333333333336,64.58333333333333
International Federation of Accountants,ifac,94.0,20.0,20.0,57.0,100.0,20.0,20.0,60.0
International Federation of the Red Cross and Red Crescent (IFRC),ifrcrcs,0.0,0.0,0.0,0.0,0.0,0.0,0.0,0.0
International Fertilizer Development Center,ifdc-us,96.36363636363636,79.31818181818181,53.40909090909091,81.36363636363635,99.0909090909091,79.31818181818181,53.40909090909091,82.72727272727272
International Finance Corporation,ifcwbg,100.0,74.34719535783366,56.10358908231248,82.61269611003652,100.0,74.34719535783366,56.130453470879004,82.61941220717816
International Food Policy Research Institute,ifpri,90.0,25.0,33.333333333333336,59.583333333333336,100.0,25.0,33.333333333333336,64.58333333333333
International Foundation for Electoral Systems,ifes,90.0,62.5,22.22222222222222,66.18055555555556,100.0,62.5,22.22222222222222,71.18055555555556
International Fund for Agricultural Development (IFAD),ifad,100.0,74.45143895097297,69.04959822665558,85.87525929440713,100.0,74.45143895097297,69.04959822665558,85.87525929440713
International IDEA,idea,90.0,25.01891074130106,13.099322600510249,54.529558335452826,100.0,25.01891074130106,13.099322600510249,59.529558335452826
International Indigenous Women Forum,fimi_iiwf_2019,98.0,70.0,24.444444444444443,72.61111111111111,100.0,70.0,24.444444444444443,73.61111111111111
International Initiative for Impact Evaluation,3ie,100.0,75.0,11.11111111111111,71.52777777777777,100.0,75.0,11.11111111111111,71.52777777777777
International Institute for Environment and Development,iied,91.25,66.07142857142857,45.833333333333336,73.60119047619047,100.0,66.07142857142857,54.166666666666664,80.05952380952381
International Institute of Tropical Agriculture (IITA),iita_2022,100.0,75.0,44.44444444444444,79.86111111111111,100.0,75.0,44.44444444444444,79.86111111111111
International Labour Organization (ILO),ilo,0.0,0.0,0.0,0.0,0.0,0.0,0.0,0.0
International Media Support,ims,98.0,50.0,20.0,66.5,100.0,50.0,20.0,67.5
International Medical Corps UK,imc_uk,96.66666666666666,33.333333333333336,38.14814814814815,66.2037037037037,100.0,33.333333333333336,38.14814814814815,67.87037037037038
International Monetary Fund,imf,100.0,49.34210526315789,14.61988304093567,65.99049707602339,100.0,49.34210526315789,14.61988304093567,65.99049707602339
International Nepal Fellowship Nepal,infnepal,0.0,0.0,0.0,0.0,0.0,0.0,0.0,0.0
International Network for Advancing Science and Policy,inasp,0.0,0.0,0.0,0.0,0.0,0.0,0.0,0.0
International Network for Bamboo and Rattan (INBAR),inbar,90.45454545454545,14.285714285714285,16.32996632996633,52.88119288119288,100.0,14.285714285714285,16.32996632996633,57.653920153920154
International Network of People who Use Drugs (INPUD),inpud_admin,93.75,96.875,41.07142857142857,81.36160714285714,100.0,96.875,41.07142857142857,84.48660714285714
International NGO Safety Organisation,inso,100.0,41.666666666666664,22.22222222222222,65.97222222222221,100.0,41.666666666666664,22.22222222222222,65.97222222222221
International Organization for Migration (IOM),iom,100.0,99.73429951690821,66.34747465686954,91.52044354344443,100.0,99.73429951690821,66.72637890674153,91.61516960591243
International Peace Information Service,ipis,100.0,100.0,44.44444444444444,86.11111111111111,100.0,100.0,44.44444444444444,86.11111111111111
International Planned Parenthood Federation,ippf,100.0,59.279609279609275,43.168724279835395,75.61208338986117,100.0,59.279609279609275,43.168724279835395,75.61208338986117
International Potato Center,cip,0.0,0.0,0.0,0.0,0.0,0.0,0.0,0.0
International Primary Care Respiratory Group,ipcrg,0.0,0.0,0.0,0.0,0.0,0.0,0.0,0.0
International Procurement Agency,ipa,98.75,31.25,37.5,66.5625,98.75,40.625,38.888888888888886,69.25347222222223
International Rescue Committee UK,irc_uk,99.24528301886792,62.824765412168304,41.03623839472896,75.58789246115828,100.0,62.824765412168304,41.03623839472896,75.96525095172431
International Service,unais,100.0,50.0,19.444444444444443,67.36111111111111,100.0,50.0,19.444444444444443,67.36111111111111
International Trade Centre (ITC),itc,99.5945945945946,76.00888559792669,17.09880612319637,73.07422022757807,100.0,76.00888559792669,17.09880612319637,73.27692293028076
International Treatment Preparedness Coalition (ITPC),itpc,0.0,0.0,0.0,0.0,0.0,0.0,0.0,0.0
International Union for Conservation of Nature and Natural Resources,iucn,100.0,49.99999999999999,34.25925925925926,71.06481481481481,100.0,49.99999999999999,34.25925925925926,71.06481481481481
International Women's Development Agency,iwda,0.0,0.0,0.0,0.0,0.0,0.0,0.0,0.0
International Women's Rights Action Watch Asia Pacific,iwrawasiapacific,100.0,47.5,32.22222222222222,69.93055555555556,100.0,47.5,32.22222222222222,69.93055555555556
International Youth Alliance for Family Planning,iyafp,0.0,0.0,0.0,0.0,0.0,0.0,0.0,0.0
Internews Europe,ieu,95.0,75.0,42.59259259259259,76.89814814814815,100.0,75.0,42.59259259259259,79.39814814814815
Interpeace,interpeace,100.0,27.950592885375492,45.333333333333336,68.3209815546772,100.0,27.950592885375492,45.333333333333336,68.3209815546772
INTERSOS Onlus,intersos_main,100.0,50.0,44.44444444444444,73.61111111111111,100.0,50.0,44.44444444444444,73.61111111111111
INTOSAI Development Initiative,idi,0.0,0.0,0.0,0.0,0.0,0.0,0.0,0.0
INTRAC,intrac,0.0,0.0,0.0,0.0,0.0,0.0,0.0,0.0
IntraHealth International,intrahealth,0.0,0.0,0.0,0.0,0.0,0.0,0.0,0.0
InvestInternational,investinternational,100.0,86.80705657978385,40.673264357474885,81.87008023431468,100.0,86.80705657978385,40.673264357474885,81.87008023431468
IOD PARC,iodparc,100.0,50.0,28.205128205128208,69.55128205128206,100.0,50.0,28.205128205128208,69.55128205128206
iPartner India,ip-india,0.0,0.0,0.0,0.0,0.0,0.0,0.0,0.0
Ipas,ipas,96.66666666666666,47.916666666666664,22.222222222222218,65.86805555555554,100.0,47.916666666666664,22.222222222222218,67.53472222222221
IPE Global Limited,ipeglobal,100.0,50.0,66.66666666666667,79.16666666666667,100.0,50.0,66.66666666666667,79.16666666666667
Iraq Foundation,iraq_foundation,70.0,42.14285714285714,51.85185185185185,58.49867724867725,100.0,42.14285714285714,51.85185185185185,73.49867724867724
IRC,irc,90.0,50.0,83.33333333333333,78.33333333333333,100.0,50.0,83.33333333333333,83.33333333333333
Ireland - Department of Foreign Affairs,irishaid,99.99891915261564,75.0,31.236668866292835,76.55862679288104,100.0,75.0,34.10932102558572,77.27733025639643
IREX (International Research and Exchange Board),irex,100.0,25.0,40.476190476190474,66.36904761904762,100.0,25.0,40.476190476190474,66.36904761904762
"Iringa Development of Youth, Disabled and Children Care",idydc,0.0,0.0,0.0,0.0,0.0,0.0,0.0,0.0
Irise International,irise_int,0.0,0.0,0.0,0.0,0.0,0.0,0.0,0.0
Irrawaddy Policy Exchange,ipe,100.0,50.0,11.11111111111111,65.27777777777777,100.0,50.0,11.11111111111111,65.27777777777777
ISEAL,iseal,100.0,50.0,22.22222222222222,68.05555555555556,100.0,50.0,22.22222222222222,68.05555555555556
Islamic Development Bank,isdb,100.0,64.8763853367434,34.954064829259835,74.95761254150081,100.0,64.8763853367434,34.954064829259835,74.95761254150081
Islamic Relief Worldwide,irw,100.0,75.0,40.74074074074073,78.93518518518519,100.0,75.0,40.74074074074073,78.93518518518519
IT for Change,itforchange,100.0,100.0,33.333333333333336,83.33333333333333,100.0,100.0,33.333333333333336,83.33333333333333
Itad,itad,90.0,50.0,22.22222222222222,63.05555555555556,100.0,50.0,22.22222222222222,68.05555555555556
ITECO - Centre de formation pour le développement,iteco,100.0,100.0,33.333333333333336,83.33333333333333,100.0,100.0,33.333333333333336,83.33333333333333
IUCN Nederlands Comité,iucn_nl,100.0,95.0,53.333333333333336,87.08333333333333,100.0,95.0,53.333333333333336,87.08333333333333
Japan International Cooperation Agency (JICA),jica,90.0,48.41549295774648,50.98065158628539,69.84903613600797,100.0,48.41549295774648,50.98065158628539,74.84903613600797
Jeevika Trust,jeevika_trust,0.0,0.0,0.0,0.0,0.0,0.0,0.0,0.0
Jinja district union of persons with disabilities,jidu2021,90.0,25.0,11.11111111111111,54.02777777777778,100.0,25.0,11.11111111111111,59.02777777777778
Johns Hopkins University,gi-jhu,0.0,0.0,0.0,0.0,0.0,0.0,0.0,0.0
Join For Water,protos,100.0,100.0,44.01154401154401,86.002886002886,100.0,100.0,44.01154401154401,86.002886002886
Joint Nature Conservation Committee,jncc,80.0,25.0,16.049382716049383,50.26234567901235,100.0,25.0,27.160493827160494,63.04012345679013
Jordan Open Source Association,josa,0.0,0.0,0.0,0.0,0.0,0.0,0.0,0.0
Jordan River Foundation,jrf,100.0,25.0,22.22222222222222,61.80555555555556,100.0,25.0,22.22222222222222,61.80555555555556
Jordan River Foundation,jrf_2022,0.0,0.0,0.0,0.0,0.0,0.0,0.0,0.0
Joshua Orphan and Community Care,jocc_uk,90.0,50.0,55.55555555555556,71.38888888888889,100.0,50.0,55.55555555555556,76.38888888888889
JoWomenomics,jowomenomics,100.0,100.0,51.85185185185185,87.96296296296296,100.0,100.0,51.85185185185185,87.96296296296296
Just Associates,jass,92.12121212121212,100.0,45.28619528619529,82.38215488215488,100.0,100.0,45.28619528619529,86.32154882154882
Justice & Peace Netherlands,jp-nl,0.0,0.0,0.0,0.0,0.0,0.0,0.0,0.0
Justice For All Prison Fellowship Ethiopia,jfa-pfe,100.0,41.666666666666664,37.03703703703704,69.67592592592592,100.0,41.666666666666664,37.03703703703704,69.67592592592592
Kaalmo Relief and Development Organization (KARDO AID),kardo-somalia,0.0,0.0,0.0,0.0,0.0,0.0,0.0,0.0
Kadaster International,kad,62.5,12.5,27.77777777777778,41.31944444444444,85.0,25.0,27.77777777777778,55.69444444444444
Karuna Mission Social Solidarity - KMSS,kmss,0.0,0.0,0.0,0.0,0.0,0.0,0.0,0.0
Karuna Trust,karuna,100.0,75.0,33.333333333333336,77.08333333333333,100.0,75.0,33.333333333333336,77.08333333333333
Kathmandu Medical College Public Limited,kmc,0.0,0.0,0.0,0.0,0.0,0.0,0.0,0.0
Keele University,keele-university,100.0,25.0,50.0,68.75,100.0,25.0,50.0,68.75
Kemitraan Bagi Pembaruan Tata Pemerintahan,kemitraan,0.0,0.0,0.0,0.0,0.0,0.0,0.0,0.0
Kenya Community Development Foundation,kcdf,100.0,95.0,55.55555555555556,87.63888888888889,100.0,95.0,55.55555555555556,87.63888888888889
Kenya National Commission on Human Rights,knchr,90.0,25.0,33.888888888888886,59.72222222222222,100.0,25.0,33.888888888888886,64.72222222222223
Kenya Private Sector Alliance,kepsa,100.0,50.0,55.55555555555556,76.38888888888889,100.0,50.0,55.55555555555556,76.38888888888889
Kepa ry,kepa,0.0,0.0,0.0,0.0,0.0,0.0,0.0,0.0
Kerk in Actie,kerk_in_actie,100.0,100.0,22.22222222222222,80.55555555555556,100.0,100.0,22.22222222222222,80.55555555555556
Kesho Kenya,kesho_kenya,0.0,0.0,0.0,0.0,0.0,0.0,0.0,0.0
KHYBER MEDICAL UNIVERSITY,kmu,100.0,25.0,33.333333333333336,64.58333333333333,100.0,25.0,33.333333333333336,64.58333333333333
kidasha,kidasha,90.0,50.0,44.44444444444444,68.61111111111111,100.0,50.0,44.44444444444444,73.61111111111111
King Hussein Foundation,khf,100.0,100.0,44.44444444444444,86.11111111111111,100.0,100.0,44.44444444444444,86.11111111111111
King Salman Humanitarian Aid and Relief Centre,ksrelief291,99.98614958448753,74.82445913250815,24.709367368647147,74.87653141753259,100.0,74.82445913250815,24.709367368647147,74.88345662528882
King's College London,kingscollegelondon,96.0,60.0,16.666666666666668,67.16666666666667,100.0,60.0,16.666666666666668,69.16666666666667
Kisumu Medical and Education Trust,kmet,0.0,0.0,0.0,0.0,0.0,0.0,0.0,0.0
KITUO CHA SHERIA,kituo,90.0,37.5,11.11111111111111,57.15277777777778,100.0,37.5,11.11111111111111,62.15277777777778
KIYO,kiyo,100.0,100.0,43.51851851851852,85.87962962962963,100.0,100.0,43.51851851851852,85.87962962962963
Koepel van de Vlaamse Noord-Zuidbeweging 11.11.11 VZW,111111_publisher,100.0,100.0,44.123931623931625,86.03098290598291,100.0,100.0,44.123931623931625,86.03098290598291
Koninklijk Nederlands Meteorologisch Instituut,knmi,0.0,0.0,0.0,0.0,0.0,0.0,0.0,0.0
KPMG Advisory Limited (Tanzania),kpmgea,0.0,0.0,0.0,0.0,0.0,0.0,0.0,0.0
KPMG LLP,kpmgllp,80.0,0.0,22.22222222222222,45.55555555555556,100.0,0.0,22.22222222222222,55.55555555555556
Kvinna till Kvinna,ktk,100.0,83.33333333333333,22.222222222222218,76.38888888888889,100.0,83.33333333333333,22.222222222222218,76.38888888888889
KwaAfrica,kwaafrica,100.0,50.0,22.22222222222222,68.05555555555556,100.0,50.0,22.22222222222222,68.05555555555556
Kwame Nkrumah University of Science and Technology,knust,0.0,0.0,0.0,0.0,0.0,0.0,0.0,0.0
Kyiv School of Economics and Management,kse,0.0,0.0,0.0,0.0,0.0,0.0,0.0,0.0
LAMB Health Care Foundation,lhcf,90.0,50.0,44.44444444444444,68.61111111111111,100.0,50.0,44.44444444444444,73.61111111111111
Land Equity International,lei,90.0,25.0,11.11111111111111,54.02777777777778,100.0,25.0,11.11111111111111,59.02777777777778
Landell Mills,landell-mills,93.33333333333334,25.0,25.925925925925924,59.39814814814815,100.0,25.0,25.925925925925924,62.73148148148148
Larive International,larive,92.22222222222221,55.55555555555556,13.580246913580247,63.39506172839506,100.0,55.55555555555556,13.580246913580247,67.28395061728395
Laterite B.V.,laterite_bv,0.0,0.0,0.0,0.0,0.0,0.0,0.0,0.0
Laïcité et Humanisme en Afrique Centrale (LHAC),lhac,100.0,100.0,33.333333333333336,83.33333333333333,100.0,100.0,33.333333333333336,83.33333333333333
Le Monde selon les femmes asbl,mondefemmes,97.5,87.5,59.166666666666664,85.41666666666667,100.0,87.5,59.861111111111114,86.84027777777777
LEAD International,lead_international,0.0,0.0,0.0,0.0,0.0,0.0,0.0,0.0
Leaders International,lifed_admin,0.0,0.0,0.0,0.0,0.0,0.0,0.0,0.0
Leaders of Tomorrow,sqf,90.0,75.0,55.55555555555556,77.63888888888889,100.0,75.0,55.55555555555556,82.63888888888889
Learning for Life,learningforlife,0.0,0.0,0.0,0.0,0.0,0.0,0.0,0.0
Legal Action Worldwide,law,0.0,0.0,0.0,0.0,0.0,0.0,0.0,0.0
Lemann Foundation,lemann,0.0,0.0,0.0,0.0,0.0,0.0,0.0,0.0
Leonard Cheshire Disability,lcd_admin,100.0,37.5,27.77777777777778,66.31944444444444,100.0,37.5,27.77777777777778,66.31944444444444
Lepra,lepra,0.0,0.0,0.0,0.0,0.0,0.0,0.0,0.0
Liga Internacional de Mujeres por la Paz y la Libertad - Limpal Colombia,limpal-colombia,100.0,75.0,66.66666666666667,85.41666666666667,100.0,75.0,66.66666666666667,85.41666666666667
Light Castle Partners,lcp,0.0,0.0,0.0,0.0,0.0,0.0,0.0,0.0
Light For The World Belgium,lftw-be,100.0,100.0,54.36507936507937,88.59126984126985,100.0,100.0,54.36507936507937,88.59126984126985
Light for the World International,lftw-int,0.0,0.0,0.0,0.0,0.0,0.0,0.0,0.0
Link Community Development International,lcdi_admin,90.0,62.5,38.888888888888886,70.34722222222223,100.0,62.5,38.888888888888886,75.34722222222223
Link Community Development Scotland,lcds,100.0,75.0,22.22222222222222,74.30555555555556,100.0,75.0,33.333333333333336,77.08333333333333
Linking Pin Africa Ltd,lpa,0.0,0.0,0.0,0.0,0.0,0.0,0.0,0.0
"Lithuania, Ministry of Foreign Affairs",lithuania_mfa,0.0,0.0,0.0,0.0,0.0,0.0,0.0,0.0
Lively Minds,livelyminds,0.0,0.0,0.0,0.0,0.0,0.0,0.0,0.0
Liverpool School of Tropical Medicine,lstm,96.36363636363636,55.90909090909091,35.35353535353536,70.99747474747474,100.0,55.90909090909091,35.35353535353536,72.81565656565657
Living Earth Foundation,livingearth12,100.0,50.0,22.22222222222222,68.05555555555556,100.0,50.0,22.22222222222222,68.05555555555556
living peace institute,lpi,0.0,0.0,0.0,0.0,0.0,0.0,0.0,0.0
LIWA programme trust,liwa-admin,0.0,0.0,0.0,0.0,0.0,0.0,0.0,0.0
Local Development and Small Projects Support,ldsps,0.0,0.0,0.0,0.0,0.0,0.0,0.0,0.0
London Business School,lbs,0.0,0.0,0.0,0.0,0.0,0.0,0.0,0.0
London School of Economics and Political Science,lse,90.0,71.42857142857143,11.11111111111111,65.63492063492063,100.0,71.42857142857143,11.11111111111111,70.63492063492063
London School of Hygiene and Tropical Medicine,lshtm,96.0,26.785714285714285,28.88888888888889,61.91865079365079,100.0,26.785714285714285,28.88888888888889,63.91865079365079
Loughborough University,lboro,90.0,75.0,16.666666666666668,67.91666666666667,95.0,75.0,16.666666666666668,70.41666666666667
Louvain Coopération,lc,0.0,0.0,0.0,0.0,0.0,0.0,0.0,0.0
LTS International Limited,lts,98.57142857142858,67.85714285714286,9.523809523809524,68.63095238095238,100.0,67.85714285714286,9.523809523809524,69.3452380952381
Luminate Foundation Inc.,luminate,100.0,75.0,33.333333333333336,77.08333333333333,100.0,75.0,33.333333333333336,77.08333333333333
LVCT Health,lvct,0.0,0.0,0.0,0.0,0.0,0.0,0.0,0.0
M&C Saatchi,mcs_new,0.0,0.0,0.0,0.0,0.0,0.0,0.0,0.0
Maastricht School of Management,msm-ipd,0.0,0.0,0.0,0.0,0.0,0.0,0.0,0.0
MADE in Europe,mie-1134415,100.0,25.0,55.55555555555556,70.13888888888889,100.0,25.0,55.55555555555556,70.13888888888889
MAG,mag,95.45454545454545,65.625,23.232323232323235,69.94160353535352,100.0,65.625,23.232323232323235,72.2143308080808
Magariro,magariro,0.0,0.0,0.0,0.0,0.0,0.0,0.0,0.0
"Mahila Sarvangeen Utkarsh Mandal, Pune, India",masumpune_87,100.0,75.0,11.11111111111111,71.52777777777777,100.0,75.0,11.11111111111111,71.52777777777777
Mainline,mainline,0.0,0.0,0.0,0.0,0.0,0.0,0.0,0.0
Makerere University,maksph,100.0,75.0,66.66666666666667,85.41666666666667,100.0,75.0,66.66666666666667,85.41666666666667
Malaria Consortium,malariaconsortium,0.0,0.0,0.0,0.0,0.0,0.0,0.0,0.0
Malawi-Liverpool Wellcome Programme,mlw,0.0,0.0,0.0,0.0,0.0,0.0,0.0,0.0
Mama Cash,mamac,94.00000000000001,92.85714285714286,51.851851851851855,83.17724867724868,100.0,92.85714285714286,51.851851851851855,86.17724867724868
MAMTA - Health Institute for Mother and Child,mamta_himc,90.0,25.0,44.44444444444444,62.361111111111114,90.0,25.0,44.44444444444444,62.361111111111114
Mango Tree Property Management LTD,mangotree,0.0,0.0,0.0,0.0,0.0,0.0,0.0,0.0
MannionDaniels,manniondaniels,90.8695652173913,50.0,24.63768115942029,64.09420289855072,100.0,50.0,24.63768115942029,68.65942028985508
MapAction,mapaction,92.5,50.0,25.0,65.0,100.0,50.0,30.555555555555557,70.13888888888889
Marsa Sexual Health Center,marsa_welead,96.66666666666666,100.0,22.22222222222222,78.88888888888889,100.0,100.0,22.22222222222222,80.55555555555556
Mary's Meals,marysmeals,0.0,0.0,0.0,0.0,0.0,0.0,0.0,0.0
Mastercard Foundation,mastercard-foundation,0.0,0.0,0.0,0.0,0.0,0.0,0.0,0.0
Max Foundation,max-foundation,100.0,87.5,38.888888888888886,81.59722222222223,100.0,87.5,38.888888888888886,81.59722222222223
Maxwell Stamp PLC,mstamp,96.66666666666666,8.333333333333332,29.629629629629626,57.82407407407407,100.0,25.0,29.629629629629626,63.657407407407405
McKinsey & Company,mck,95.0,18.75,20.370370370370367,57.280092592592595,97.5,25.0,20.370370370370367,60.092592592592595
McKinsey Development Partners,mdp,90.0,25.0,11.11111111111111,54.02777777777778,100.0,25.0,11.11111111111111,59.02777777777778
MDF Global,mdf,100.0,100.0,55.55555555555556,88.88888888888889,100.0,100.0,55.55555555555556,88.88888888888889
MedAccess Guarantee Limited,medaccess,80.0,25.0,22.22222222222222,51.80555555555556,90.0,25.0,22.22222222222222,56.80555555555556
Medair,medair,90.0,50.0,11.11111111111111,60.27777777777778,100.0,50.0,11.11111111111111,65.27777777777777
Medecins du Monde Belgique - Dokters van de Wereld Belgïe,medecins,100.0,83.33333333333333,54.21396628826969,84.38682490540074,100.0,83.33333333333333,54.21396628826969,84.38682490540074
Medecins du Monde France,mdm-fr,90.0,25.0,0.0,51.25,100.0,25.0,0.0,56.25
Media Development Investment Fund,mdif,0.0,0.0,0.0,0.0,0.0,0.0,0.0,0.0
Media Foundation for West Africa,mfwa,100.0,100.0,55.55555555555556,88.88888888888889,100.0,100.0,55.55555555555556,88.88888888888889
"Medical Research Centre (MRC), Sierra Leone",mrc-sierra-leone,0.0,0.0,0.0,0.0,0.0,0.0,0.0,0.0
MedicineAfrica Ltd.,medafrica,0.0,0.0,0.0,0.0,0.0,0.0,0.0,0.0
Medicos del Mundo,mdm_spain,90.0,50.0,22.22222222222222,63.05555555555556,100.0,50.0,22.22222222222222,68.05555555555556
Memisa,memisa,100.0,100.0,43.51851851851852,85.87962962962963,100.0,100.0,43.51851851851852,85.87962962962963
Meningitis Research Foundation,mrf,0.0,0.0,0.0,0.0,0.0,0.0,0.0,0.0
Mensen met een Missie,mm1,92.77777777777779,98.61111111111111,41.9753086419753,81.5354938271605,100.0,98.61111111111111,41.9753086419753,85.1466049382716
Mercy Corps Europe,mce,95.0,54.411764705882355,40.07597340930674,71.12193452879727,100.0,54.411764705882355,40.693257359924026,73.7762555164516
Mercy Corps Global,mcg,0.0,0.0,0.0,0.0,0.0,0.0,0.0,0.0
Mercy Corps Netherlands,mcn,100.0,56.25,52.77777777777778,77.25694444444444,100.0,56.25,52.77777777777778,77.25694444444444
Mercy Ships UK Limited,msuk,0.0,0.0,0.0,0.0,0.0,0.0,0.0,0.0
Mercy-USA for Aid and Development,mercy-usa,100.0,50.0,55.55555555555556,76.38888888888889,100.0,50.0,55.55555555555556,76.38888888888889
MICAIA,mic-uk,80.0,37.5,0.0,49.375,90.0,37.5,0.0,54.375
Micaia Foundation,micfound,100.0,62.5,27.77777777777778,72.56944444444444,100.0,62.5,27.77777777777778,72.56944444444444
Micro Insurance Academy,mia_india,0.0,0.0,0.0,0.0,0.0,0.0,0.0,0.0
MicroLoan Foundation,mlf,0.0,0.0,0.0,0.0,0.0,0.0,0.0,0.0
Miel Maya Honing asbl,mmha,100.0,100.0,38.888888888888886,84.72222222222223,100.0,100.0,38.888888888888886,84.72222222222223
Mifumi UK,mifumi_uk,100.0,50.0,44.44444444444444,73.61111111111111,100.0,50.0,44.44444444444444,73.61111111111111
Milieudefensie,foenl,100.0,80.88235294117646,36.41456582633053,79.32422969187675,100.0,80.88235294117646,36.41456582633053,79.32422969187675
Millennium Challenge Corporation,millenniumchallenge,95.64950980392157,100.0,33.469498910675384,81.19212962962963,95.64950980392157,100.0,33.469498910675384,81.19212962962963
Millennium Water Alliance Kenya,mwa_kenya,100.0,25.0,55.55555555555556,70.13888888888889,100.0,25.0,55.55555555555556,70.13888888888889
Ministry for Housing Communities and Local Government,mhclg,90.0,50.0,33.333333333333336,65.83333333333333,100.0,50.0,33.333333333333336,70.83333333333333
Ministry of Foreign Affairs - United Arab Emirates (UAE),mofaic_uae,0.0,0.0,0.0,0.0,0.0,0.0,0.0,0.0
Ministry of Foreign Affairs of  Japan,mofa-jpn,0.0,0.0,0.0,0.0,0.0,0.0,0.0,0.0
Ministry of Foreign and European Affairs of the Slovak Republic,slovakaid,80.85375706975492,48.929437112846756,46.08073734925338,64.1794221504025,98.06086722326958,48.929437112846756,46.08073734925338,72.78297722715982
Ministère de l'Economie et des Finances du Bénin,mefbenin,0.0,0.0,0.0,0.0,0.0,0.0,0.0,0.0
Minority Rights Group,mrg,95.0,50.0,11.11111111111111,62.77777777777778,100.0,50.0,11.11111111111111,65.27777777777777
Mission Øst,missioneast,91.81818181818181,70.45454545454545,26.71156004489338,70.2006172839506,91.81818181818181,70.45454545454545,26.71156004489338,70.2006172839506
Mokoro,mko,100.0,75.0,22.22222222222222,74.30555555555556,100.0,75.0,22.22222222222222,74.30555555555556
Mondiaal FNV (Stichting),mondiaalfnv,99.36170212765958,88.29787234042553,41.52876280535855,82.1375098502758,100.0,88.29787234042553,41.765169424743895,82.51576044129236
Montrose International LLP,montrose_llp,0.0,0.0,0.0,0.0,0.0,0.0,0.0,0.0
mothers2mothers,m2m_sa,80.0,75.0,33.333333333333336,67.08333333333333,90.0,75.0,33.333333333333336,72.08333333333333
Motivation,motivation,100.0,50.0,33.333333333333336,70.83333333333333,100.0,50.0,33.333333333333336,70.83333333333333
Mott MacDonald Limited,mml,100.0,75.0,44.99999999999999,80.0,100.0,75.0,44.99999999999999,80.0
MSI Reproductive Choices,msi,100.0,100.0,45.37037037037037,86.3425925925926,100.0,100.0,45.37037037037037,86.3425925925926
Mukisa Foundation,mukisa_foundation,0.0,0.0,0.0,0.0,0.0,0.0,0.0,0.0
Mulanje Mission Hospital,mmh,100.0,50.0,22.22222222222222,68.05555555555556,100.0,50.0,22.22222222222222,68.05555555555556
Multilateral Investment Fund,fomin,0.0,0.0,0.0,0.0,0.0,0.0,0.0,0.0
Musalaha Ministry of Reconciliation,mmr_admin2,100.0,50.0,11.11111111111111,65.27777777777777,100.0,50.0,11.11111111111111,65.27777777777777
Musawah Global Vision Berhad,musawah,90.0,100.0,33.333333333333336,78.33333333333333,100.0,100.0,33.333333333333336,83.33333333333333
Muslim Aid,muslimaid,90.0,50.0,22.22222222222222,63.05555555555556,100.0,50.0,22.22222222222222,68.05555555555556
MVO Nederland,mvo_nederland,0.0,0.0,0.0,0.0,0.0,0.0,0.0,0.0
Mwatana for Human Rights,mwatana,100.0,100.0,88.88888888888889,97.22222222222223,100.0,100.0,88.88888888888889,97.22222222222223
Myanmar Trust UK,mtuk,95.0,25.0,22.22222222222222,59.30555555555556,100.0,25.0,22.22222222222222,61.80555555555556
Mzumbe University,m_u,90.0,37.5,22.22222222222222,59.93055555555556,100.0,37.5,22.22222222222222,64.93055555555556
Médecins Sans Vacances,msv,100.0,100.0,40.0,85.0,100.0,100.0,40.0,85.0
Nadji.Bi Sénégal SUARL,sn-ninea-50255162x2,90.0,50.0,11.11111111111111,60.27777777777778,100.0,50.0,11.11111111111111,65.27777777777777
NAGAAD,nagaad,100.0,100.0,33.333333333333336,83.33333333333333,100.0,100.0,33.333333333333336,83.33333333333333
Nairobi Climate Network,theclimatenetwork,0.0,0.0,0.0,0.0,0.0,0.0,0.0,0.0
"Namati, Inc",namati_inc,0.0,0.0,0.0,0.0,0.0,0.0,0.0,0.0
National Coalition of Human Rights Defenders - Kenya,nchrdk,100.0,75.0,66.66666666666667,85.41666666666667,100.0,75.0,66.66666666666667,85.41666666666667
National Democratic Institute for International Affairs,ndi,90.0,0.0,24.444444444444443,51.111111111111114,100.0,0.0,24.444444444444443,56.111111111111114
National Foundation for Educational Research,nfer,90.0,25.0,33.333333333333336,59.583333333333336,100.0,25.0,33.333333333333336,64.58333333333333
National Union of Women With Disabilities of Uganda,nuwodu,100.0,100.0,77.77777777777777,94.44444444444444,100.0,100.0,77.77777777777777,94.44444444444444
Natural Justice,nj_1,100.0,56.25,60.956790123456784,79.3016975308642,100.0,56.25,60.956790123456784,79.3016975308642
Natural Resource Governance Institute (NRGI),nrgi,0.0,0.0,0.0,0.0,0.0,0.0,0.0,0.0
"Natural Resources Institute, University of Greenwich.",nri,90.0,18.863636363636363,25.42087542087542,56.071127946127945,100.0,18.863636363636363,25.42087542087542,61.071127946127945
Nature and Development Foundation,ndf_fgm,0.0,0.0,0.0,0.0,0.0,0.0,0.0,0.0
NatureFinance,nf2022,100.0,50.0,33.333333333333336,70.83333333333333,100.0,50.0,33.333333333333336,70.83333333333333
Navrongo Health Research Centre,nhrc,0.0,0.0,0.0,0.0,0.0,0.0,0.0,0.0
Near East Foundation (NEF USA),nef_usa,0.0,0.0,0.0,0.0,0.0,0.0,0.0,0.0
Near East Foundation Mali (NEF Mali),nef_mali,0.0,0.0,0.0,0.0,0.0,0.0,0.0,0.0
Near East Foundation UK (NEF UK),nef-uk,0.0,0.0,0.0,0.0,0.0,0.0,0.0,0.0
Neem Foundation,neem,0.0,0.0,0.0,0.0,0.0,0.0,0.0,0.0
Neopenda,neopenda,100.0,50.0,22.22222222222222,68.05555555555556,100.0,50.0,22.22222222222222,68.05555555555556
Neotree,nt_2024,100.0,50.0,33.333333333333336,70.83333333333333,100.0,50.0,33.333333333333336,70.83333333333333
Nepal Disabled Human Rights Center,dhrc_nepal,90.0,75.0,11.11111111111111,66.52777777777777,100.0,75.0,11.11111111111111,71.52777777777777
Nepal Netra Jyoti Sangh,nnjs_nepal,0.0,0.0,0.0,0.0,0.0,0.0,0.0,0.0
Nesta,nesta,0.0,0.0,0.0,0.0,0.0,0.0,0.0,0.0
Netherlands - Ministry of Foreign Affairs,minbuza_nl,100.0,99.91974317817014,47.61243543377067,86.8830446529852,100.0,99.91974317817014,47.61243543377067,86.8830446529852
Netherlands Advisory Board on Impact Investing,thenab,100.0,45.0,40.0,71.25,100.0,45.0,42.22222222222222,71.80555555555556
Netherlands Commission for Environmental Assessment,ncea,100.0,66.66666666666666,24.691358024691358,72.83950617283949,100.0,66.66666666666666,24.691358024691358,72.83950617283949
Netherlands Enterprise Agency (RVO),rvo,93.318345323741,97.13887394027314,51.41629410039807,83.7979646720383,99.97302158273382,97.13887394027314,51.46625413237249,87.13779280952832
Netherlands Food Partnership,nfp,100.0,80.0,55.55555555555556,83.88888888888889,100.0,80.0,55.55555555555556,83.88888888888889
Netherlands Institute for Multiparty Democracy (NIMD),nimd-hq,82.35294117647058,80.14705882352942,40.52287581699347,71.34395424836602,90.58823529411765,80.14705882352942,40.52287581699347,75.46160130718955
Netherlands Organisation for Scientific Research (NWO),nwo,96.66666666666666,66.66666666666666,40.74074074074073,75.18518518518519,100.0,66.66666666666666,40.74074074074073,76.85185185185185
Netherlands Red Cross,nlrc,96.06666666666666,73.39656729900632,42.485596707818935,77.00387433503965,98.26666666666667,73.39656729900632,42.559670781893004,78.12239285355815
Netherlands Space Office,nso,0.0,0.0,0.0,0.0,0.0,0.0,0.0,0.0
Netherlands Water Partnership,nwp,0.0,0.0,0.0,0.0,0.0,0.0,0.0,0.0
Network for Africa,network4africa,0.0,0.0,0.0,0.0,0.0,0.0,0.0,0.0
Network For Enterprise Enhancement and Development Support,needs,0.0,0.0,0.0,0.0,0.0,0.0,0.0,0.0
Nevadic Limited,nvd_12,0.0,0.0,0.0,0.0,0.0,0.0,0.0,0.0
New Digital Trade Coalition Inc.,new_digital_trade_coalition,0.0,0.0,0.0,0.0,0.0,0.0,0.0,0.0
New York University,nyu,0.0,0.0,0.0,0.0,0.0,0.0,0.0,0.0
New Zealand - Ministry of Foreign Affairs and Trade - New Zealand Aid Programme,mfat,100.0,65.10873318492723,45.29491525423729,77.60091210979114,100.0,65.10873318492723,45.29491525423729,77.60091210979114
NGO Federation of Nepal,nfn,0.0,0.0,0.0,0.0,0.0,0.0,0.0,0.0
Ngo-federatie (Vlaamse federatie van ngo's voor ontwikkelingssamenwerking),ngo-federatie,100.0,100.0,22.22222222222222,80.55555555555556,100.0,100.0,22.22222222222222,80.55555555555556
Niger Delta Stakeholders Initiative for Community Development and Empowerment,ndsicde,100.0,75.0,44.44444444444444,79.86111111111111,100.0,75.0,44.44444444444444,79.86111111111111
NIRAS A/S,niras,0.0,0.0,0.0,0.0,0.0,0.0,0.0,0.0
NIRAS Group (UK) Limited,niras_uk,97.14285714285714,51.19047619047619,11.11111111111111,64.14682539682539,100.0,51.19047619047619,11.11111111111111,65.57539682539682
NKHOMA MISSION HOSPITAL,nmhiati,0.0,0.0,0.0,0.0,0.0,0.0,0.0,0.0
NLR,nlr,100.0,75.0,0.0,68.75,100.0,75.0,0.0,68.75
NLR Indonesia,nlr_indonesia,0.0,0.0,0.0,0.0,0.0,0.0,0.0,0.0
Non-Timber Forest Products Exchange Programme,ntfp-ep,100.0,78.57142857142857,33.33333333333333,77.97619047619047,100.0,78.57142857142857,33.33333333333333,77.97619047619047
Nonviolent Peaceforce South Sudan,npss,98.33333333333334,58.33333333333333,43.70370370370371,74.67592592592592,100.0,58.33333333333333,43.70370370370371,75.50925925925925
Norad - Norwegian Agency for Development Cooperation,norad,100.0,99.70341515091424,48.046454731691504,86.93746747065143,100.0,99.70341515091424,48.046454731691504,86.93746747065143
NORSAAC,norsaac,100.0,100.0,44.44444444444444,86.11111111111111,100.0,100.0,44.44444444444444,86.11111111111111
Northern Ireland Cooperation Overseas Ltd,nico,0.0,0.0,0.0,0.0,0.0,0.0,0.0,0.0
Northern Network for Education Development,nned,92.0,25.0,22.22222222222222,57.80555555555556,100.0,25.0,22.22222222222222,61.80555555555556
Northern Rangelands Trust,nrt-kenya,0.0,0.0,0.0,0.0,0.0,0.0,0.0,0.0
Norwegian People's Aid,npa,95.0,75.0,44.44444444444444,77.36111111111111,100.0,75.0,44.44444444444444,79.86111111111111
Norwegian Refugee Council,nrc,98.0,57.22222222222223,33.67521367521367,71.72435897435898,100.0,57.22222222222223,35.15669515669516,73.09472934472934
"NpM, Platform for Inclusive Finance",npm,100.0,33.33333333333333,48.148148148148145,70.37037037037037,100.0,33.33333333333333,48.148148148148145,70.37037037037037
Nuffic,nuffic20171017,90.0,75.0,44.44444444444444,74.86111111111111,90.0,75.0,44.44444444444444,74.86111111111111
Nutrition International,nutritionintl,0.0,0.0,0.0,0.0,0.0,0.0,0.0,0.0
Obodo Centre for Advocacy and Equal Rights,obodo_ng,90.0,50.0,33.333333333333336,65.83333333333333,100.0,50.0,33.333333333333336,70.83333333333333
Ocean Risk and Resilience Action Alliance,orraa_inc,90.0,72.05882352941177,29.05982905982906,70.2796631473102,100.0,72.05882352941177,29.05982905982906,75.2796631473102
OCHA Country Based Pooled Funds,unocha-cbpf,99.70558715289394,69.76035743298132,60.83416973346716,82.50142536805909,99.85279357644697,69.76035743298132,60.83416973346716,82.5750285798356
ODI Global,odi,100.0,93.75,39.636752136752136,83.34668803418803,100.0,93.75,39.636752136752136,83.34668803418803
ODI Global Advisory Ltd,odi_sales_ltd,100.0,93.75,33.333333333333336,81.77083333333333,100.0,93.75,33.333333333333336,81.77083333333333
OECD,oecd,100.0,50.0,55.55555555555556,76.38888888888889,100.0,50.0,55.55555555555556,76.38888888888889
Office for National Statistics,ons,100.0,75.0,66.66666666666667,85.41666666666667,100.0,75.0,66.66666666666667,85.41666666666667
Okapi Consulting,okapiconsulting,90.0,0.0,11.11111111111111,47.77777777777778,100.0,0.0,11.11111111111111,52.77777777777778
Olamma Cares Foundation,olammacares,0.0,0.0,0.0,0.0,0.0,0.0,0.0,0.0
Omidyar Network Fund Inc.,omidyarnetwork,0.0,0.0,0.0,0.0,0.0,0.0,0.0,0.0
One Acre Fund,oneacrefund,100.0,25.0,44.44444444444444,67.36111111111111,100.0,25.0,44.44444444444444,67.36111111111111
One to One Children's Fund,onetoonecf,0.0,0.0,0.0,0.0,0.0,0.0,0.0,0.0
One Young World,oyw,90.0,25.0,44.44444444444444,62.361111111111114,100.0,25.0,44.44444444444444,67.36111111111111
ONG ALCRER,alcrer-1,0.0,0.0,0.0,0.0,0.0,0.0,0.0,0.0
Open Capital Advisors,oca,0.0,0.0,0.0,0.0,0.0,0.0,0.0,0.0
openmindedly,openmindedly,0.0,0.0,0.0,0.0,0.0,0.0,0.0,0.0
OpenNorth,opennorth,0.0,0.0,0.0,0.0,0.0,0.0,0.0,0.0
Opportunity International Savings and Loans Ltd,oisl_gh,100.0,50.0,33.333333333333336,70.83333333333333,100.0,50.0,33.333333333333336,70.83333333333333
Opportunity International UK,opportunity-international-uk,96.0,55.0,41.111111111111114,72.02777777777777,100.0,55.0,41.111111111111114,74.02777777777777
Options Consultancy Services,options,97.27272727272727,75.0,59.39393939393939,82.23484848484847,100.0,75.0,59.39393939393939,83.59848484848484
Orbis Africa,orbis_africa,0.0,0.0,0.0,0.0,0.0,0.0,0.0,0.0
Orbis Charitable Trust,orbis_uk,0.0,0.0,0.0,0.0,0.0,0.0,0.0,0.0
Orbis Ethiopia,orbis_ethiopia,0.0,0.0,0.0,0.0,0.0,0.0,0.0,0.0
Orbis International,orbis_international,0.0,0.0,0.0,0.0,0.0,0.0,0.0,0.0
Organizacion para la Educacion y Proteccion Ambiental -OpEPA-,opepa,80.0,50.0,22.22222222222222,58.05555555555556,100.0,50.0,22.22222222222222,68.05555555555556
OurLoop Stitchting,loop,100.0,50.0,33.333333333333336,70.83333333333333,100.0,50.0,33.333333333333336,70.83333333333333
Outreach Egypt,outreach_egypt,0.0,0.0,0.0,0.0,0.0,0.0,0.0,0.0
Oxfam America,oxfamus,90.02493765586034,47.43589743589744,14.921780986762936,60.60188843359526,100.0,47.43589743589744,14.921780986762936,65.58941960566509
Oxfam Australia,oau,90.1086956521739,74.45652173913044,27.853083262290426,70.63174907644216,100.0,74.45652173913044,27.853083262290426,75.57740125035522
Oxfam GB,oxfamgb,90.0,94.57964601769912,14.896755162241886,72.36910029498526,100.0,94.57964601769912,14.896755162241886,77.36910029498526
Oxfam IBIS,ibis_denmark,99.64285714285714,70.10714285714286,30.291005291005295,74.92096560846561,100.0,70.10714285714286,30.291005291005295,75.09953703703705
Oxfam India,oxfamindia,0.0,0.0,0.0,0.0,0.0,0.0,0.0,0.0
Oxfam Intermón,oxfamintermon,99.62962962962963,50.0,39.50617283950616,72.19135802469135,100.0,50.0,39.50617283950616,72.37654320987654
Oxfam Novib,onl,99.4979079497908,71.28421528236719,58.83216780927312,82.27804974780548,100.0,71.28421528236719,59.166895842745916,82.61277778127828
Oxfam Solidarité-Solidariteit,oxsol,100.0,100.0,22.22222222222222,80.55555555555556,100.0,100.0,22.22222222222222,80.55555555555556
Oxfam Wereldwinkels,oww,100.0,100.0,44.44444444444444,86.11111111111111,100.0,100.0,44.44444444444444,86.11111111111111
Oxfam-Magasins du monde (omdm),omdm,100.0,100.0,36.111111111111114,84.02777777777777,100.0,100.0,38.888888888888886,84.72222222222223
Oxfam-Quebec,oqc,100.0,75.0,66.66666666666667,85.41666666666667,100.0,75.0,66.66666666666667,85.41666666666667
Oxford Policy Management,opml,92.14285714285714,60.714285714285715,28.932178932178928,68.48304473304474,100.0,60.714285714285715,28.932178932178928,72.41161616161617
Pact,pact,100.0,25.0,28.65497076023392,63.41374269005848,100.0,25.0,28.65497076023392,63.41374269005848
Pakistan Institute of Living & Learning,pill,90.0,0.0,33.333333333333336,53.333333333333336,100.0,0.0,33.333333333333336,58.333333333333336
Palestinian Working Women Society for Development,pwwsd_2022,100.0,100.0,22.22222222222222,80.55555555555556,100.0,100.0,22.22222222222222,80.55555555555556
Palladium Europe,palladium_eur,100.0,75.0,33.333333333333336,77.08333333333333,100.0,75.0,33.333333333333336,77.08333333333333
Palladium International Ltd (UK),palladium,92.08333333333333,74.3659420289855,32.29847494553376,72.70777091029647,100.0,74.3659420289855,32.29847494553376,76.66610424362982
Palliative Care Association of Malawi,pacam,0.0,0.0,0.0,0.0,0.0,0.0,0.0,0.0
Palliative Care Support Trust,pcst,100.0,62.5,33.333333333333336,73.95833333333333,100.0,62.5,33.333333333333336,73.95833333333333
Pan Africa ILGA,pai155669,100.0,75.0,38.888888888888886,78.47222222222223,100.0,75.0,38.888888888888886,78.47222222222223
Pan African Climate Justice Alliance,pacja,91.81818181818183,100.0,48.37261503928171,83.00224466891133,100.0,100.0,48.37261503928171,87.09315375982042
Panos Institute West Africa (PIWA),ipao,97.93103448275863,9.482758620689655,12.260536398467432,54.401340996168585,99.3103448275862,9.482758620689655,12.260536398467432,55.09099616858237
Paradigm Initiative,paradigm,100.0,50.0,55.55555555555556,76.38888888888889,100.0,50.0,55.55555555555556,76.38888888888889
Parhelion Underwriting Limited,pul,100.0,50.0,0.0,62.5,100.0,50.0,11.11111111111111,65.27777777777777
Particip GmbH,particip,0.0,0.0,0.0,0.0,0.0,0.0,0.0,0.0
Partnership for African Social & Governance Research (PASGR),pasgr,0.0,0.0,0.0,0.0,0.0,0.0,0.0,0.0
partos,partos_nl,100.0,85.11904761904762,36.507936507936506,80.40674603174602,100.0,85.11904761904762,36.507936507936506,80.40674603174602
Pastoralist Girls Initiative,pgi_kenya,0.0,0.0,0.0,0.0,0.0,0.0,0.0,0.0
PATH,_path_,90.0,24.999999999999996,40.74074074074073,61.43518518518518,100.0,24.999999999999996,40.74074074074073,66.43518518518519
Pathfinder International,pathfinder1,95.0,87.5,72.22222222222223,87.43055555555556,100.0,87.5,72.22222222222223,89.93055555555556
PATTIRO,pattiro,0.0,0.0,0.0,0.0,0.0,0.0,0.0,0.0
PAX,pax,98.21428571428571,81.15079365079364,55.654761904761905,83.30853174603175,100.0,81.15079365079364,55.654761904761905,84.20138888888889
PCP Uganda Limited,pcp-ug_125289,90.0,50.0,100.0,82.5,100.0,50.0,100.0,87.5
Peace Brigades International,pbi_io,0.0,0.0,0.0,0.0,0.0,0.0,0.0,0.0
Peace Corp,peace,100.0,74.80106100795756,33.333333333333336,77.03359858532272,100.0,74.80106100795756,33.333333333333336,77.03359858532272
Peace Direct,peacedirect,100.0,87.5,27.77777777777778,78.81944444444444,100.0,87.5,27.77777777777778,78.81944444444444
Peaceful Change initiative,pci,100.0,50.0,22.22222222222222,68.05555555555556,100.0,50.0,22.22222222222222,68.05555555555556
PEAS (Promoting Equality in African Schools),peas,73.33333333333331,41.666666666666664,46.29629629629629,58.65740740740739,89.99999999999999,50.0,49.999999999999986,69.99999999999999
Pegasys Limited,pegasys-eu,100.0,75.0,11.11111111111111,71.52777777777777,100.0,75.0,11.11111111111111,71.52777777777777
Penal Reform International,pri,100.0,50.0,33.333333333333336,70.83333333333333,100.0,50.0,33.333333333333336,70.83333333333333
People In Aid,peopleinaid,100.0,50.0,44.44444444444444,73.61111111111111,100.0,50.0,44.44444444444444,73.61111111111111
People in Need,pin,100.0,75.0,11.11111111111111,71.52777777777777,100.0,75.0,11.11111111111111,71.52777777777777
People's Process on Housing and Poverty in Zambia,pphpz,100.0,100.0,22.22222222222222,80.55555555555556,100.0,100.0,22.22222222222222,80.55555555555556
Perhimpunan Pengembangan Media Nusantara,ja_ppmn,90.0,100.0,33.333333333333336,78.33333333333333,100.0,100.0,33.333333333333336,83.33333333333333
PHASE Nepal,phase-nepal,0.0,0.0,0.0,0.0,0.0,0.0,0.0,0.0
PHASE Worldwide,phase_worldwide,100.0,50.0,38.888888888888886,72.22222222222223,100.0,50.0,38.888888888888886,72.22222222222223
PHYSICIANS ACROSS CONTINENTS (PAC),pac_som,0.0,0.0,0.0,0.0,0.0,0.0,0.0,0.0
piermarc,piermarc,90.0,25.0,33.333333333333336,59.583333333333336,100.0,25.0,44.44444444444444,67.36111111111111
Plan International Belgium,pib,100.0,100.0,43.56261022927689,85.89065255731923,100.0,100.0,43.56261022927689,85.89065255731923
Plan International Finland,planinternationalfinland,0.0,0.0,0.0,0.0,0.0,0.0,0.0,0.0
Plan International Netherlands,plannlno,95.73770491803279,88.10505300452718,38.25136612021858,79.45795724020283,96.88524590163934,88.10505300452718,38.615664845173036,80.12280241324473
Plan International UK,plan_uk,96.0,58.65384615384615,35.93567251461988,71.64737966711651,98.0,58.65384615384615,35.93567251461988,72.64737966711651
Plan International USA,plan_usa,0.0,0.0,0.0,0.0,0.0,0.0,0.0,0.0
Plan Ireland Charitable Assistance Limited,plan_ireland,0.0,0.0,0.0,0.0,0.0,0.0,0.0,0.0
PlanBørnefonden,plb,91.42857142857142,71.42857142857143,24.76190476190476,69.76190476190476,100.0,71.42857142857143,24.76190476190476,74.04761904761905
Plataforma Moçambicana da Água (PLAMA),plama,0.0,0.0,0.0,0.0,0.0,0.0,0.0,0.0
Plateforme des Acteurs de la Société Civile au BENIN,pascib_benin,100.0,100.0,55.55555555555556,88.88888888888889,100.0,100.0,55.55555555555556,88.88888888888889
PONT,pont,0.0,0.0,0.0,0.0,0.0,0.0,0.0,0.0
Pontis Foundation,pontis,0.0,0.0,0.0,0.0,0.0,0.0,0.0,0.0
Population Media Center,pmc,95.0,12.5,22.22222222222222,56.18055555555556,100.0,12.5,22.22222222222222,58.68055555555556
Population Service International,psi,88.57142857142857,48.80952380952381,48.25396825396825,68.5515873015873,98.57142857142857,48.80952380952381,48.25396825396825,73.5515873015873
Population Services and Training Centre (PSTC),pstc_1102,90.0,37.5,33.333333333333336,62.708333333333336,100.0,37.5,33.333333333333336,67.70833333333333
Population Services Kenya,pskenya_19,100.0,43.421052631578945,22.22222222222222,66.4108187134503,100.0,43.421052631578945,22.22222222222222,66.4108187134503
Positive Vibes Trust,pv,91.25,75.0,46.75925925925926,76.06481481481481,100.0,75.0,46.75925925925926,80.43981481481481
PositiveNegatives,posneg,100.0,50.0,33.333333333333336,70.83333333333333,100.0,50.0,33.333333333333336,70.83333333333333
Power International,power,100.0,50.0,33.333333333333336,70.83333333333333,100.0,50.0,33.333333333333336,70.83333333333333
PPAG,ppag_123,0.0,0.0,0.0,0.0,0.0,0.0,0.0,0.0
PRACTICA Foundation,practica,0.0,0.0,0.0,0.0,0.0,0.0,0.0,0.0
Practical Action,pa,100.0,74.57627118644068,29.899282117218473,76.1188883259148,100.0,74.57627118644068,31.696667738133506,76.56823473114355
Pragya India,pragya,0.0,0.0,0.0,0.0,0.0,0.0,0.0,0.0
Première Urgence Internationale,premiere-urgence,90.0,50.0,22.22222222222222,63.05555555555556,100.0,50.0,22.22222222222222,68.05555555555556
PRI Association,pri_icf,0.0,0.0,0.0,0.0,0.0,0.0,0.0,0.0
PricewaterhouseCoopers Private Limited India,pwcplindia,98.0,55.0,44.44444444444444,73.86111111111111,100.0,55.0,44.44444444444444,74.86111111111111
Prince Claus Fund,pcf,100.0,13.0,36.888888888888886,62.47222222222222,100.0,13.0,36.888888888888886,62.47222222222222
Private Infrastructure Development Group,pidg,90.37037037037037,74.2747189603477,49.453642070129526,76.1172754428045,100.0,74.2747189603477,49.453642070129526,80.93209025761931
PRO-FEMMES TWESE HAMWE,profemmes,100.0,25.0,44.44444444444444,67.36111111111111,100.0,25.0,44.44444444444444,67.36111111111111
Programming Their Future,p-t-f-,0.0,0.0,0.0,0.0,0.0,0.0,0.0,0.0
Progressio (closed),progressio,63.0,25.0,32.46913580246914,45.867283950617285,85.0,37.5,32.46913580246914,59.992283950617285
Project Harar,phe,0.0,0.0,0.0,0.0,0.0,0.0,0.0,0.0
Projet Jeune Leader,pjl,100.0,50.0,0.0,62.5,100.0,50.0,0.0,62.5
Promundo-US,pmo-us,100.0,100.0,38.888888888888886,84.72222222222223,100.0,100.0,38.888888888888886,84.72222222222223
Prospero Limited,prospero,90.0,25.0,88.88888888888889,73.47222222222223,100.0,25.0,88.88888888888889,78.47222222222223
Protecting Families Against HIV/AIDS,prefa_1,100.0,75.0,55.55555555555556,82.63888888888889,100.0,75.0,55.55555555555556,82.63888888888889
PT Arup Indonesia,ptarupidn,0.0,0.0,0.0,0.0,0.0,0.0,0.0,0.0
PUBLIC HEALTH FOUNDATION OF INDIA,phfi,80.0,0.0,22.22222222222222,45.55555555555556,90.0,0.0,22.22222222222222,50.55555555555556
Public International Law & Policy Group,pilpg,90.0,25.0,22.22222222222222,56.80555555555556,100.0,25.0,22.22222222222222,61.80555555555556
Publish What You Fund,pwyf,100.0,25.0,33.333333333333336,64.58333333333333,100.0,25.0,33.333333333333336,64.58333333333333
PUM Netherlands,pumnl,90.25641025641025,50.606375606375614,15.482081271554957,61.65031934768777,100.0,50.606375606375614,15.482081271554957,66.52211421948265
Pump Aid,pumpaid,90.0,100.0,66.66666666666667,86.66666666666667,100.0,100.0,66.66666666666667,91.66666666666667
PwC,pwc,97.5,56.25,29.629629629629626,70.2199074074074,100.0,56.25,29.629629629629626,71.4699074074074
Queen Rania Foundation for Education and Development,qrfed,100.0,25.0,11.11111111111111,59.02777777777778,100.0,25.0,11.11111111111111,59.02777777777778
Quinoa,quinoa,100.0,100.0,22.22222222222222,80.55555555555556,100.0,100.0,22.22222222222222,80.55555555555556
Rabo Foundation,rabofoundation,0.0,0.0,0.0,0.0,0.0,0.0,0.0,0.0
Rabo Partnerships,rabo_partnerships,100.0,50.0,15.873015873015873,66.46825396825398,100.0,50.0,15.873015873015873,66.46825396825398
Radio La Benevolencija,rlb,100.0,100.0,55.55555555555556,88.88888888888889,100.0,100.0,55.55555555555556,88.88888888888889
Radios Rurales Internationales,bfrri,0.0,0.0,0.0,0.0,0.0,0.0,0.0,0.0
Rahnuma-Family Planning Assocation of Pakistan,rfpap,0.0,0.0,0.0,0.0,0.0,0.0,0.0,0.0
Railway Children,rc,100.0,50.0,41.666666666666664,72.91666666666667,100.0,50.0,41.666666666666664,72.91666666666667
Railway Children Africa,rc2africa,100.0,50.0,22.22222222222222,68.05555555555556,100.0,50.0,22.22222222222222,68.05555555555556
RAIN Foundation (former),rainfoundation,80.0,46.66666666666667,71.85185185185185,69.62962962962963,100.0,46.66666666666667,72.5925925925926,79.81481481481482
Rainbow Railroad,rr_qfdi,90.0,25.0,22.22222222222222,56.80555555555556,90.0,25.0,22.22222222222222,56.80555555555556
Rainforest Action Network,ran,100.0,100.0,11.11111111111111,77.77777777777777,100.0,100.0,11.11111111111111,77.77777777777777
Rainforest Alliance,rainforest-alliance,100.0,50.0,33.333333333333336,70.83333333333333,100.0,50.0,33.333333333333336,70.83333333333333
Rainforest Foundation UK,rfuk,0.0,0.0,0.0,0.0,0.0,0.0,0.0,0.0
Rainwater Association of Somalia-RAAS,inforaas,0.0,0.0,0.0,0.0,0.0,0.0,0.0,0.0
Raleigh International,raleigh_int,100.0,62.5,50.0,78.125,100.0,62.5,50.0,78.125
RCN Justice & Démocratie,rcn,100.0,100.0,43.49206349206349,85.87301587301587,100.0,100.0,45.07936507936508,86.26984126984127
Reach A Hand Uganda,rahuug,88.33333333333333,22.916666666666664,11.11111111111111,52.67361111111111,99.16666666666666,22.916666666666664,21.296296296296294,60.63657407407407
Reach Digital Health NPC,rdh,90.0,50.0,33.333333333333336,65.83333333333333,100.0,50.0,33.333333333333336,70.83333333333333
READ Foundation,read-foundation,100.0,75.0,22.22222222222222,74.30555555555556,100.0,75.0,22.22222222222222,74.30555555555556
Red Cross Red Crescent Climate Centre,climate_centre,0.0,0.0,0.0,0.0,0.0,0.0,0.0,0.0
Red Umbrella Fund,ruf,100.0,69.8076923076923,43.58974358974359,78.34935897435898,100.0,69.8076923076923,43.58974358974359,78.34935897435898
RedOrange Media and Communications,redorange,0.0,0.0,0.0,0.0,0.0,0.0,0.0,0.0
RedR UK,redruk,0.0,0.0,0.0,0.0,0.0,0.0,0.0,0.0
Regional Advisory Information and Network Systems,rains,100.0,75.0,22.22222222222222,74.30555555555556,100.0,75.0,22.22222222222222,74.30555555555556
"Rehabilitation, Education and Community Health (REACH)",reach-iraq,95.0,37.5,11.11111111111111,59.65277777777778,100.0,37.5,11.11111111111111,62.15277777777778
Relief International France,ri_france,80.0,50.0,44.44444444444444,63.611111111111114,100.0,50.0,44.44444444444444,73.61111111111111
Relief International UK,ri-uk,95.00000000000001,68.75,33.7037037037037,73.11342592592592,100.0,68.75,33.7037037037037,75.61342592592592
Rene Moawad Foundation,rmf-lb,100.0,100.0,22.22222222222222,80.55555555555556,100.0,100.0,22.22222222222222,80.55555555555556
Republic of Korea,odakorea,0.0,0.0,0.0,0.0,0.0,0.0,0.0,0.0
Resilience,resilience,0.0,0.0,0.0,0.0,0.0,0.0,0.0,0.0
Resonate! Yemen,rymn,90.0,75.0,22.22222222222222,69.30555555555556,100.0,75.0,22.22222222222222,74.30555555555556
Resource Extraction Monitoring,rem,0.0,0.0,0.0,0.0,0.0,0.0,0.0,0.0
Responsible Mining Foundation,rmf,0.0,0.0,0.0,0.0,0.0,0.0,0.0,0.0
Restart Center,restartcenter,90.0,25.0,11.11111111111111,54.02777777777778,100.0,25.0,11.11111111111111,59.02777777777778
Restless Development,restless,100.0,68.75,44.44444444444444,78.29861111111111,100.0,68.75,44.44444444444444,78.29861111111111
Results for Development,r4d,80.0,50.0,40.4040404040404,62.601010101010104,100.0,50.0,40.4040404040404,72.6010101010101
Retrak,retrak,0.0,0.0,0.0,0.0,0.0,0.0,0.0,0.0
Right to Play Netherlands Foundation,rtp,0.0,0.0,0.0,0.0,0.0,0.0,0.0,0.0
Right To Play UK,rtp_uk,100.0,50.0,38.888888888888886,72.22222222222223,100.0,50.0,38.888888888888886,72.22222222222223
Rights and Resources Initaitive,rri,90.0,50.0,22.22222222222222,63.05555555555556,100.0,50.0,22.22222222222222,68.05555555555556
Rijksakademie van beeldende kunsten,rabk,100.0,50.0,55.55555555555556,76.38888888888889,100.0,50.0,55.55555555555556,76.38888888888889
Rikolto,rikolto,100.0,100.0,45.395127748068916,86.34878193701724,100.0,100.0,45.395127748068916,86.34878193701724
Rikolto in Belgium,rikolto_belgium,0.0,0.0,0.0,0.0,0.0,0.0,0.0,0.0
Riverrecycle Oy,riverrecycle,100.0,75.0,55.55555555555556,82.63888888888889,100.0,75.0,55.55555555555556,82.63888888888889
Rocky Mountain Institute,rmi,0.0,0.0,0.0,0.0,0.0,0.0,0.0,0.0
Rode Kruis-Vlaanderen Internationaal vzw,rkiv,100.0,100.0,43.51851851851852,85.87962962962963,100.0,100.0,43.51851851851852,85.87962962962963
Rojiroti UK,rojiroti,0.0,0.0,0.0,0.0,0.0,0.0,0.0,0.0
Romania Ministry of Foreign Affairs,uasd,0.0,0.0,0.0,0.0,0.0,0.0,0.0,0.0
Rotary Clubs For Development,rc4d,0.0,0.0,0.0,0.0,0.0,0.0,0.0,0.0
Royal Botanic Gardens Kew,rbg_kew,80.0,100.0,33.333333333333336,73.33333333333333,100.0,100.0,33.333333333333336,83.33333333333333
Royal College of General Practitioners (RCGP),rcgp-international,0.0,0.0,0.0,0.0,0.0,0.0,0.0,0.0
Royal College of Obstetricians & Gynaecologists,rcog_resilience_in_obstetric_skills,90.0,50.0,11.11111111111111,60.27777777777778,100.0,50.0,11.11111111111111,65.27777777777777
Royal Commonwealth Ex-Sevices League,rcel,100.0,50.0,44.44444444444444,73.61111111111111,100.0,50.0,44.44444444444444,73.61111111111111
Royal Institute of International Affairs,riia,90.0,37.5,5.555555555555555,55.763888888888886,100.0,37.5,5.555555555555555,60.763888888888886
Royal National Lifeboat Institution (RNLI),rnli_international,90.0,50.0,44.44444444444444,68.61111111111111,100.0,50.0,44.44444444444444,73.61111111111111
Royal Netherlands Football Association,knvb,0.0,0.0,0.0,0.0,0.0,0.0,0.0,0.0
Royal Society for the Protection of Birds,rspb_,0.0,0.0,0.0,0.0,0.0,0.0,0.0,0.0
Royal Society of Tropical Medicine & Hygiene,rstmh,0.0,0.0,0.0,0.0,0.0,0.0,0.0,0.0
Royal Tropical Institute,kit,96.95652173913044,69.94565217391305,43.09178743961352,76.73762077294687,100.0,69.94565217391305,43.09178743961352,78.25935990338165
RUAF Foundation,ruaf,0.0,0.0,0.0,0.0,0.0,0.0,0.0,0.0
Rutgers,rutgers,96.76470588235294,91.66666666666667,46.51889741403808,82.92874396135265,100.0,91.66666666666667,46.51889741403808,84.54639102017619
RWENZORI ANTI CORRUP0TION COALITION,rac-001,0.0,0.0,0.0,0.0,0.0,0.0,0.0,0.0
Sabre Education Limited,sct,100.0,75.0,22.22222222222222,74.30555555555556,100.0,75.0,22.22222222222222,74.30555555555556
Saferworld,saferworld,100.0,91.51785714285714,34.00997150997151,81.38195716320715,100.0,91.51785714285714,34.00997150997151,81.38195716320715
Samaritan's Purse UK,spuk,100.0,100.0,44.44444444444444,86.11111111111111,100.0,100.0,44.44444444444444,86.11111111111111
Samir Kassir Foundation,skf,0.0,0.0,0.0,0.0,0.0,0.0,0.0,0.0
Sana'a Center for Strategic Studies,scss,100.0,62.5,50.0,78.125,100.0,62.5,50.0,78.125
Satellite Applications Catapult Ltd,satelliteapplicationscatapultltd,100.0,25.0,22.22222222222222,61.80555555555556,100.0,25.0,22.22222222222222,61.80555555555556
Savana Signatures,savsign-org,0.0,0.0,0.0,0.0,0.0,0.0,0.0,0.0
Save the Children DK,redbarnet,100.0,70.94594594594595,46.75675675675676,79.42567567567568,100.0,70.94594594594595,46.75675675675676,79.42567567567568
Save the Children International,sci,0.0,0.0,0.0,0.0,0.0,0.0,0.0,0.0
Save the Children Netherlands,scnl,99.8076923076923,73.46938775510203,50.64102564102564,80.93144950287807,100.0,73.46938775510203,50.64102564102564,81.02760334903192
Save the Children UK,scuk,100.0,26.30952380952381,39.79076479076479,66.52507215007215,100.0,26.30952380952381,39.79076479076479,66.52507215007215
SCI Projets Internationaux ASBL_Service Civil International branche belge,scibelgium,100.0,100.0,53.7037037037037,88.42592592592592,100.0,100.0,53.7037037037037,88.42592592592592
Science for Africa Foundation,sfa_foundation,0.0,0.0,0.0,0.0,0.0,0.0,0.0,0.0
SCOPEinsight B.V.,scopeinsight,100.0,83.33333333333333,55.55555555555556,84.72222222222221,100.0,83.33333333333333,55.55555555555556,84.72222222222221
Scotland's International Development Alliance,sinda,100.0,75.0,33.333333333333336,77.08333333333333,100.0,75.0,33.333333333333336,77.08333333333333
Scottish Catholic International Aid Fund (SCIAF),sciaf,95.0,75.0,44.44444444444444,77.36111111111111,100.0,75.0,44.44444444444444,79.86111111111111
"SDSN Association, Inc.",sdsna,0.0,0.0,0.0,0.0,0.0,0.0,0.0,0.0
Search for Common Ground (SFCG),sfcg,96.42857142857142,87.5,36.82539682539683,79.29563492063491,100.0,87.5,36.82539682539683,81.0813492063492
SECOURS CATHOLIQUE - CARITAS FRANCE,sccf,100.0,49.959807073954984,27.230046948356808,69.29746350557795,100.0,49.959807073954984,27.230046948356808,69.29746350557795
Secrétariat de Concertation des Organisations Non Gouvernementales Maliennes,seco-ong-mali,100.0,100.0,55.55555555555556,88.88888888888889,100.0,100.0,55.55555555555556,88.88888888888889
Secrétariat Permanent des Organisation non-gouvernementales du Burkina Faso (SPONG-BURKINA),spong-burkina,0.0,0.0,0.0,0.0,0.0,0.0,0.0,0.0
Seefar,seefar,100.0,12.5,27.77777777777778,60.06944444444444,100.0,12.5,27.77777777777778,60.06944444444444
Seefar Foundation,seefarfoundation,0.0,0.0,0.0,0.0,0.0,0.0,0.0,0.0
SeeYou Foundation,syf,100.0,75.0,41.666666666666664,79.16666666666667,100.0,75.0,41.666666666666664,79.16666666666667
Sehat Kahani (Community Innovation Hub),sehatkahanicih,90.0,50.0,33.333333333333336,65.83333333333333,100.0,50.0,33.333333333333336,70.83333333333333
Self Help Africa,self-help-africa,0.0,0.0,0.0,0.0,0.0,0.0,0.0,0.0
Send a Cow,sendacow,95.0,43.75,41.666666666666664,68.85416666666667,100.0,43.75,41.666666666666664,71.35416666666667
Send a Cow Ethiopia,sacethiopia,0.0,0.0,0.0,0.0,0.0,0.0,0.0,0.0
Send a Cow Kenya,sac_kenya,0.0,0.0,0.0,0.0,0.0,0.0,0.0,0.0
Send a Cow Uganda,sacu,0.0,0.0,0.0,0.0,0.0,0.0,0.0,0.0
Sense International,sense_international,98.46153846153847,73.07692307692308,38.46153846153847,77.11538461538461,100.0,73.07692307692308,38.46153846153847,77.88461538461539
Sensorial Handicap Cooperation,shc,100.0,100.0,37.03703703703704,84.25925925925927,100.0,100.0,37.03703703703704,84.25925925925927
Sexual Reproductive Health and Rights Africa Trust,srhr_africa_trust,99.0909090909091,47.72727272727273,30.303030303030297,69.0530303030303,100.0,47.72727272727273,30.303030303030297,69.50757575757575
Shack Dwellers International - Kenya,sdi-k,100.0,100.0,22.22222222222222,80.55555555555556,100.0,100.0,22.22222222222222,80.55555555555556
Sharkit Al Manhajyah Lelestsharat Al Tasweeqyeh,mset,0.0,0.0,0.0,0.0,0.0,0.0,0.0,0.0
ShelterBox,shelterbox,0.0,0.0,0.0,0.0,0.0,0.0,0.0,0.0
Shifa Tameer-e-Millat University,stmu01,0.0,0.0,0.0,0.0,0.0,0.0,0.0,0.0
Shift Project Ltd.,shiftproject,80.0,25.0,0.0,46.25,90.0,25.0,0.0,51.25
Shirkat Gah-Women's Resource Centre,shirkatgah,90.0,50.0,55.55555555555556,71.38888888888889,100.0,50.0,55.55555555555556,76.38888888888889
Shortlist Professionals Limited,shortlistogti,100.0,75.0,44.44444444444444,79.86111111111111,100.0,75.0,44.44444444444444,79.86111111111111
Shtrii Shakti,shtrii_shakti,0.0,0.0,0.0,0.0,0.0,0.0,0.0,0.0
Siasa Place,sp,90.0,75.0,44.44444444444444,74.86111111111111,100.0,75.0,44.44444444444444,79.86111111111111
Sightsavers,ss-org,96.41509433962264,72.0855795148248,67.69087970297824,83.15166197426208,100.0,72.0855795148248,68.11016691471826,85.04893660738577
Signal,signal,100.0,75.0,33.333333333333336,77.08333333333333,100.0,75.0,33.333333333333336,77.08333333333333
SIHA Network,siharegional,100.0,100.0,61.111111111111114,90.27777777777777,100.0,100.0,61.111111111111114,90.27777777777777
SIHA-South Sudan,siha-southsudan,100.0,100.0,33.333333333333336,83.33333333333333,100.0,100.0,33.333333333333336,83.33333333333333
siiqqee Women's Development Association,swda,100.0,100.0,66.66666666666667,91.66666666666667,100.0,100.0,66.66666666666667,91.66666666666667
Silsab Foundation,silsab1-_,90.0,25.0,11.11111111111111,54.02777777777778,100.0,25.0,11.11111111111111,59.02777777777778
Simavi,simavi,0.0,0.0,0.0,0.0,0.0,0.0,0.0,0.0
Simprints,simprints,0.0,0.0,0.0,0.0,0.0,0.0,0.0,0.0
Siren Associates,siren,0.0,0.0,0.0,0.0,0.0,0.0,0.0,0.0
Sisonke National Sex Workers Movement,sisonke,93.33333333333333,75.0,51.85185185185185,78.37962962962962,100.0,75.0,51.85185185185185,81.71296296296296
Slovenia - Ministry of Foreign Affairs,si-mfa,90.0,50.0,22.22222222222222,63.05555555555556,100.0,50.0,22.22222222222222,68.05555555555556
Slum Dwellers International,sdi-int,100.0,100.0,11.11111111111111,77.77777777777777,100.0,100.0,11.11111111111111,77.77777777777777
Small Arms Survey,sas_sana,100.0,75.0,33.333333333333336,77.08333333333333,100.0,75.0,33.333333333333336,77.08333333333333
Small International Development Charities Network,sidcn,0.0,0.0,0.0,0.0,0.0,0.0,0.0,0.0
Smart Villages Research Group,svrg,90.0,25.0,11.11111111111111,54.02777777777778,100.0,25.0,11.11111111111111,59.02777777777778
SMC-Faith in Development,smc,0.0,0.0,0.0,0.0,0.0,0.0,0.0,0.0
SMEX,smex,100.0,75.0,33.333333333333336,77.08333333333333,100.0,75.0,33.333333333333336,77.08333333333333
SNV Netherlands Development Organisation,snv,0.0,0.0,0.0,0.0,0.0,0.0,0.0,0.0
SOAS University of London,soas,100.0,75.0,11.11111111111111,71.52777777777777,100.0,75.0,11.11111111111111,71.52777777777777
Sociaal-Economische Raad,ser,100.0,37.5,33.333333333333336,67.70833333333333,100.0,37.5,33.333333333333336,67.70833333333333
Social Accountability International,social_accountability_international,90.0,0.0,22.22222222222222,50.55555555555556,100.0,0.0,22.22222222222222,55.55555555555556
Social Development Direct Limited,sddirect,98.88888888888889,54.44444444444445,23.330167774612217,68.88809749920861,100.0,54.44444444444445,23.330167774612217,69.44365305476417
"Social Fund for Development, Yemen",sfd-yemen,100.0,75.0,22.22222222222222,74.30555555555556,100.0,75.0,22.22222222222222,74.30555555555556
Social Impact Lab CIC,simlab,85.0,50.0,16.666666666666668,59.166666666666664,100.0,50.0,27.77777777777778,69.44444444444444
Social Watch Benin,swb_1,0.0,0.0,0.0,0.0,0.0,0.0,0.0,0.0
Society For Promotion of Area Resource Centres,sparc_iati,100.0,50.0,11.11111111111111,65.27777777777777,100.0,50.0,11.11111111111111,65.27777777777777
Société Nationale des eaux du Bénin (SONEB),soneb-benin,0.0,0.0,0.0,0.0,0.0,0.0,0.0,0.0
Solar Cooling Engineering GmbH,sce-gmbh,0.0,0.0,0.0,0.0,0.0,0.0,0.0,0.0
SolarNow Services (U) Ltd,solarnowsofa,92.0,46.666666666666664,46.666666666666664,69.33333333333333,100.0,46.666666666666664,48.888888888888886,73.88888888888889
Solidagro,solidagro_admin,100.0,100.0,40.31746031746032,85.07936507936508,100.0,100.0,40.31746031746032,85.07936507936508
Solidar Suisse,solidarsuisse,0.0,0.0,0.0,0.0,0.0,0.0,0.0,0.0
Solidaridad,solidaridad,100.0,95.43269230769232,34.5268928602262,82.48989629197963,100.0,95.43269230769232,34.5268928602262,82.48989629197963
Solidaridad Europe,solidaridad-europe,0.0,0.0,0.0,0.0,0.0,0.0,0.0,0.0
Solidaridad South & South-East Asia,solidaridad-ssea,0.0,0.0,0.0,0.0,0.0,0.0,0.0,0.0
Solidaridad West Africa,solidaridad-waf,0.0,0.0,0.0,0.0,0.0,0.0,0.0,0.0
Solidarites International,solidarites-international,95.0,43.75,47.22222222222222,70.24305555555556,100.0,43.75,47.22222222222222,72.74305555555556
Solsoc,solsoc,100.0,100.0,37.03703703703704,84.25925925925927,100.0,100.0,37.03703703703704,84.25925925925927
Soluciones en Legislación y Política Ambiental AC,polea,0.0,0.0,0.0,0.0,0.0,0.0,0.0,0.0
Somali Community Concern,scc_2025,0.0,0.0,0.0,0.0,0.0,0.0,0.0,0.0
Somali Women Vision,swvsom,0.0,0.0,0.0,0.0,0.0,0.0,0.0,0.0
Sonke Gender Justice,sjg,98.75,100.0,47.22222222222222,86.18055555555556,100.0,100.0,47.22222222222222,86.80555555555556
SOS Børnebyerne,sosdk,100.0,25.0,16.666666666666668,60.416666666666664,100.0,25.0,16.666666666666668,60.416666666666664
SOS Children's Villages Kenya,soscvkenya,0.0,0.0,0.0,0.0,0.0,0.0,0.0,0.0
SOS Children's Villages The Netherlands,sosnl,94.28571428571429,96.42857142857143,43.12169312169313,82.03042328042328,100.0,96.42857142857143,44.70899470899471,85.28439153439155
SOS FAIM - SOS HUNGER,sosfaim,98.33333333333334,95.45454545454545,41.111111111111114,83.3080808080808,98.33333333333334,95.45454545454545,41.111111111111114,83.3080808080808
SOS Italia,sosvdb_italia,0.0,0.0,0.0,0.0,0.0,0.0,0.0,0.0
SOS Jeunesse et Défis,sosjd6,0.0,0.0,0.0,0.0,0.0,0.0,0.0,0.0
SOS Kinderdorpen België / SOS Villages d'Enfants Belgique,svdbskb_admin,100.0,25.0,47.22222222222222,68.05555555555556,100.0,25.0,47.22222222222222,68.05555555555556
SOS Sahel International UK,sossaheluk,0.0,0.0,0.0,0.0,0.0,0.0,0.0,0.0
SOS Sahel Sudan,sosss_admin,100.0,50.0,55.55555555555556,76.38888888888889,100.0,50.0,55.55555555555556,76.38888888888889
Soul City Institute,sci2025,90.0,75.0,33.333333333333336,72.08333333333333,100.0,75.0,33.333333333333336,77.08333333333333
Sound Seekers Limited,soundseekers,0.0,0.0,0.0,0.0,0.0,0.0,0.0,0.0
South African Network of People who Use Drugs,sanpud,93.33333333333333,75.0,51.85185185185185,78.37962962962962,100.0,75.0,51.85185185185185,81.71296296296296
South Asian Women Development Forum,sawdf-admin,100.0,50.0,22.22222222222222,68.05555555555556,100.0,50.0,22.22222222222222,68.05555555555556
South West International Development Network,swidn,0.0,0.0,0.0,0.0,0.0,0.0,0.0,0.0
Southeast Asia Freedom of Expression Network (SAFEnet),safenet,90.0,50.0,44.44444444444444,68.61111111111111,100.0,50.0,44.44444444444444,73.61111111111111
Southern African Catholic Bishops' Conference Aids Office,sacbc,70.0,25.0,66.66666666666667,57.91666666666667,100.0,25.0,66.66666666666667,72.91666666666667
SouthSouthNorth,ssn,100.0,40.38461538461539,32.112332112332105,68.12423687423687,100.0,40.38461538461539,32.112332112332105,68.12423687423687
Sowt podcasting and training L.L.C,sowt,100.0,100.0,33.333333333333336,83.33333333333333,100.0,100.0,33.333333333333336,83.33333333333333
Spain - Ministry of Foreign Affairs and Cooperation,maec,0.0,0.0,0.0,0.0,0.0,0.0,0.0,0.0
Spanish Agency for International Development Cooperation (AECID),aecid,95.0,100.0,33.333333333333336,80.83333333333333,95.0,100.0,33.333333333333336,80.83333333333333
SPARK,spark,100.0,75.0,44.44444444444444,79.86111111111111,100.0,75.0,44.44444444444444,79.86111111111111
Special Hope Network,shn,0.0,0.0,0.0,0.0,0.0,0.0,0.0,0.0
Stakeholder Democracy Network,sdn,0.0,0.0,0.0,0.0,0.0,0.0,0.0,0.0
STAR-Ghana Foundation,star_ghanafoundation,100.0,25.0,55.55555555555556,70.13888888888889,100.0,25.0,55.55555555555556,70.13888888888889
Stars Foundation,starsfoundation,90.0,50.0,11.11111111111111,60.27777777777778,100.0,50.0,11.11111111111111,65.27777777777777
Start Network,start-network,100.0,25.0,44.44444444444444,67.36111111111111,100.0,25.0,44.44444444444444,67.36111111111111
STC International,stc-international,100.0,50.0,66.66666666666667,79.16666666666667,100.0,50.0,66.66666666666667,79.16666666666667
Stellenbosch University,su-impala,0.0,0.0,0.0,0.0,0.0,0.0,0.0,0.0
Stiching Cardano Development,stichting_cd,0.0,0.0,0.0,0.0,0.0,0.0,0.0,0.0
Stichting ActionAId,aanl,100.0,100.0,44.44444444444444,86.11111111111111,100.0,100.0,44.44444444444444,86.11111111111111
Stichting Aflatoun International,aflatoun,0.0,0.0,0.0,0.0,0.0,0.0,0.0,0.0
Stichting Agriterra,agriterra,99.6969696969697,91.66666666666666,51.30616509926855,85.59169278996865,100.0,91.66666666666666,51.30616509926855,85.74320794148379
Stichting Aidenvironment,aidenvironment,0.0,0.0,0.0,0.0,0.0,0.0,0.0,0.0
Stichting Beheer Subsidiegelden DRA,stichting-subsidiegelden-dra,100.0,100.0,44.44444444444444,86.11111111111111,100.0,100.0,44.44444444444444,86.11111111111111
Stichting Deltares,deltares,0.0,0.0,0.0,0.0,0.0,0.0,0.0,0.0
Stichting Fern,stichtingfern,100.0,72.72727272727272,17.965367965367964,72.67316017316018,100.0,72.72727272727272,17.965367965367964,72.67316017316018
Stichting fondsbeheer DGGF lokaal MKB,dggf_financing_local_smes,99.89247311827957,45.11405786826544,26.045400238948623,67.7361010859433,100.0,45.11405786826544,26.045400238948623,67.78986452680351
Stichting Habitat for Humanity Nederland,hfhnl,100.0,25.0,11.11111111111111,59.02777777777778,100.0,25.0,22.22222222222222,61.80555555555556
Stichting Health Action International,hai,100.0,75.0,77.77777777777777,88.19444444444444,100.0,75.0,77.77777777777777,88.19444444444444
Stichting Humana,humana_houben,80.0,25.0,55.55555555555556,60.138888888888886,100.0,25.0,55.55555555555556,70.13888888888889
Stichting Kinderpostzegels Nederland,skn,0.0,0.0,0.0,0.0,0.0,0.0,0.0,0.0
Stichting Leprazending Nederland - The Leprosy Mission Netherlands,leprazending-tlm-nl,100.0,81.25,27.77777777777778,77.25694444444444,100.0,81.25,27.77777777777778,77.25694444444444
Stichting Liliane Fonds,slf,100.0,96.42857142857143,85.07936507936508,95.37698412698413,100.0,96.42857142857143,85.07936507936508,95.37698412698413
Stichting Mayday Rescue Foundation,maydayrescue,100.0,25.0,11.11111111111111,59.02777777777778,100.0,25.0,11.11111111111111,59.02777777777778
Stichting Nederlands Instituut voor Internationale Betrekkingen 'Clingendael',clingendael,95.0,62.5,50.0,75.625,100.0,62.5,50.0,78.125
Stichting Onderzoek Multinationale Ondernemingen (SOMO),somo,95.0,100.0,44.44444444444444,83.61111111111111,95.0,100.0,44.44444444444444,83.61111111111111
Stichting Red een Kind,redeenkind,100.0,71.66666666666666,20.37037037037037,73.00925925925925,100.0,71.66666666666666,20.37037037037037,73.00925925925925
Stichting RNW Media,rnw_org,100.0,66.66666666666666,33.333333333333336,74.99999999999999,100.0,66.66666666666666,33.333333333333336,74.99999999999999
Stichting Vluchteling,st_vluchteling,100.0,94.64285714285715,58.553391053391046,88.29906204906206,100.0,94.64285714285715,58.553391053391046,88.29906204906206
Stichting VSO Nederland,vso_nl,100.0,96.42857142857143,85.07936507936508,95.37698412698413,100.0,96.42857142857143,85.07936507936508,95.37698412698413
Stichting Wilde Ganzen/ IKON,nl_wg,100.0,100.0,47.61904761904762,86.9047619047619,100.0,100.0,47.61904761904762,86.9047619047619
Stichting Wings For Aid Foundation,wfaf,0.0,0.0,0.0,0.0,0.0,0.0,0.0,0.0
Stichting Woord en Daad,w-d,95.0,81.25,41.666666666666664,78.22916666666667,100.0,81.25,44.44444444444444,81.42361111111111
Stockholm International Water Institute,siwi,100.0,100.0,44.44444444444444,86.11111111111111,100.0,100.0,44.44444444444444,86.11111111111111
Stonewall Equality Limited,stonewa11,0.0,0.0,0.0,0.0,0.0,0.0,0.0,0.0
Street Child,street_child,100.0,25.0,55.55555555555556,70.13888888888889,100.0,25.0,55.55555555555556,70.13888888888889
StreetInvest,si,0.0,0.0,0.0,0.0,0.0,0.0,0.0,0.0
Stromme Foundation,stromme_ug,0.0,0.0,0.0,0.0,0.0,0.0,0.0,0.0
Studies & Economic Media Center (SEMC),semc-yemen,0.0,0.0,0.0,0.0,0.0,0.0,0.0,0.0
Studio Globo,sg,100.0,100.0,33.333333333333336,83.33333333333333,100.0,100.0,33.333333333333336,83.33333333333333
Sub-Sahara Advisory Panel,ssap,90.0,75.0,22.22222222222222,69.30555555555556,100.0,75.0,22.22222222222222,74.30555555555556
SUGAS GLOBAL AGRO LTD,sgal,0.0,0.0,0.0,0.0,0.0,0.0,0.0,0.0
Support Trust for Africa Development (STAD),stad,0.0,0.0,0.0,0.0,0.0,0.0,0.0,0.0
Survivors Fund (SURF),surf,100.0,25.0,16.666666666666668,60.416666666666664,100.0,50.0,22.22222222222222,68.05555555555556
Sustainable Development Institute,sdi,100.0,79.16666666666666,35.18518518518519,78.58796296296296,100.0,79.16666666666666,35.18518518518519,78.58796296296296
Sustainable Hospitality Alliance,sha,100.0,50.0,11.11111111111111,65.27777777777777,100.0,50.0,11.11111111111111,65.27777777777777
Sustainable Livelihoods Foundation,sustainable_livelihoods_foundation,0.0,0.0,0.0,0.0,0.0,0.0,0.0,0.0
"Sweden, through Swedish International Development Cooperation Agency (Sida)",sida,100.0,97.47982148270532,36.672471328854755,83.53807320289002,100.0,97.47982148270532,36.67566662537828,83.5388720270209
Swedish Committee for Afghanistan,sca_afghanistan,0.0,0.0,0.0,0.0,0.0,0.0,0.0,0.0
Swisscontact,swisscontact,100.0,100.0,55.55555555555556,88.88888888888889,100.0,100.0,55.55555555555556,88.88888888888889
Switzerland - Swiss Agency for Development and Cooperation (SDC),sdc_ch,87.54576519404442,75.0,29.483244262709306,69.89369366269953,99.78337808152307,75.0,29.483244262709306,76.01250010643886
Sympany+,simone_sympany,0.0,0.0,0.0,0.0,0.0,0.0,0.0,0.0
Synergie des Femmes pour la Paix et la Réconciliation des Peuples des Grands Lacs d'Afrique,spr,100.0,50.0,62.96296296296296,78.24074074074073,100.0,50.0,62.96296296296296,78.24074074074073
Synergía - Initiatives for Human Rights,synergiaihr,90.0,33.33333333333333,25.925925925925924,59.81481481481481,100.0,33.33333333333333,25.925925925925924,64.81481481481481
Syria Justice and Accountability Centre (SJAC),sjac,0.0,0.0,0.0,0.0,0.0,0.0,0.0,0.0
Syria Relief,sr,80.0,50.0,11.11111111111111,55.27777777777778,100.0,50.0,11.11111111111111,65.27777777777777
Syrian Center for Media and Freedom of Expression,scm,100.0,25.0,44.44444444444444,67.36111111111111,100.0,25.0,44.44444444444444,67.36111111111111
TAG International Development Limited,taginternational,90.0,50.0,22.22222222222222,63.05555555555556,100.0,50.0,22.22222222222222,68.05555555555556
Talent Acceleration Platform (TAP),tap,0.0,0.0,0.0,0.0,0.0,0.0,0.0,0.0
Tameer-e-Khalaq Foundation,tkf1234,100.0,50.0,22.22222222222222,68.05555555555556,100.0,50.0,22.22222222222222,68.05555555555556
Tanager,tan,90.0,75.0,66.66666666666667,80.41666666666667,100.0,75.0,66.66666666666667,85.41666666666667
Target TB,targettb,0.0,0.0,0.0,0.0,0.0,0.0,0.0,0.0
Tax Justice Network,tjn,0.0,0.0,0.0,0.0,0.0,0.0,0.0,0.0
TB Alert,tbalert,100.0,75.0,44.44444444444444,79.86111111111111,100.0,75.0,44.44444444444444,79.86111111111111
Teach A Man To Fish,tamtf,0.0,0.0,0.0,0.0,0.0,0.0,0.0,0.0
Teach For Pakistan,tfp,100.0,50.0,33.333333333333336,70.83333333333333,100.0,50.0,33.333333333333336,70.83333333333333
TEAR fund Nederland,tear,100.0,78.84615384615384,34.63247863247863,78.36965811965811,100.0,78.84615384615384,34.63247863247863,78.36965811965811
Tearfund,tearfund,97.14285714285714,56.9047619047619,23.49206349206349,68.67063492063491,100.0,56.9047619047619,23.49206349206349,70.09920634920636
Tearfund VZW (TFBE),tfb_admin1,0.0,0.0,0.0,0.0,0.0,0.0,0.0,0.0
Tech2Peace,t2p,90.0,87.5,27.77777777777778,73.81944444444444,100.0,87.5,27.77777777777778,78.81944444444444
Technische Universiteit Delft,nl_tud,90.0,25.0,22.22222222222222,56.80555555555556,100.0,25.0,22.22222222222222,61.80555555555556
TechnoServe,tns,100.0,56.25,51.85185185185185,77.02546296296296,100.0,56.25,51.85185185185185,77.02546296296296
Terre des Hommes Netherlands,tdh_nl,92.25118483412322,76.59387710170454,42.37217990926618,75.86710666980429,92.3696682464455,76.59387710170454,42.37217990926618,75.92634837596543
Terre des hommes- Aide à l'enfance dans le monde- Fondation,tdh_foundation,95.0,50.0,50.0,72.5,100.0,50.0,50.0,75.0
The Access to Nutrition Foundation,atnf,94.0,43.33333333333333,12.59259259259259,60.981481481481474,100.0,43.33333333333333,12.59259259259259,63.981481481481474
The AGRI3 Fund,agri3_fund,90.0,25.0,16.33986928104575,55.33496732026144,100.0,25.0,16.33986928104575,60.33496732026144
The Asia Foundation,taf,92.0,52.5,33.333333333333336,67.45833333333333,100.0,52.5,33.333333333333336,71.45833333333333
The British Academy,thebritishacademy,100.0,75.0,5.555555555555555,70.13888888888889,100.0,75.0,5.555555555555555,70.13888888888889
The Carter Center,carter-center,0.0,0.0,0.0,0.0,0.0,0.0,0.0,0.0
the center for victimized women and children,cavwoc,0.0,0.0,0.0,0.0,0.0,0.0,0.0,0.0
The Centre for Economic Governance and Accountability in Africa  (CEGAA),cegaa,100.0,69.64285714285714,26.984126984126984,74.15674603174602,100.0,69.64285714285714,26.984126984126984,74.15674603174602
The Climate Change Organisation,climate-group,0.0,0.0,0.0,0.0,0.0,0.0,0.0,0.0
The Coca-Cola Export Corporation,tccec,0.0,0.0,0.0,0.0,0.0,0.0,0.0,0.0
The Commonwealth Secretariat,commonwealthsecretariat,0.0,0.0,0.0,0.0,0.0,0.0,0.0,0.0
The Conflict and Environment Observatory,ceobs,100.0,25.0,33.333333333333336,64.58333333333333,100.0,25.0,33.333333333333336,64.58333333333333
The Convention on Business Integrity,cbi-nigeria,0.0,0.0,0.0,0.0,0.0,0.0,0.0,0.0
The Education Commission,educomm,100.0,25.0,0.0,56.25,100.0,25.0,0.0,56.25
The Faraday Institution,thefaradayinstitution,90.0,25.0,11.11111111111111,54.02777777777778,100.0,25.0,11.11111111111111,59.02777777777778
The Foundation Center,foundation_center,0.0,0.0,0.0,0.0,0.0,0.0,0.0,0.0
The Fred Hollows Foundation (UK),fhfuk,0.0,0.0,0.0,0.0,0.0,0.0,0.0,0.0
The Freedom Fund,tff,100.0,75.0,30.555555555555557,76.38888888888889,100.0,75.0,30.555555555555557,76.38888888888889
The Freedom Fund (US),tffus,0.0,0.0,0.0,0.0,0.0,0.0,0.0,0.0
The George Washington University,gwu_gwi,95.0,37.5,22.22222222222222,62.43055555555556,100.0,37.5,22.22222222222222,64.93055555555556
The Global Alliance for Improved Nutrition,gain,99.98613037447988,60.50550383159835,29.501084278805276,72.49471221484085,100.0,60.50550383159835,29.501084278805276,72.5016470276009
The Global Center on Adaptation,gca,100.0,33.33333333333333,40.74074074074073,68.5185185185185,100.0,33.33333333333333,40.74074074074073,68.5185185185185
"The Global Development Incubator, Inc",gdi,100.0,25.0,44.44444444444444,67.36111111111111,100.0,25.0,44.44444444444444,67.36111111111111
The Global Forum on MSM & HIV (MSMGF),msmgf,96.66666666666667,50.0,22.22222222222222,66.38888888888889,100.0,50.0,22.22222222222222,68.05555555555556
"The Global Fund to Fight AIDS, Tuberculosis and Malaria",theglobalfund,100.0,99.59471603163192,54.537558196094786,88.53306855693168,100.0,99.59471603163192,54.537558196094786,88.53306855693168
The Global Initiative Against Transnational Organized Crime,gi-toc,100.0,100.0,33.333333333333336,83.33333333333333,100.0,100.0,33.333333333333336,83.33333333333333
the global steering group for impact investment,gsg,100.0,50.0,11.11111111111111,65.27777777777777,100.0,50.0,11.11111111111111,65.27777777777777
The Hague Academy for Local Governance,tha,100.0,53.57142857142857,37.301587301587304,72.71825396825396,100.0,53.57142857142857,37.301587301587304,72.71825396825396
The HALO Trust,halo,94.8,31.833333333333336,34.72222222222222,64.03888888888889,100.0,31.833333333333336,34.72222222222222,66.63888888888889
The Hunger Project Bangladesh,thpdb,0.0,0.0,0.0,0.0,0.0,0.0,0.0,0.0
The Hunger Project Netherlands,thp_org,100.0,100.0,31.48148148148148,82.87037037037037,100.0,100.0,31.48148148148148,82.87037037037037
The Institute for Strategic Dialogue,isdglobal,0.0,0.0,0.0,0.0,0.0,0.0,0.0,0.0
The International Children's Trust,theict,90.0,50.0,22.22222222222222,63.05555555555556,100.0,50.0,22.22222222222222,68.05555555555556
The International Institute for Strategic Studies,iiss,100.0,50.0,33.333333333333336,70.83333333333333,100.0,50.0,33.333333333333336,70.83333333333333
The International Institute for Sustainable Development,iisd,100.0,75.0,55.55555555555556,82.63888888888889,100.0,75.0,55.55555555555556,82.63888888888889
The International Rescue Committee,irc_inc,99.49152542372882,72.87676621971609,40.278898753475026,78.03467895516218,99.83050847457628,72.87676621971609,40.278898753475026,78.20417048058592
The Kvinna till Kvinna Foundation - Head Office,ktk_ho,0.0,0.0,0.0,0.0,0.0,0.0,0.0,0.0
The Lebanese Organisation for Studies and Training,rabi3,0.0,0.0,0.0,0.0,0.0,0.0,0.0,0.0
The Legal Aid Forum,laf,95.0,37.5,27.77777777777778,63.81944444444444,95.0,37.5,27.77777777777778,63.81944444444444
The Leprosy Mission England and Wales,tlmew,92.5,68.75,22.22222222222222,68.99305555555556,100.0,68.75,22.22222222222222,72.74305555555556
THE LEPROSY MISSION INTERNATIONAL,tlm_io,90.0,50.0,22.22222222222222,63.05555555555556,100.0,50.0,22.22222222222222,68.05555555555556
The Leprosy Mission Nepal,tlmnepal,97.5,62.5,8.333333333333334,66.45833333333333,100.0,62.5,8.333333333333334,67.70833333333333
The Leprosy Mission Trust India,tlmti,0.0,0.0,0.0,0.0,0.0,0.0,0.0,0.0
The Liaison Office,tlo,0.0,0.0,0.0,0.0,0.0,0.0,0.0,0.0
The Mailman School of Public Health,mailman_school_of_public_health,100.0,25.0,11.11111111111111,59.02777777777778,100.0,25.0,11.11111111111111,59.02777777777778
The MENTOR Initiative,the_mentor_initiative,100.0,75.0,44.44444444444444,79.86111111111111,100.0,75.0,44.44444444444444,79.86111111111111
The National Association of Municipalities of Benin (ANCB),ancb_benin,0.0,0.0,0.0,0.0,0.0,0.0,0.0,0.0
The Nature Conservancy,the_nature_conservancy,90.0,50.0,11.11111111111111,60.27777777777778,100.0,50.0,11.11111111111111,65.27777777777777
The OPEC Fund for International Development (OFID),ofid,0.0,0.0,0.0,0.0,0.0,0.0,0.0,0.0
The Open University,open_university,100.0,75.0,34.25925925925926,77.31481481481481,100.0,75.0,34.25925925925926,77.31481481481481
The Palestinian Initiative for the Promotion of Global Dialogue and Democracy-MIFTAH,miftah,100.0,100.0,44.44444444444444,86.11111111111111,100.0,100.0,44.44444444444444,86.11111111111111
The Pirbright Institute,pirbright_institute,0.0,0.0,0.0,0.0,0.0,0.0,0.0,0.0
"The Population Council, Inc.",populationcouncil,100.0,25.0,22.22222222222222,61.80555555555556,100.0,25.0,22.22222222222222,61.80555555555556
The Power of Nutrition,the_power_of_nutrition,90.0,37.5,16.666666666666668,58.541666666666664,100.0,37.5,16.666666666666668,63.541666666666664
The Princess Alia Foundation,paf_2018,0.0,0.0,0.0,0.0,0.0,0.0,0.0,0.0
The Proforest Initiative UK,pi-uk,0.0,0.0,0.0,0.0,0.0,0.0,0.0,0.0
The Queen Elizabeth Diamond Jubilee Trust,qedjt,100.0,50.0,22.22222222222222,68.05555555555556,100.0,50.0,22.22222222222222,68.05555555555556
The Royal United Services Institute for Defence and Security Studies,rusi,0.0,0.0,0.0,0.0,0.0,0.0,0.0,0.0
The Salvation Army International Development UK,said-uk,0.0,0.0,0.0,0.0,0.0,0.0,0.0,0.0
The Samdhana Institute,samdhana_institute,100.0,100.0,33.333333333333336,83.33333333333333,100.0,100.0,33.333333333333336,83.33333333333333
The Uganda Association of Women Lawyers ( FIDA Uganda),fidauganda,100.0,100.0,33.333333333333336,83.33333333333333,100.0,100.0,33.333333333333336,83.33333333333333
The United Nations Relief and Works Agency for Palestine Refugees in the Near East (UNRWA),unrwa,59.25803792250618,0.0,11.11111111111111,32.40679673903087,59.25803792250618,0.0,11.11111111111111,32.40679673903087
The University of Aberdeen,uoa,100.0,75.0,44.44444444444444,79.86111111111111,100.0,75.0,44.44444444444444,79.86111111111111
"The University of Dodoma (UDOM), Tanzania",udom,0.0,0.0,0.0,0.0,0.0,0.0,0.0,0.0
The University of Manchester,uom,96.66666666666666,83.33333333333333,11.11111111111111,71.94444444444443,100.0,83.33333333333333,11.11111111111111,73.6111111111111
The University of Oxford,oxford,96.66666666666666,26.666666666666664,11.11111111111111,57.77777777777777,100.0,26.666666666666664,11.11111111111111,59.44444444444444
The University of Sheffield,tuos,100.0,50.0,0.0,62.5,100.0,50.0,0.0,62.5
"The University of the West of England, Bristol",uwe,95.0,25.0,27.77777777777778,60.69444444444444,100.0,25.0,27.77777777777778,63.19444444444444
The Wildfowl and Wetlands Trust,gb-chc-1030884,90.0,25.0,22.22222222222222,56.80555555555556,100.0,25.0,22.22222222222222,61.80555555555556
The William and Flora Hewlett Foundation,hewlett-foundation,96.55913978494624,74.84177215189874,18.96551724137931,71.73139224079263,100.0,74.84177215189874,18.96551724137931,73.45182234831951
The World Bank,worldbank,91.55753968253968,72.51566483674645,84.76292646930159,85.09841766778186,99.93551587301587,72.51566483674645,85.01094234231746,89.34940973127391
Theatre for a Change Malawi,tfacmalawi,0.0,0.0,0.0,0.0,0.0,0.0,0.0,0.0
Theatre for a Change UK,tfac,0.0,0.0,0.0,0.0,0.0,0.0,0.0,0.0
Think Equal UK,thinkequal,0.0,0.0,0.0,0.0,0.0,0.0,0.0,0.0
Third World Network Africa,twnafrica,100.0,100.0,77.77777777777777,94.44444444444444,100.0,100.0,77.77777777777777,94.44444444444444
Thomson Reuters Foundation,trf,95.0,25.0,33.333333333333336,62.083333333333336,95.0,25.0,33.333333333333336,62.083333333333336
Tifa Foundation,tifa_foundation,90.0,75.0,33.333333333333336,72.08333333333333,100.0,75.0,33.333333333333336,77.08333333333333
Timber Trade Federation Ltd.,ttf,0.0,0.0,0.0,0.0,0.0,0.0,0.0,0.0
Timidria,timidria,80.0,50.0,22.22222222222222,58.05555555555556,100.0,50.0,22.22222222222222,68.05555555555556
Trade and Development Bank,tdb01,90.0,25.0,55.55555555555556,65.13888888888889,100.0,25.0,55.55555555555556,70.13888888888889
Trademark Africa,tma,96.66666666666666,50.0,22.22222222222222,66.38888888888889,100.0,50.0,22.22222222222222,68.05555555555556
TRAFFIC International,traffic,0.0,0.0,0.0,0.0,0.0,0.0,0.0,0.0
Traidcraft Exchange,traidcraft,0.0,0.0,0.0,0.0,0.0,0.0,0.0,0.0
TRAIDE Foundation,traide_foundation,90.0,75.0,33.333333333333336,72.08333333333333,100.0,75.0,33.333333333333336,77.08333333333333
Transform Africa,transafrica19,0.0,0.0,0.0,0.0,0.0,0.0,0.0,0.0
transforma,transforma,90.0,25.0,27.77777777777778,58.19444444444444,100.0,25.0,27.77777777777778,63.19444444444444
Transition International,ti_nl,100.0,75.0,66.66666666666667,85.41666666666667,100.0,75.0,66.66666666666667,85.41666666666667
Transnational Institute,tni,100.0,100.0,44.44444444444444,86.11111111111111,100.0,100.0,44.44444444444444,86.11111111111111
Transparency International Bangladesh,tib,0.0,0.0,0.0,0.0,0.0,0.0,0.0,0.0
Transparency International Kenya,ti_kenya,0.0,0.0,0.0,0.0,0.0,0.0,0.0,0.0
Transparency International Secretariat,transparency-international,97.29729729729729,2.7027027027027026,11.851851851851853,52.287287287287285,100.0,2.7027027027027026,11.851851851851853,53.63863863863864
Transparency International UK,ti-uk,100.0,55.0,20.0,68.75,100.0,55.0,20.0,68.75
Transparently Lebanese,transparently_lebanese,80.0,50.0,0.0,52.5,100.0,50.0,0.0,62.5
TREE AID,treea,100.0,50.0,38.888888888888886,72.22222222222223,100.0,50.0,38.888888888888886,72.22222222222223
TRIAL International,trial,100.0,25.0,44.44444444444444,67.36111111111111,100.0,25.0,44.44444444444444,67.36111111111111
Triangle Génération Humanitaire,tgh,0.0,0.0,0.0,0.0,0.0,0.0,0.0,0.0
Trianglen,trianglen,100.0,75.0,51.543209876543216,81.6358024691358,100.0,75.0,51.543209876543216,81.6358024691358
Trias,trias,100.0,100.0,46.381766381766376,86.5954415954416,100.0,100.0,46.381766381766376,86.5954415954416
Triggerise Ethiopia,trig,90.0,50.0,77.77777777777777,76.94444444444444,100.0,50.0,77.77777777777777,81.94444444444444
Triple Line,tripleline_crownagents,88.84955752212389,25.0,6.427015250544663,52.28153257369811,89.64601769911505,25.0,17.341469527830796,55.40837623151522
Trocaire,trocaire,100.0,62.5,38.888888888888886,75.34722222222223,100.0,62.5,38.888888888888886,75.34722222222223
Trocaire (Northern Ireland),troc,100.0,75.0,44.44444444444444,79.86111111111111,100.0,75.0,44.44444444444444,79.86111111111111
Tropenbos International,tbi,98.4,63.27272727272727,30.035087719298247,72.52695374800638,100.0,63.27272727272727,30.035087719298247,73.32695374800637
Tropical Health and Education Trust,tropicalhealth,100.0,50.0,22.22222222222222,68.05555555555556,100.0,50.0,22.22222222222222,68.05555555555556
Tropical Health Consulting,thc,80.0,25.0,22.22222222222222,51.80555555555556,90.0,25.0,22.22222222222222,56.80555555555556
Trust for Africa's Orphans,tao-03473165,0.0,0.0,0.0,0.0,0.0,0.0,0.0,0.0
Trust for Indigenous Culture and Health,ticah,100.0,0.0,44.44444444444444,61.111111111111114,100.0,0.0,44.44444444444444,61.111111111111114
TrustAfrica,trustafrica,100.0,100.0,40.52287581699347,85.13071895424837,100.0,100.0,40.52287581699347,85.13071895424837
Twaweza,twaweza,80.0,25.0,11.11111111111111,49.02777777777778,100.0,50.0,22.22222222222222,68.05555555555556
Twin,twin-iati,100.0,25.0,22.22222222222222,61.80555555555556,100.0,25.0,22.22222222222222,61.80555555555556
Twitezimbere,twz1,100.0,75.0,55.55555555555556,82.63888888888889,100.0,75.0,55.55555555555556,82.63888888888889
Twynstra Gudde,twynstragudde,100.0,75.0,55.55555555555556,82.63888888888889,100.0,75.0,55.55555555555556,82.63888888888889
Uganda Martyrs University,umu,0.0,0.0,0.0,0.0,0.0,0.0,0.0,0.0
Uganda National NGO Forum,ngoforum_01,90.0,25.0,22.22222222222222,56.80555555555556,100.0,25.0,33.333333333333336,64.58333333333333
UHAI EASHRI,uhai-eashri,96.66666666666666,81.81818181818181,52.46913580246914,81.90516273849607,100.0,81.81818181818181,52.46913580246914,83.57182940516273
"UK - Department for Business, Energy and Industrial Strategy (BEIS)",beis,99.98847926267281,94.98847926267281,49.788152207507046,86.18839749888137,100.0,94.98847926267281,49.788152207507046,86.19415786754496
"UK - Department for Digital, Culture, Media and Sport",dcms,100.0,100.0,44.44444444444444,86.11111111111111,100.0,100.0,44.44444444444444,86.11111111111111
"UK - Department for Environment, Food and Rural Affairs",defra_transparency,98.66666666666667,76.42857142857143,54.44444444444444,82.0515873015873,99.33333333333333,76.42857142857143,54.81481481481482,82.47751322751323
UK - Department for Work and Pensions,dwp,100.0,62.5,37.03703703703704,74.88425925925927,100.0,62.5,37.03703703703704,74.88425925925927
UK - Department of Health and Social Care (DHSC),dhsc,100.0,90.21739130434783,59.82530014788079,87.51067286305715,100.0,90.21739130434783,59.82530014788079,87.51067286305715
"UK - Department of Science, Innovation and Technology",dsit,100.0,97.1830985915493,51.111111111111114,87.0735524256651,100.0,97.1830985915493,51.111111111111114,87.0735524256651
"UK - Foreign, Commonwealth and Development Office",fcdo,99.77688787185355,91.59618287755362,42.808037089306275,83.48949892764173,99.89988558352402,91.59618287755362,42.82392826652469,83.5549705777816
UK - Home Office,homeoffice,0.0,0.0,0.0,0.0,0.0,0.0,0.0,0.0
UK - Medical Research Council,mrc,0.0,0.0,0.0,0.0,0.0,0.0,0.0,0.0
UK - Ministry of Defence,ukmod,90.0,100.0,33.333333333333336,78.33333333333333,90.0,100.0,33.333333333333336,78.33333333333333
UK - Scottish Government,scottish_government,0.0,0.0,0.0,0.0,0.0,0.0,0.0,0.0
"UK Department for Energy, Security and Net Zero",desnz,100.0,96.82971014492753,55.092592592592595,87.98057568438003,100.0,96.82971014492753,55.092592592592595,87.98057568438003
UK – Department for Education,dfe,100.0,75.0,44.44444444444444,79.86111111111111,100.0,75.0,44.44444444444444,79.86111111111111
UK-Ghana Chamber of Commerce,ukgcc,0.0,0.0,0.0,0.0,0.0,0.0,0.0,0.0
UK-Med,uk-med,100.0,54.166666666666664,29.629629629629626,70.94907407407408,100.0,54.166666666666664,29.629629629629626,70.94907407407408
ULB-Coopération,ulbcoop,100.0,100.0,41.97530864197531,85.49382716049382,100.0,100.0,41.97530864197531,85.49382716049382
UN Global Compact Local Network UK,ungc-uk,100.0,25.0,11.11111111111111,59.02777777777778,100.0,25.0,11.11111111111111,59.02777777777778
UN Pooled Funds,unpf,99.9963167587477,0.0,15.126702513561886,53.77983400776432,99.9987722529159,0.0,15.126702513561886,53.78106175484842
UN Trade and Development,unctad,100.0,108.33333333333334,35.18518518518519,85.87962962962965,100.0,108.33333333333334,35.18518518518519,85.87962962962965
UN Women,unw,95.81778265642151,67.36553879376673,74.89937797292353,83.47512051988332,100.0,67.36553879376673,80.00975728747409,86.84382402031021
UN-Habitat,unhabitat,0.0,0.0,0.0,0.0,0.0,0.0,0.0,0.0
Unicef Belgium National Committee,ub,100.0,100.0,61.9047619047619,90.47619047619048,100.0,100.0,61.9047619047619,90.47619047619048
UNICEF Netherlands National Committee,unicefnl,0.0,0.0,0.0,0.0,0.0,0.0,0.0,0.0
Unie van Waterschappen,uvw,100.0,51.315789473684205,24.836601307189543,69.03809769521844,100.0,51.315789473684205,24.836601307189543,69.03809769521844
Unilever,ul,90.0,50.0,11.11111111111111,60.27777777777778,100.0,50.0,11.11111111111111,65.27777777777777
Union des Villes et Communes de Wallonie (UVCW),uvcw,100.0,100.0,38.888888888888886,84.72222222222223,100.0,100.0,38.888888888888886,84.72222222222223
Union of Agricultural Work Committees,uawc,0.0,0.0,0.0,0.0,0.0,0.0,0.0,0.0
UNITAID,utd,90.0,74.44444444444444,33.08641975308642,71.88271604938272,100.0,74.44444444444444,33.08641975308642,76.88271604938272
United Mission to Nepal,umn,0.0,0.0,0.0,0.0,0.0,0.0,0.0,0.0
United Nations Capital Development Fund,uncdf,100.0,50.15723270440252,16.109043197991987,66.56656897559863,100.0,50.15723270440252,16.109043197991987,66.56656897559863
United Nations Central Emergency Response Fund (CERF),cerf,99.98193206456276,75.21496973227482,63.923931799348594,84.77569141518723,99.9975909419417,75.21496973227482,63.923931799348594,84.7835208538767
United Nations Children's Fund (UNICEF),unicef,96.85912793483469,100.0,94.10104882074216,96.95482617260289,100.0,100.0,94.13033061811213,98.53258265452803
United Nations Development Coordination Office,undco,100.0,75.0,33.333333333333336,77.08333333333333,100.0,75.0,33.333333333333336,77.08333333333333
United Nations Development Programme (UNDP),undp,99.63130373127714,79.99723881543017,71.8844412999878,87.78607189449306,100.0,79.99723881543017,71.8844412999878,87.97042002885448
"United Nations Educational, Scientific and Cultural Organization (UNESCO)",unesco,100.0,45.82992495479454,30.90674110908048,69.18416651596876,100.0,45.82992495479454,30.90674110908048,69.18416651596876
United Nations Environment Programme (UNEP),un-environment,0.0,0.0,0.0,0.0,0.0,0.0,0.0,0.0
United Nations Foundation,unf,96.66666666666666,58.33333333333333,33.33333333333333,71.24999999999999,100.0,58.33333333333333,33.33333333333333,72.91666666666666
United Nations High Commissioner for Refugees (UNHCR),unhcr,100.0,50.0,67.63458603924909,79.40864650981227,100.0,50.0,67.63458603924909,79.40864650981227
United Nations Industrial Development Organization (UNIDO),unido,99.6067415730337,49.34354485776805,27.21598002496879,68.94325200720107,99.6067415730337,49.34354485776805,33.20848938826467,70.44137934802504
United Nations Joint Programme on HIV and AIDS Secretariat (UNAIDS),unaids,100.0,50.0,26.086956521739133,69.02173913043478,100.0,50.0,26.086956521739133,69.02173913043478
United Nations Office for Project Services (UNOPS),unops,90.0,50.0,25.353696797490084,63.83842419937252,100.0,50.0,25.353696797490084,68.83842419937253
United Nations Office for the Coordination of Humanitarian Affairs (OCHA),unocha,100.0,100.0,92.67676767676768,98.16919191919192,100.0,100.0,92.67676767676768,98.16919191919192
United Nations Office for the Coordination of Humanitarian Affairs (Specially-Designated Contributions),unocha-sdc,90.0,100.0,66.66666666666667,86.66666666666667,100.0,100.0,66.66666666666667,91.66666666666667
United Nations Population Fund,unfpa,0.0,0.0,0.0,0.0,0.0,0.0,0.0,0.0
United Nations World Food Programme (WFP),wfp,99.97275204359673,100.0,92.80956706024826,98.18876778686042,100.0,100.0,92.80956706024826,98.20239176506206
United Purpose,cu,0.0,0.0,0.0,0.0,0.0,0.0,0.0,0.0
United States African Development Foundation,usadf,100.0,71.08879492600423,33.333333333333336,76.10553206483438,100.0,71.08879492600423,33.333333333333336,76.10553206483438
United States Agency for International Development (USAID),usaid,100.0,74.26468185077736,33.455708524544576,76.93009759383048,100.0,74.26468185077736,33.50020859407593,76.94122261121333
United States Department of Agriculture,usda,100.0,64.65517241379311,33.333333333333336,74.49712643678161,100.0,64.65517241379311,33.333333333333336,74.49712643678161
United States Department of Commerce,doc,100.0,58.33333333333333,33.333333333333336,72.91666666666666,100.0,58.33333333333333,33.333333333333336,72.91666666666666
United States Department of Defense,dod,100.0,62.56983240223464,33.333333333333336,73.97579143389198,100.0,62.56983240223464,33.333333333333336,73.97579143389198
United States Department of Energy,doe,100.0,65.06024096385542,33.333333333333336,74.59839357429719,100.0,65.06024096385542,33.333333333333336,74.59839357429719
United States Department of Homeland Security,dhs,0.0,0.0,0.0,0.0,0.0,0.0,0.0,0.0
United States Department of Interior,doi,100.0,66.80555555555556,33.333333333333336,75.03472222222221,100.0,66.80555555555556,33.333333333333336,75.03472222222221
United States Department of Justice,doj,0.0,0.0,0.0,0.0,0.0,0.0,0.0,0.0
United States Department of Labor,dol,100.0,67.61904761904762,33.333333333333336,75.23809523809523,100.0,67.61904761904762,33.333333333333336,75.23809523809523
United States Department of State,state,100.0,62.48618021006081,33.333333333333336,73.95487838584853,100.0,62.48618021006081,33.333333333333336,73.95487838584853
United States Department of the Treasury,treasury,100.0,65.13157894736842,33.333333333333336,74.61622807017544,100.0,65.13157894736842,33.333333333333336,74.61622807017544
United States Department of Transportation,dot,100.0,74.28571428571428,33.333333333333336,76.9047619047619,100.0,74.28571428571428,33.333333333333336,76.9047619047619
United States Environmental Protection Agency,epa,100.0,52.41935483870968,33.333333333333336,71.43817204301075,100.0,52.41935483870968,33.333333333333336,71.43817204301075
United States Federal Trade Commission,ftc,0.0,0.0,0.0,0.0,0.0,0.0,0.0,0.0
United States Health and Human Services,hhs,100.0,68.37301587301587,33.333333333333336,75.4265873015873,100.0,68.37301587301587,33.333333333333336,75.4265873015873
United States International Development Finance Corporation,dfc,100.0,50.0,33.333333333333336,70.83333333333333,100.0,50.0,33.333333333333336,70.83333333333333
United States Trade and Development Agency,ustda,100.0,51.54075546719682,33.333333333333336,71.21852220013254,100.0,51.54075546719682,33.333333333333336,71.21852220013254
United Work,united_work,0.0,0.0,0.0,0.0,0.0,0.0,0.0,0.0
United World Schools,uws,100.0,25.0,11.11111111111111,59.02777777777778,100.0,25.0,11.11111111111111,59.02777777777778
Universidad Cientifica del Sur,cientifica-pe,100.0,25.0,44.44444444444444,67.36111111111111,100.0,25.0,44.44444444444444,67.36111111111111
Universidad de los Andes,uand_2020,0.0,0.0,0.0,0.0,0.0,0.0,0.0,0.0
Universidad Peruana Cayetano Heredia,investigacion_cayetano,0.0,0.0,0.0,0.0,0.0,0.0,0.0,0.0
Universidade Federal de São Carlos - UFSCar,ufscar_brasil,0.0,0.0,0.0,0.0,0.0,0.0,0.0,0.0
Universitair Centrum voor Ontwikkelingssamenwerking,ucos,100.0,75.0,29.629629629629626,76.1574074074074,100.0,75.0,29.629629629629626,76.1574074074074
Universitas Brawijaya,medicine_ub,0.0,0.0,0.0,0.0,0.0,0.0,0.0,0.0
Universiteit Leiden,universiteit_leiden,95.0,75.0,44.44444444444444,77.36111111111111,100.0,75.0,44.44444444444444,79.86111111111111
Universiti Malaya,rmc_um,0.0,0.0,0.0,0.0,0.0,0.0,0.0,0.0
Universities UK,uuk,90.0,50.0,11.11111111111111,60.27777777777778,100.0,50.0,11.11111111111111,65.27777777777777
University College London,ucl,95.0,25.0,11.11111111111111,56.52777777777778,100.0,25.0,11.11111111111111,59.02777777777778
University of Amsterdam,uva_org,100.0,25.0,22.22222222222222,61.80555555555556,100.0,25.0,22.22222222222222,61.80555555555556
University of Birmingham,universityofbirmingham,91.81818181818181,30.0,19.191919191919194,58.207070707070706,98.18181818181817,30.0,19.191919191919194,61.388888888888886
University of Bristol,unibristol,90.0,0.0,22.22222222222222,50.55555555555556,100.0,0.0,22.22222222222222,55.55555555555556
University of Cape Town,uct,100.0,75.0,29.629629629629626,76.1574074074074,100.0,75.0,29.629629629629626,76.1574074074074
University of Central Lancashire,uclan,90.0,25.0,22.22222222222222,56.80555555555556,100.0,25.0,22.22222222222222,61.80555555555556
University of Dar es Salaam,udsm-cbs,0.0,0.0,0.0,0.0,0.0,0.0,0.0,0.0
University of Dundee,uodcepmlp,93.33333333333333,16.666666666666664,7.4074074074074066,52.68518518518518,100.0,16.666666666666664,7.4074074074074066,56.01851851851852
University of East Anglia,uea_uk,70.0,0.0,0.0,35.0,80.0,25.0,0.0,46.25
University of Edinburgh,uoe,90.0,30.555555555555557,7.777777777777778,54.58333333333333,100.0,30.555555555555557,7.777777777777778,59.58333333333333
University of Essex,university_of_essex,70.0,25.0,11.11111111111111,44.02777777777778,70.0,25.0,11.11111111111111,44.02777777777778
University of Exeter,uoex,100.0,50.0,33.333333333333336,70.83333333333333,100.0,50.0,33.333333333333336,70.83333333333333
University of Ghana,ugorid,0.0,0.0,0.0,0.0,0.0,0.0,0.0,0.0
University of Kinshasa,dspd_unikin,86.66666666666666,0.0,11.11111111111111,46.11111111111111,90.0,0.0,11.11111111111111,47.77777777777778
University of Leeds,leedsuni,100.0,75.0,11.11111111111111,71.52777777777777,100.0,75.0,11.11111111111111,71.52777777777777
University of Leicester,leics,100.0,50.0,11.11111111111111,65.27777777777777,100.0,50.0,11.11111111111111,65.27777777777777
University of Liberal Arts Bangladesh,chpd_ulab,0.0,0.0,0.0,0.0,0.0,0.0,0.0,0.0
University Of Liverpool,uol,100.0,29.166666666666664,22.22222222222222,62.84722222222222,100.0,29.166666666666664,22.22222222222222,62.84722222222222
University of Nottingham,uni_of_nottingham,0.0,0.0,0.0,0.0,0.0,0.0,0.0,0.0
University of Plymouth,uop,100.0,25.0,33.333333333333336,64.58333333333333,100.0,25.0,33.333333333333336,64.58333333333333
University of Southampton,soton,0.0,0.0,0.0,0.0,0.0,0.0,0.0,0.0
University of Strathclyde,strathclyde,90.0,25.0,33.333333333333336,59.583333333333336,100.0,25.0,33.333333333333336,64.58333333333333
University of Sussex,uos,92.5,41.666666666666664,36.111111111111114,65.69444444444444,95.83333333333334,41.666666666666664,36.111111111111114,67.36111111111111
University of Warwick,warwickpub123,0.0,0.0,0.0,0.0,0.0,0.0,0.0,0.0
University of York,uoy,95.0,16.07142857142857,9.722222222222221,53.948412698412696,100.0,16.07142857142857,9.722222222222221,56.448412698412696
University Of Zimbabwe,1-uz,0.0,0.0,0.0,0.0,0.0,0.0,0.0,0.0
University Putra Malaysia,upm,0.0,0.0,0.0,0.0,0.0,0.0,0.0,0.0
University Twente,utwente,0.0,0.0,0.0,0.0,0.0,0.0,0.0,0.0
Upinion Netherlands,upinion,100.0,50.0,33.333333333333336,70.83333333333333,100.0,50.0,33.333333333333336,70.83333333333333
Upper Quartile,uq,100.0,75.0,44.44444444444444,79.86111111111111,100.0,75.0,44.44444444444444,79.86111111111111
Urgent Action Fund for Women's Human Rights,uaf,100.0,81.25,44.44444444444444,81.42361111111111,100.0,81.25,44.44444444444444,81.42361111111111
Urgent Action Fund Latin America and the Caribbean,uafla,0.0,0.0,0.0,0.0,0.0,0.0,0.0,0.0
Urgent Action Fund-Africa,uaf-africa,100.0,100.0,47.22222222222222,86.80555555555556,100.0,100.0,47.22222222222222,86.80555555555556
UTZ,utz,0.0,0.0,0.0,0.0,0.0,0.0,0.0,0.0
UWEZO Youth Empowerment,uwezo_youth_empowerment,100.0,37.5,22.22222222222222,64.93055555555556,100.0,37.5,22.22222222222222,64.93055555555556
Varkey Foundation,varkeyfoundation,89.74358974358975,26.70940170940171,21.937321937321936,57.03347578347579,99.74358974358975,26.70940170940171,21.937321937321936,62.03347578347579
VEI B.V.,vei_nl,100.0,75.91666666666666,50.90740740740741,81.7060185185185,100.0,75.91666666666666,50.90740740740741,81.7060185185185
Vera Solutions,vera-solutions,0.0,0.0,0.0,0.0,0.0,0.0,0.0,0.0
VETERINAIRES SANS FRONTIERES / DIERENARTSEN ZONDER GRENZEN - BELGIUM,vsfbelgium,0.0,0.0,0.0,0.0,0.0,0.0,0.0,0.0
VIA Don Bosco,via-db,100.0,100.0,44.87734487734488,86.21933621933621,100.0,100.0,44.87734487734488,86.21933621933621
Village Enterprise,villageenterprise,0.0,0.0,0.0,0.0,0.0,0.0,0.0,0.0
Village Infrastructure Angels,via,0.0,0.0,0.0,0.0,0.0,0.0,0.0,0.0
Village Water Ltd,villagewater,100.0,50.0,22.22222222222222,68.05555555555556,100.0,50.0,22.22222222222222,68.05555555555556
Vision Aid Overseas,vao,100.0,50.0,44.44444444444444,73.61111111111111,100.0,50.0,44.44444444444444,73.61111111111111
Vision for a Nation Foundation,vfan,100.0,50.0,33.333333333333336,70.83333333333333,100.0,50.0,33.333333333333336,70.83333333333333
VisionFund International,vfi,0.0,0.0,0.0,0.0,0.0,0.0,0.0,0.0
Viva,viva,0.0,0.0,0.0,0.0,0.0,0.0,0.0,0.0
Viva Salud,g3w-m3m_admin,100.0,100.0,34.81481481481481,83.7037037037037,100.0,100.0,34.81481481481481,83.7037037037037
Vlaamse Interuniversitaire Raad voor Universitaire Ontwikkelingssamenwerking (VLIR-UOS),vlir-uos,100.0,63.229927007299274,26.624403026076664,72.46358250834399,100.0,63.229927007299274,26.624403026076664,72.46358250834399
VNG International,vngi,100.0,43.75,81.81818181818181,81.39204545454545,100.0,43.75,81.81818181818181,81.39204545454545
Voluntary Health Association of India,vhai-org,0.0,0.0,0.0,0.0,0.0,0.0,0.0,0.0
Voluntary Service Overseas (VSO),vso,85.0,75.0,33.333333333333336,69.58333333333333,90.0,75.0,33.333333333333336,72.08333333333333
Vrije Universiteit Amsterdam,acwfs_vu,80.0,0.0,22.22222222222222,45.55555555555556,90.0,0.0,22.22222222222222,50.55555555555556
VVOB Education for Development,vvob,100.0,100.0,48.57142857142857,87.14285714285714,100.0,100.0,48.57142857142857,87.14285714285714
VVSG - Vereniging van Vlaamse Steden en Gemeenten,vvsg,100.0,100.0,43.492063492063494,85.87301587301587,100.0,100.0,43.492063492063494,85.87301587301587
Wageningen University & Research - Stichting Wageningen Research,wageningen_ur,100.0,75.0,53.7037037037037,82.17592592592592,100.0,75.0,53.7037037037037,82.17592592592592
WAJIBU - Institute of Public Accountability,wajibu,0.0,0.0,0.0,0.0,0.0,0.0,0.0,0.0
Wala Ltd,walaltd,100.0,25.0,55.55555555555556,70.13888888888889,100.0,25.0,55.55555555555556,70.13888888888889
Wallah We Can,wwc_27068084,0.0,0.0,0.0,0.0,0.0,0.0,0.0,0.0
WAPA International ASBL,wapa,100.0,100.0,33.333333333333336,83.33333333333333,100.0,100.0,33.333333333333336,83.33333333333333
War Child Alliance Foundation,wcaf,100.0,100.0,33.888888888888886,83.47222222222223,100.0,100.0,33.888888888888886,83.47222222222223
War Child Canada,wcc,0.0,0.0,0.0,0.0,0.0,0.0,0.0,0.0
War Child Netherlands,warchildholland,100.0,12.5,22.22222222222222,58.68055555555556,100.0,12.5,22.22222222222222,58.68055555555556
War Child UK,wcuk,95.22727272727272,57.638888888888886,24.494949494949495,68.14709595959596,100.0,57.638888888888886,24.494949494949495,70.5334595959596
War on Want,waronwant,75.0,25.0,33.333333333333336,52.083333333333336,100.0,25.0,33.333333333333336,64.58333333333333
War on Want NI,wowni,0.0,0.0,0.0,0.0,0.0,0.0,0.0,0.0
WASH Alliance International,wai,0.0,0.0,0.0,0.0,0.0,0.0,0.0,0.0
WASTE advisers on urban environment and development,waste,100.0,100.0,33.333333333333336,83.33333333333333,100.0,100.0,33.333333333333336,83.33333333333333
WasteAid UK,wasteaid,95.0,25.0,19.444444444444443,58.611111111111114,100.0,25.0,19.444444444444443,61.111111111111114
Water & Land Resource Center,wlrc_aau,100.0,25.0,33.333333333333336,64.58333333333333,100.0,25.0,33.333333333333336,64.58333333333333
Water & Sanitation for the Urban Poor (WSUP),wsup,100.0,75.0,33.333333333333336,77.08333333333333,100.0,75.0,33.333333333333336,77.08333333333333
Water Finance Facility,wff,100.0,100.0,44.44444444444444,86.11111111111111,100.0,100.0,44.44444444444444,86.11111111111111
Water for People,w4p,0.0,0.0,0.0,0.0,0.0,0.0,0.0,0.0
Water Integrity Network Association,win,96.66666666666667,37.5,11.11111111111111,60.486111111111114,98.33333333333334,37.5,11.11111111111111,61.31944444444445
Water Sector Regulatory Council,wsrc1,100.0,55.0,35.55555555555556,72.63888888888889,100.0,55.0,35.55555555555556,72.63888888888889
Water Witness International,water-witness-international,93.33333333333334,33.33333333333333,20.37037037037037,60.092592592592595,98.33333333333334,33.33333333333333,20.37037037037037,62.592592592592595
Water Works,waterworks,0.0,0.0,0.0,0.0,0.0,0.0,0.0,0.0
WaterAid,wateraid,100.0,50.0,22.22222222222222,68.05555555555556,100.0,50.0,22.22222222222222,68.05555555555556
Wayamo Foundation,wayamo,100.0,100.0,55.55555555555556,88.88888888888889,100.0,100.0,55.55555555555556,88.88888888888889
We Effect,weeffect,0.0,0.0,0.0,0.0,0.0,0.0,0.0,0.0
We World - GVC Onlus,ww-gvc,100.0,37.5,66.66666666666667,76.04166666666667,100.0,37.5,66.66666666666667,76.04166666666667
Welbodi Partnership,welbodipartnership,100.0,50.0,22.22222222222222,68.05555555555556,100.0,50.0,22.22222222222222,68.05555555555556
Welfare Association (Taawon),welfare_taawon,100.0,58.33333333333333,33.333333333333336,72.91666666666666,100.0,58.33333333333333,33.333333333333336,72.91666666666666
Wellfound,wellfound,95.0,75.0,27.77777777777778,73.19444444444444,100.0,75.0,27.77777777777778,75.69444444444444
Welsh Centre for International Affairs,wcia,100.0,75.0,44.44444444444444,79.86111111111111,100.0,75.0,44.44444444444444,79.86111111111111
Welthungerhilfe,whh,100.0,25.0,37.77777777777778,65.69444444444444,100.0,25.0,37.77777777777778,65.69444444444444
Wemos Foundation,wemos,100.0,96.875,83.88888888888889,95.19097222222223,100.0,96.875,83.88888888888889,95.19097222222223
Wereldsolidariteit-Solidarité Mondiale (WSM),wsm,100.0,100.0,35.18518518518518,83.79629629629629,100.0,100.0,37.03703703703704,84.25925925925927
West Africa Blue,blue,100.0,50.0,22.22222222222222,68.05555555555556,100.0,50.0,22.22222222222222,68.05555555555556
West Africa Network for Peacebuilding,wanep,100.0,100.0,11.11111111111111,77.77777777777777,100.0,100.0,11.11111111111111,77.77777777777777
Westminster Foundation for Democracy,wfd,99.54545454545455,21.59090909090909,14.583333333333334,58.81628787878788,100.0,21.59090909090909,14.583333333333334,59.04356060606061
Wetlands International,wi,0.0,0.0,0.0,0.0,0.0,0.0,0.0,0.0
Wildlife Conservation Society,wcs,90.0,50.0,22.22222222222222,63.05555555555556,100.0,50.0,22.22222222222222,68.05555555555556
WILPF,wilpf_22,0.0,0.0,0.0,0.0,0.0,0.0,0.0,0.0
Win Win Strategies,wws,0.0,0.0,0.0,0.0,0.0,0.0,0.0,0.0
Windle Trust Kenya,wtk,90.0,50.0,22.22222222222222,63.05555555555556,100.0,50.0,33.333333333333336,70.83333333333333
Wits Health Consortium (Pty) Ltd,whc,0.0,0.0,0.0,0.0,0.0,0.0,0.0,0.0
WNF Wereld Natuur Fonds,wnf,96.0,67.5,33.333333333333336,73.20833333333333,100.0,67.5,33.333333333333336,75.20833333333333
"WO=MEN, Dutch Gender Platform",wo-men,99.0,72.5,57.77777777777778,82.06944444444444,100.0,72.5,57.77777777777778,82.56944444444444
Wolayita Development Association,woda_0486,0.0,0.0,0.0,0.0,0.0,0.0,0.0,0.0
Womankind Worldwide,womankindworld,93.33333333333333,58.33333333333333,41.66666666666666,71.66666666666666,100.0,58.33333333333333,41.66666666666666,75.0
Women and Children First (UK),wcf,0.0,0.0,0.0,0.0,0.0,0.0,0.0,0.0
Women Challenged to Challenge,wctc,100.0,100.0,77.77777777777777,94.44444444444444,100.0,100.0,77.77777777777777,94.44444444444444
Women Engage for a Common Future,wecf,100.0,80.35714285714286,38.38383838383838,79.68524531024532,100.0,80.35714285714286,38.38383838383838,79.68524531024532
Women Environmental Programme,wep,100.0,40.90909090909091,22.22222222222222,65.78282828282828,100.0,40.90909090909091,22.22222222222222,65.78282828282828
Women for Women International (UK),wfwiuk,100.0,50.0,22.22222222222222,68.05555555555556,100.0,50.0,22.22222222222222,68.05555555555556
Women Peacemakers Program,wpp,100.0,100.0,44.44444444444444,86.11111111111111,100.0,100.0,44.44444444444444,86.11111111111111
Women Unlimited Eswatini,wu,90.0,50.0,33.333333333333336,65.83333333333333,100.0,50.0,33.333333333333336,70.83333333333333
Women's Action Group,wag-1983,100.0,50.0,44.44444444444444,73.61111111111111,100.0,50.0,44.44444444444444,73.61111111111111
Women's Centre for Legal Aid and Counselling,wclac,100.0,100.0,44.44444444444444,86.11111111111111,100.0,100.0,44.44444444444444,86.11111111111111
Women's Environment & Development Organization,wedo,0.0,0.0,0.0,0.0,0.0,0.0,0.0,0.0
Women's Fund Asia,wf-asia,100.0,91.66666666666669,33.333333333333336,81.25,100.0,91.66666666666669,33.333333333333336,81.25
Women's Global Network on Reproductive Rights,wgnrr_iati,0.0,0.0,0.0,0.0,0.0,0.0,0.0,0.0
Women's International Peace Centre,wipc,100.0,100.0,11.11111111111111,77.77777777777777,100.0,100.0,11.11111111111111,77.77777777777777
Women's Legal Resources Centre,wolrec,90.0,75.0,33.333333333333336,72.08333333333333,100.0,75.0,33.333333333333336,77.08333333333333
Women's Refugee Commission,w_r_c,0.0,0.0,0.0,0.0,0.0,0.0,0.0,0.0
World Agroforestry Centre,icraf_,0.0,0.0,0.0,0.0,0.0,0.0,0.0,0.0
World Association for Christian Communication (UK),wacc-uk,0.0,0.0,0.0,0.0,0.0,0.0,0.0,0.0
World Bank Trust Funds,wbtf,97.49596122778675,49.44812362030905,46.54460599533297,72.74616301780388,99.22455573505655,49.44812362030905,46.54460599533297,73.61046027143878
World Benchmarking Alliance Foundation,wba,100.0,32.04545454545455,21.21212121212121,63.314393939393945,100.0,32.04545454545455,21.21212121212121,63.314393939393945
World Child Cancer UK,wccuk,98.57142857142858,67.85714285714286,28.57142857142857,73.39285714285714,100.0,67.85714285714286,28.57142857142857,74.10714285714286
World Economic Forum,worldeconomicforum,96.66666666666666,25.0,29.629629629629626,61.99074074074073,96.66666666666666,25.0,29.629629629629626,61.99074074074073
World Economic Forum Geneva,weforum_geneva,100.0,50.0,44.44444444444444,73.61111111111111,100.0,50.0,44.44444444444444,73.61111111111111
World Education Inc.,wei,90.0,100.0,22.22222222222222,75.55555555555556,100.0,100.0,22.22222222222222,80.55555555555556
World Federalist Movement - Institute for Global Policy,wfm-igp,100.0,50.0,33.333333333333336,70.83333333333333,100.0,50.0,33.333333333333336,70.83333333333333
World Health Organization (WHO),who,98.18674932196822,69.1592406044169,81.206681303543,86.68485513797408,100.0,69.1592406044169,81.206681303543,87.59148047698997
World Horse Welfare,whw2019,100.0,75.0,11.11111111111111,71.52777777777777,100.0,75.0,11.11111111111111,71.52777777777777
World Jewish Relief,wjr_001,100.0,50.0,25.0,68.75,100.0,50.0,25.0,68.75
World Relief Corp of National Association of Evangelicals,worldrelief,100.0,100.0,66.66666666666667,91.66666666666667,100.0,100.0,66.66666666666667,91.66666666666667
World Resources Institute,wri,98.0,50.0,40.0,71.5,100.0,50.0,40.0,72.5
World University Service of Canada,wusc,100.0,25.0,11.11111111111111,59.02777777777778,100.0,25.0,11.11111111111111,59.02777777777778
World Vegetable Center,worldveg,100.0,100.0,55.55555555555556,88.88888888888889,100.0,100.0,55.55555555555556,88.88888888888889
World Vision Central African Republic,wv_cf,0.0,0.0,0.0,0.0,0.0,0.0,0.0,0.0
World Vision Democratic Republic of Congo,wv_cd,100.0,25.0,44.44444444444444,67.36111111111111,100.0,25.0,44.44444444444444,67.36111111111111
World Vision Ethiopia,wv_et_activities,0.0,0.0,0.0,0.0,0.0,0.0,0.0,0.0
World Vision Germany,wv_de,100.0,50.0,33.333333333333336,70.83333333333333,100.0,50.0,33.333333333333336,70.83333333333333
World Vision International,wvi,100.0,49.29577464788733,46.40402803293189,73.92495067020481,100.0,49.29577464788733,46.40402803293189,73.92495067020481
World Vision Netherlands,wvnld,100.0,81.14035087719299,42.20272904483431,80.83576998050683,100.0,81.14035087719299,42.20272904483431,80.83576998050683
World Vision UK,wvuk,0.0,0.0,0.0,0.0,0.0,0.0,0.0,0.0
World Vision Zimbabwe,wvz-gec,0.0,0.0,0.0,0.0,0.0,0.0,0.0,0.0
World Waternet,worldwaternet,100.0,100.0,55.55555555555556,88.88888888888889,100.0,100.0,55.55555555555556,88.88888888888889
World Wide Fund for Nature - Kenya,wwf-kenya,100.0,62.5,27.77777777777778,72.56944444444444,100.0,62.5,27.77777777777778,72.56944444444444
World Wide Fund for Nature - Pakistan,wwfpakistan,83.33333333333334,83.33333333333333,22.22222222222222,68.05555555555556,100.0,83.33333333333333,22.22222222222222,76.38888888888889
World Wide Fund for Nature Belgium (WWF-BE),wwf-be,100.0,100.0,40.74074074074074,85.18518518518519,100.0,100.0,40.74074074074074,85.18518518518519
World Wide Fund for Nature Denmark,wwfdk,99.5,62.083333333333336,15.0,69.02083333333333,100.0,62.083333333333336,15.0,69.27083333333333
World Wide Fund for Nature Zambia,wwfzambia,100.0,100.0,33.333333333333336,83.33333333333333,100.0,100.0,33.333333333333336,83.33333333333333
"World Wildlife Fund Inc, Bolivia Program Office",wwf_bolivia,100.0,100.0,22.22222222222222,80.55555555555556,100.0,100.0,22.22222222222222,80.55555555555556
World Young Women's Christian Association,world_ywca,92.0,80.0,43.333333333333336,76.83333333333333,100.0,80.0,43.333333333333336,80.83333333333333
Worldwide Hospice Palliative Care Alliance,whpca,0.0,0.0,0.0,0.0,0.0,0.0,0.0,0.0
WSP USA Solutions Inc.,lbg,0.0,0.0,0.0,0.0,0.0,0.0,0.0,0.0
WWF Indonesia,wwf_id,100.0,100.0,11.11111111111111,77.77777777777777,100.0,100.0,11.11111111111111,77.77777777777777
WWF Paraguay,wwf-py,100.0,100.0,11.11111111111111,77.77777777777777,100.0,100.0,11.11111111111111,77.77777777777777
WWF Sweden,wwf-se,0.0,0.0,0.0,0.0,0.0,0.0,0.0,0.0
WWF TUNISIA,wwfna,100.0,100.0,11.11111111111111,77.77777777777777,100.0,100.0,11.11111111111111,77.77777777777777
WWF-BRASIL,wwfbr,90.0,100.0,11.11111111111111,72.77777777777777,100.0,100.0,11.11111111111111,77.77777777777777
WWF-UK,wwf-uk,68.49056603773585,48.913043478260875,8.294025157232703,48.54705017774132,84.15094339622642,48.913043478260875,8.294025157232703,56.37723885698661
WYG International B.V.,wygi,100.0,64.28571428571429,38.888888888888886,75.79365079365078,100.0,64.28571428571429,38.888888888888886,75.79365079365078
Y Care International,ycare,100.0,50.0,33.333333333333336,70.83333333333333,100.0,50.0,33.333333333333336,70.83333333333333
Yamaan Foundation for Health and Social Development,yffhsd,93.33333333333333,75.0,44.44444444444444,76.52777777777777,100.0,75.0,44.44444444444444,79.86111111111111
Yayasan PEKKA,pekka_21,0.0,0.0,0.0,0.0,0.0,0.0,0.0,0.0
YMCA of Liberia,libymca,100.0,50.0,33.333333333333336,70.83333333333333,100.0,50.0,33.333333333333336,70.83333333333333
Young Africa International HUB,yai-hub,100.0,37.5,38.888888888888886,69.09722222222223,100.0,37.5,38.888888888888886,69.09722222222223
Young Innovations Pvt. Ltd,yipl,0.0,0.0,0.0,0.0,0.0,0.0,0.0,0.0
Young Women Christian Association of South Sudan (YWCA SS),ywcass,100.0,100.0,66.66666666666667,91.66666666666667,100.0,100.0,66.66666666666667,91.66666666666667
Young Women's Christian Association of Kenya,ywcakenya,90.0,100.0,44.44444444444444,81.11111111111111,100.0,100.0,44.44444444444444,86.11111111111111
Youth Business International,ybi,90.0,75.0,55.55555555555556,77.63888888888889,100.0,75.0,66.66666666666667,85.41666666666667
Youth Development Labs Inc,ylabs,90.0,50.0,11.11111111111111,60.27777777777778,100.0,50.0,11.11111111111111,65.27777777777777
Youth Net and Counselling - YONECO,yoneco1997,100.0,25.0,22.22222222222222,61.80555555555556,100.0,25.0,22.22222222222222,61.80555555555556
Youth without border organization for development,ywbod,100.0,75.0,22.22222222222222,74.30555555555556,100.0,75.0,22.22222222222222,74.30555555555556
YWCA of Bangladesh,ywcabd,0.0,0.0,0.0,0.0,0.0,0.0,0.0,0.0
YWCA Palestine,ywca,100.0,100.0,44.44444444444444,86.11111111111111,100.0,100.0,44.44444444444444,86.11111111111111
YY Ventures,yy_ventures,100.0,75.0,77.77777777777777,88.19444444444444,100.0,75.0,77.77777777777777,88.19444444444444
Zambia Orphans Aid UK,zoa_uk,0.0,0.0,0.0,0.0,0.0,0.0,0.0,0.0
Zimbabwe Educational Trust,zet,0.0,0.0,0.0,0.0,0.0,0.0,0.0,0.0
Zing,zing,100.0,50.0,22.22222222222222,68.05555555555556,100.0,50.0,22.22222222222222,68.05555555555556
ZOA,zoa,98.28125,92.43421052631578,52.42456896551724,85.35531987295826,100.0,92.43421052631578,52.42456896551724,86.21469487295826
Zoological Society of London,zsl,100.0,50.0,19.074074074074073,67.26851851851852,100.0,50.0,19.074074074074073,67.26851851851852
