Publisher Name,Publisher Registry Id,Publisher Type,Timeliness,Forward looking,Comprehensiveness,Score
2X Global Limited,2xglobal,Private Sector,0.0,0.0,56.25,18.75
3F International,3fi,National NGO,12.5,0.0,65.93650793650794,26.145502645502646
60 Decibels,60db,Private Sector,0.0,0.0,0.0,0.0
Aapasi Sahayog Kendra Syangja Nepal (ASK Nepal),ask,National NGO,0.0,0.0,58.541666666666664,19.51388888888889
Aasaman Nepal,aasaman,National NGO,0.0,0.0,0.0,0.0
ABAAD - Resource Center for Gender Equality,arcfge,National NGO,25.0,33.333333333333336,73.7232905982906,44.018874643874646
Abaseen Foundation UK,abaseen,International NGO,0.0,0.0,0.0,0.0
Abdul Latif Jameel Poverty Action Lab at MIT,jpal,"Academic, Training and Research",25.0,66.66666666666667,71.52777777777777,54.39814814814815
Able Child Africa,ablechildafrica,International NGO,0.0,0.0,0.0,0.0
Abt Associates Inc,abt,Private Sector,0.0,0.0,56.80555555555556,18.935185185185187
Abt Britain Limited,abtbritain,Private Sector,37.5,100.0,65.83333333333333,67.77777777777777
Acacia Water,aw,Private Sector,0.0,0.0,0.0,0.0
Académie de recherche et d'enseignement supérieur,ares,"Academic, Training and Research",37.5,18.0,79.8401036224312,45.113367874143734
Accelerator Nepal,acceleratornepal,National NGO,0.0,0.0,68.05555555555556,22.685185185185187
Access to Finance Rwanda,afrwanda,Private Sector,0.0,0.0,0.0,0.0
Access to Medicine Foundation,atmf,Foundation,25.0,0.0,77.08333333333333,34.02777777777778
Access to Seeds Foundation,atsf,International NGO,0.0,0.0,51.49572649572649,17.165242165242162
ACCORD,accord_2024,Regional NGO,12.5,66.66666666666667,81.94444444444444,53.7037037037037
"Aceli Africa, Inc.",aceliafrica,International NGO,12.5,0.0,88.88888888888889,33.7962962962963
ACER International UK Ltd,aceruk,Private Sector,0.0,0.0,0.0,0.0
Acid Survivors Foundation,_admin,National NGO,0.0,0.0,68.05555555555556,22.685185185185187
ACODEV,acodev,National NGO,25.0,50.0,84.44444444444444,53.14814814814815
Across,across,International NGO,0.0,0.0,0.0,0.0
ACT Alliance,act_alliance,International NGO,0.0,0.0,62.5,20.833333333333332
act4africa,act4africa,International NGO,0.0,0.0,0.0,0.0
ACTED,acted,International NGO,0.0,0.0,54.583333333333336,18.194444444444446
ACTION AGAINST HUNGER SPAIN,acfspain,International NGO,12.5,0.0,75.26388888888889,29.25462962962963
Action Against Hunger UK,acf,International NGO,100.0,26.0,67.22906144781145,64.40968714927048
Action Against Hunger USA,aahusa,International NGO,0.0,0.0,54.02777777777778,18.00925925925926
Action Aid Cambodia,aac,International NGO,0.0,0.0,0.0,0.0
Action Canada for Sexual Health and Rights,acfshr,International NGO,12.5,0.0,82.63888888888889,31.712962962962962
Action Contre la Faim,acf-fr,International NGO,25.0,0.0,61.11111111111111,28.703703703703706
ActionAid Bangladesh,aab,International NGO,0.0,0.0,72.51984126984128,24.173280423280428
ActionAid Denmark (Mellemfolkeligt Samvirke),aadk,International NGO,100.0,44.0,74.97588734567901,72.99196244855968
ActionAid Ghana,aag,National NGO,0.0,0.0,0.0,0.0
ActionAid International,aai,International NGO,0.0,0.0,0.0,0.0
ACTIONAID INTERNATIONAL KENYA,aaik,International NGO,0.0,0.0,79.86111111111111,26.62037037037037
ActionAid Rwanda,aar,National NGO,0.0,0.0,0.0,0.0
ActionAid UK,aauk,International NGO,75.0,38.666666666666664,73.54725323487735,62.40463996718133
Acumen,acumen,International NGO,75.0,83.33333333333333,62.77777777777778,73.7037037037037
ACV-CSC International,iiwe,National NGO,37.5,66.66666666666667,84.72222222222223,62.96296296296297
Adam Smith International,asi,Private Sector,37.5,56.666666666666664,71.1031561747506,55.08994094713908
Adaptation Fund,af,Multilateral,0.0,0.0,62.42424242424242,20.808080808080806
ADD International (Action on Disability and Development),addinternational,International NGO,25.0,0.0,63.437627187627186,29.479209062542395
Adili Solar Hubs Limited,adili_sh,Private Sector,0.0,0.0,64.93055555555556,21.64351851851852
Administração de Infra-Estruturas de Águas e Saneamento,aias,Government,75.0,33.333333333333336,77.08333333333333,61.805555555555564
ADRA Denmark,adra-dk,National NGO,50.0,0.0,60.66721132897603,36.889070442992015
ADRA-UK,adrauk,International NGO,0.0,0.0,71.80555555555556,23.935185185185187
ADS-Nyanza,ads-nyanza,Other Public Sector,0.0,0.0,0.0,0.0
Advance Consulting,ac1999,Private Sector,0.0,33.333333333333336,80.43981481481481,37.92438271604939
Adventist Development and Relief Agency (ADRA Somalia),adrasom,International NGO,0.0,0.0,0.0,0.0
"Adventist Development and Relief Agency, Nepal",adra_nepal,International NGO,0.0,0.0,0.0,0.0
AECOM,aecom,Private Sector,0.0,0.0,61.25315656565657,20.417718855218855
Aeras,aeras,International NGO,0.0,0.0,66.52777777777777,22.175925925925924
AFEW International,afewinternational,International NGO,0.0,0.0,0.0,0.0
Afghanistan and Central Asian Association,acaa,International NGO,0.0,0.0,0.0,0.0
Afghanistan Public Policy Research Organization (APPRO),appro-af,"Academic, Training and Research",0.0,0.0,0.0,0.0
Africa Climate Ventures,acv,Private Sector,0.0,0.0,0.0,0.0
Africa Educational Trust,aet,International NGO,0.0,0.0,53.68055555555556,17.89351851851852
Africalia,africalia,Other Public Sector,12.5,56.666666666666664,86.80555555555556,51.99074074074074
African Academy of Sciences,aas,International NGO,0.0,0.0,54.583333333333336,18.194444444444446
African Center for Economic Transformation (ACET),acet,Regional NGO,0.0,0.0,66.69355592966704,22.231185309889014
African Centre for Global Health and Social Transformation,achest,International NGO,0.0,0.0,0.0,0.0
African Centre for Trade and Development,actade,National NGO,0.0,0.0,67.22222222222223,22.40740740740741
African Development Bank,afdb,Multilateral,100.0,72.66666666666667,97.60648444913025,90.09105037193233
African Disability Forum (ADF),et-adf-0317,Regional NGO,12.5,0.0,75.49603174603175,29.332010582010582
African Initiatives,ai_1064413,International NGO,0.0,0.0,0.0,0.0
African Institute For Development Policy,afidep,International NGO,0.0,0.0,0.0,0.0
African Parks Network,african_parks,International NGO,0.0,0.0,63.59126984126984,21.197089947089946
African Population and Health Research Center,aphrc,International NGO,0.0,0.0,74.30555555555556,24.76851851851852
African Revival,africanrevival,International NGO,0.0,0.0,71.52777777777777,23.84259259259259
African Security Sector Network,assn,National NGO,0.0,0.0,77.77777777777777,25.925925925925924
African Tax Administration Forum,ataf,International NGO,0.0,0.0,68.05555555555556,22.685185185185187
African Women's Development and Communication Network,femnet,Regional NGO,25.0,0.0,81.46885521885523,35.489618406285075
African Women's Development Fund,awdf,Regional NGO,25.0,0.0,73.63888888888889,32.879629629629626
Afrikagrupperna Sweden,afrikagrupperna,International NGO,0.0,0.0,0.0,0.0
AfriKids,afrikids,International NGO,0.0,0.0,79.86111111111111,26.62037037037037
Aga Khan Foundation (United Kingdom),akfuk73,International NGO,0.0,0.0,59.65277777777778,19.88425925925926
Aga Khan Foundation Afghanistan,akf_afghanistan,Foundation,0.0,0.0,54.02777777777778,18.00925925925926
AgDevCo,agdevco,Private Sector,50.0,0.0,67.10992907801419,39.03664302600473
Agence Française de Développement,afd,Other Public Sector,100.0,89.0,89.9467528587558,92.9822509529186
Agence Nationale d'Approvisionnement en Eau Potable en Milieu Rural du Benin,anaepmr_benin,Government,0.0,0.0,0.0,0.0
Agency for Cooperation and Research in Development (ACORD),acord,International NGO,0.0,0.0,70.13888888888889,23.37962962962963
AgResults Initiative,agresults,Multilateral,0.0,0.0,55.416666666666664,18.47222222222222
Agroicone,agroicone,Private Sector,0.0,0.0,0.0,0.0
Agsol Limited,agsollimited,Private Sector,12.5,0.0,62.222222222222214,24.907407407407405
Agulhas Applied Knowledge,aak,Private Sector,0.0,0.0,0.0,0.0
Agência de Desenvolvimento do Vale do Zambeze,agencia_do_zambeze,Government,0.0,0.0,74.86111111111111,24.953703703703706
AICS - Agenzia Italiana per la Cooperazione allo Sviluppo / Italian Agency for Cooperation and Development,aics,Government,100.0,30.666666666666668,81.44209585496003,70.70292084054223
AidData,aiddata,"Academic, Training and Research",0.0,0.0,64.46784500084688,21.48928166694896
AIDS and Rights Alliance for Southern Africa,arasaregional,Regional NGO,0.0,33.333333333333336,64.82638888888889,32.71990740740741
Aidsfonds - Soa Aids Nederland,nl-kvk-41207989,International NGO,62.5,100.0,74.69444444444444,79.06481481481482
AIDSPAN,aidspan,International NGO,0.0,0.0,56.388888888888886,18.796296296296294
Air Charter Service Group Ltd,acs_group,Private Sector,0.0,0.0,0.0,0.0
Ajuda de Desenvolvimento de Povo para Povo (ADPP),adpp,National NGO,0.0,0.0,56.80555555555556,18.935185185185187
Akili Dada,ad,National NGO,12.5,0.0,73.30246913580247,28.60082304526749
Akina Mama wa Afrika,amwa,International NGO,12.5,0.0,90.92261904761905,34.47420634920635
Aktis Strategy Ltd,aktis,Private Sector,0.0,0.0,64.31712962962963,21.439043209876544
Akvo Foundation,akvo,International NGO,0.0,0.0,0.0,0.0
Al Majmoua,al_majmoua,National NGO,0.0,0.0,66.94444444444444,22.314814814814813
Alcis Holdings Limited,alcis,Private Sector,0.0,0.0,0.0,0.0
Alfalit,alfalit,National NGO,0.0,0.0,22.77777777777778,7.592592592592593
Alinea International Ltd.,alineainternational_2020,Private Sector,25.0,33.333333333333336,75.08333333333333,44.47222222222222
All We Can (formerly Methodist Relief and Development Fund),allwecan,International NGO,0.0,0.0,0.0,0.0
Allergy and Asthma Institute Pakistan,aaip,"Academic, Training and Research",0.0,0.0,56.80555555555556,18.935185185185187
Alliance for a Green Revolution for Africa,agra,International NGO,0.0,0.0,0.0,0.0
"Alliance for Global Water Adaptation, Inc",agwa,International NGO,12.5,0.0,63.05555555555556,25.185185185185187
Alliance of Religions and Conservation,alliance_of_religions_and_conservation,International NGO,0.0,0.0,65.27777777777777,21.759259259259256
Altai Consulting,altai,Private Sector,0.0,0.0,59.02777777777778,19.675925925925927
American Friends Service Committee,afsc,"Academic, Training and Research",0.0,0.0,0.0,0.0
American University of Beirut,auob,Private Sector,12.5,33.333333333333336,0.0,15.277777777777779
Amnesty International The Netherlands,amnesty,International NGO,25.0,0.0,68.27777777777777,31.09259259259259
Amnesty International UK Section Charitable Trust,aiuk,International NGO,0.0,0.0,61.80555555555556,20.60185185185185
AmplifyChange,amplifychange,International NGO,25.0,0.0,72.7370406266295,32.57901354220983
Amref Health Africa - UK,amrefha,International NGO,25.0,0.0,70.78703703703702,31.92901234567901
Amref Health Africa Headquarters,amrefhq,International NGO,25.0,0.0,77.08333333333333,34.02777777777778
Amref Health Africa in Ethiopia,amrefeth,International NGO,12.5,0.0,77.08333333333333,29.86111111111111
Amref Health Africa in Kenya,amrefkenya,International NGO,25.0,0.0,82.98611111111111,35.995370370370374
Amref health Africa in Senegal,awa_sn,International NGO,0.0,0.0,83.33333333333333,27.777777777777775
Amref Health Africa in Tanzania,amreftz,International NGO,0.0,0.0,69.72222222222223,23.240740740740744
Amref Health Africa in Uganda,amrefug,National NGO,12.5,0.0,76.38888888888889,29.62962962962963
Amref Health Africa Malawi,amrefmw,National NGO,0.0,0.0,0.0,0.0
Amref Health Africa NL,amrefnl,National NGO,37.5,0.0,79.38148867501546,38.96049622500515
Ananda Marga Universal Relief Team (AMURT) Africa,amurt_kenya,National NGO,0.0,0.0,0.0,0.0
ANDA,anda,National NGO,0.0,0.0,22.77777777777778,7.592592592592593
Anti-Slavery International,asil,International NGO,0.0,0.0,59.583333333333336,19.86111111111111
Apollo Agriculture,apolloagriculture,Private Sector,0.0,0.0,61.80555555555556,20.60185185185185
APOPO,apopo,International NGO,12.5,66.66666666666667,86.38888888888889,55.18518518518518
APPRO-Europe,appro-eu,"Academic, Training and Research",0.0,0.0,0.0,0.0
APT Action on Poverty,apt,International NGO,0.0,0.0,0.0,0.0
Aqua for All,aqua4all,Foundation,12.5,0.0,0.0,4.166666666666667
Arab foundation for freedoms and equality,afemena,Regional NGO,0.0,0.0,0.0,0.0
Arab Reporters for Investigative Journalism,arij,"Academic, Training and Research",0.0,0.0,0.0,0.0
Arab Women Organization of Jordan,awo2022,National NGO,0.0,0.0,80.55555555555556,26.85185185185185
"ARGUS, Company with Foreign Capital",argus_kyiv,Private Sector,0.0,0.0,0.0,0.0
ARK (Absolute Return for Kids),ark,International NGO,0.0,0.0,67.36111111111111,22.453703703703706
ARK Group DMCC,arkgroupdmcc1,Private Sector,0.0,0.0,0.0,0.0
ARQ International,arq_intl,Foundation,0.0,0.0,0.0,0.0
Article19,art19,International NGO,0.0,0.0,0.0,0.0
Ashoka East Africa,ashoka,International NGO,0.0,0.0,0.0,0.0
Asia Justice and Rights,ajar,Regional NGO,0.0,0.0,0.0,0.0
Asian Coalition for Housing Rights,achr,Regional NGO,0.0,0.0,51.25,17.083333333333332
Asian Development Bank,asdb,Multilateral,100.0,52.333333333333336,76.98950360722608,76.44094564685314
Asociación Movimiento Feminista Por La Paz Ruta Pacífica de las Mujeres,rpm,Public Private Partnership,12.5,0.0,77.08333333333333,29.86111111111111
Asociación Profamilia,profamilia,Private Sector,0.0,0.0,0.0,0.0
Assistance Mission for Africa,ama-south-sudan,National NGO,0.0,0.0,86.11111111111111,28.703703703703706
Association Burkinabè pour le Bien Etre Familial Burkina Faso,abbef,National NGO,12.5,0.0,73.61111111111111,28.703703703703706
Association Centrafricaine de Traduction de la Bible et Alphabetisation,acatba,National NGO,0.0,0.0,0.0,0.0
Association CHS Alliance,chs_alliance,International NGO,12.5,0.0,66.73611111111111,26.412037037037038
"Association de solidarité internationale, Agriculteurs français et développement international (Afdi) France",afdi-fr,Other Public Sector,0.0,0.0,0.0,0.0
Association de Soutien au Développement des Activités de Population,asdap,National NGO,0.0,0.0,0.0,0.0
Association for Cultural Technical and Educational Cooperation (ACTEC),actec,National NGO,37.5,66.66666666666667,86.01398601398601,63.393550893550895
"Association for Prevention of Septic Abortion, Bangladesh (BAPSA)",bapsa,National NGO,0.0,0.0,0.0,0.0
Association for Progressive Communication,apc,International NGO,25.0,0.0,72.81332671957672,32.604442239858905
Association for Reproductive and Family Health,arfh,National NGO,0.0,0.0,0.0,0.0
Association for Women's Rights in Development (AWID),awid,International NGO,25.0,0.0,78.42592592592591,34.4753086419753
Association of Commonwealth Universities,acu,"Academic, Training and Research",0.0,0.0,0.0,0.0
Association pour la Promotion de l'Education et de la Formation à l'Etranger,apefe,Other Public Sector,25.0,66.66666666666667,85.37037037037037,59.01234567901235
Atos IT Services Ltd,atosuk,Private Sector,0.0,0.0,65.64814814814815,21.88271604938272
Atradius Dutch State Business,adsb,Private Sector,37.5,0.0,67.82416225749559,35.10805408583186
Auschwitz Institute for the Prevention of Genocide and Mass Atrocities,aipr,"Academic, Training and Research",0.0,0.0,78.87731481481481,26.292438271604937
Australia - Department of  Foreign Affairs and Trade,ausgov,Government,25.0,0.0,82.9992018499085,35.9997339499695
Auto-Développement Afrique (ADA),ada,National NGO,0.0,0.0,0.0,0.0
Autre Terre asbl,a-t,"Academic, Training and Research",37.5,66.66666666666667,85.31746031746032,63.161375661375665
AUXFIN Burundi,auxfinbi,Private Sector,25.0,0.0,0.0,8.333333333333334
AUXFIN International B.V.,auxfinintl,Private Sector,25.0,100.0,86.11111111111111,70.37037037037037
Avanti Communications Plc,ava_admin,Private Sector,0.0,0.0,74.30555555555556,24.76851851851852
Avocats Sans Frontières,asf,National NGO,25.0,66.66666666666667,86.25992063492063,59.30886243386243
AVSI FOUNDATION IN UGANDA,avsi_uganda,International NGO,25.0,0.0,0.0,8.333333333333334
AVSI South Sudan,avsi-ssd,International NGO,12.5,0.0,88.19444444444444,33.56481481481482
AVT-L Association of Victims of Terrorism Lebanon,avt-l,National NGO,0.0,0.0,54.02777777777778,18.00925925925926
Awake Travel,awaketravel,Private Sector,0.0,0.0,63.05555555555556,21.01851851851852
AWEPA,awepa,International NGO,0.0,0.0,0.0,0.0
Babawatoto Centre For Children and Youth,bawacecy-tz,National NGO,0.0,0.0,74.30555555555556,24.76851851851852
Backward Society Education (BASE),base_22,National NGO,0.0,0.0,53.19444444444444,17.73148148148148
Balloon Ventures Foundation,bvf,International NGO,0.0,0.0,82.63888888888889,27.546296296296294
Bangladesh Business and Disability Network,bbdn,National NGO,0.0,0.0,71.52777777777777,23.84259259259259
Bangladesh Nari Progati Sangha,bnps,National NGO,0.0,0.0,0.0,0.0
Bangladesh Primary Care Respiratory Society,bpcrs,"Academic, Training and Research",0.0,0.0,0.0,0.0
Bangladesh Youth Leadership Center,bylc,National NGO,0.0,0.0,49.44444444444444,16.48148148148148
Bani Abdurrahman Wahid Foundation (YBAW),ybawahid,Foundation,0.0,0.0,0.0,0.0
BANQUE OUEST AFRICAINE DE DEVELOPPEMENT,boadiita,Multilateral,0.0,100.0,70.68713450292398,56.89571150097466
Basel Institute on Governance,basel_institute,Foundation,0.0,0.0,54.30555555555556,18.10185185185185
BasicNeeds,basicneeds,International NGO,0.0,0.0,62.47222222222222,20.824074074074073
Basil Energetics Private Limited,bepl,Private Sector,0.0,0.0,60.27777777777778,20.09259259259259
Baylor College of Medicine Children's Foundation Malawi,bcm-cf,National NGO,0.0,0.0,0.0,0.0
BBC Media Action,bbcmediaaction,International NGO,25.0,66.66666666666667,68.05555555555556,53.24074074074074
Bboxx,bboxx,Private Sector,0.0,0.0,57.5,19.166666666666668
BDO LLP,bdo,Private Sector,12.5,0.0,70.83333333333333,27.777777777777775
Bees Abroad UK,bauk,International NGO,0.0,0.0,0.0,0.0
Bees for Development Trust,beesfordevelopment,International NGO,0.0,0.0,0.0,0.0
Behavioural Insights Team,bit,Private Sector,0.0,0.0,65.27777777777777,21.759259259259256
Belgian development agency (Enabel),enabel,Government,25.0,0.0,68.23277074542898,31.077590248476326
Belgian Development Cooperation,be-dgd,Government,100.0,64.66666666666667,86.87143737021786,83.84603467896152
Berytech Foundation,berytech,Foundation,0.0,0.0,66.18055555555556,22.060185185185187
Beweging voor Internationale Solidariteit - Mouvement pour la Solidarité Internationale,bismsi,National NGO,37.5,66.66666666666667,83.33333333333333,62.5
BFA Global Kenya Ltd,bfa_global,Private Sector,0.0,0.0,59.02777777777778,19.675925925925927
Bibliothèques Sans Frontières,bsf1,International NGO,0.0,100.0,79.86111111111111,59.9537037037037
Bioclimate Research and Development,bioclimate,International NGO,0.0,0.0,65.60185185185185,21.86728395061728
Blue Veins,bveins,National NGO,0.0,0.0,0.0,0.0
Blue Ventures Conservation,blueventures,International NGO,0.0,0.0,0.0,0.0
Bond,bond,National NGO,25.0,33.333333333333336,75.86805555555556,44.7337962962963
BOS+ tropen,bos_plus_tropen,National NGO,37.5,66.66666666666667,85.07936507936508,63.08201058201058
Boston Consulting Group UK LLP,bcg,Private Sector,0.0,0.0,0.0,0.0
Boston University,bu-carbx-admin,"Academic, Training and Research",62.5,0.0,61.43507030603805,41.31169010201268
Both ENDS,bothends,National NGO,25.0,0.0,82.17592592592591,35.7253086419753
Bournemouth University Higher Education Corporation,bournemouth_university,"Academic, Training and Research",0.0,66.66666666666667,65.83333333333333,44.166666666666664
BRAC,brac_admin2,International NGO,0.0,0.0,58.333333333333336,19.444444444444446
BRAC UK,bracuk,International NGO,0.0,0.0,67.75462962962963,22.584876543209877
BRAC University,bu,"Academic, Training and Research",50.0,0.0,51.18055555555554,33.72685185185185
Brigham and Women's Hospital,bwh,"Academic, Training and Research",0.0,0.0,0.0,0.0
Brink Innovation,brink_innovation,Private Sector,0.0,0.0,0.0,0.0
British & Irish Agencies Afghanistan Group,baag,International NGO,0.0,0.0,0.0,0.0
British Asian Trust,b_a_t,International NGO,50.0,0.0,68.05555555555556,39.351851851851855
British Council,britishcouncil,Other Public Sector,62.5,86.66666666666667,84.25536881419235,77.80734516028635
British International Investment plc,bii,Other Public Sector,12.5,0.0,72.81765473079862,28.43921824359954
British Red Cross,gb-chc-220949,International NGO,50.0,2.6666666666666665,66.49764239466002,39.721436353775566
Broederlijk Delen,bd,National NGO,37.5,66.66666666666667,85.62289562289563,63.2631874298541
Brujula Comunicaciones Estrategicas SAS,brujula,Private Sector,0.0,0.0,0.0,0.0
Brulocalis,brulocalis,Other Public Sector,12.5,66.66666666666667,84.72222222222223,54.62962962962964
BSR,bsr_admin,International NGO,0.0,0.0,73.95833333333333,24.652777777777775
Bucks Community NGO,bucksfarm,National NGO,0.0,0.0,0.0,0.0
Buddhist Compassion Relief Tzu Chi Foundation,tzuchiuk,National NGO,0.0,0.0,0.0,0.0
Build Africa,buildafrica,International NGO,0.0,0.0,0.0,0.0
Building Foundation for Development,bfdyemen,National NGO,0.0,0.0,0.0,0.0
Burns Violence Survivors - Nepal,bvs-nepal,National NGO,0.0,0.0,0.0,0.0
Burundi Leadership Training Programme,bltp,National NGO,0.0,0.0,0.0,0.0
Business in the Community,bitc,International NGO,0.0,0.0,63.05555555555556,21.01851851851852
Business Watch Indonesia,bwi,National NGO,12.5,0.0,80.20833333333333,30.902777777777775
C40 Cities Climate Leadership Group,c40cities,"Academic, Training and Research",0.0,0.0,68.05555555555556,22.685185185185187
CABI,cabi,Multilateral,25.0,0.0,73.86111111111111,32.9537037037037
Cadmus International UK Limited,nathan,Private Sector,37.5,7.333333333333333,64.87179487179486,36.56837606837607
CAF Banco de Desarrollo de América Latina y el Caribe,caf,Multilateral,50.0,0.0,65.90433165198708,38.634777217329024
Cambridge Institute for Sustainability Leadership,cisl,"Academic, Training and Research",0.0,0.0,65.27777777777777,21.759259259259256
Camco Management Limited,camco,Private Sector,12.5,0.0,0.0,4.166666666666667
Camfed International,camfed,International NGO,0.0,0.0,64.58333333333333,21.527777777777775
Canada - Global Affairs Canada | Affaires mondiales Canada,gac-amc,Government,100.0,67.33333333333333,91.95891339779541,86.43074891037624
Canada - International Development Research Centre/Centre de recherches pour le développement international,idrccrdi,Other Public Sector,62.5,33.333333333333336,83.14439369145884,59.6592423415974
Canada Department of Finance / Ministère des Finances Canada,finance_canada,Government,0.0,0.0,0.0,0.0
CANADEM,canadem,International NGO,62.5,0.0,66.5491452991453,43.01638176638176
Canon Collins Trust,canoncollinstrust,International NGO,0.0,0.0,76.38888888888889,25.462962962962962
CAPABUILD,capabui,International NGO,25.0,0.0,62.5,29.166666666666668
Carbon Trust (Beijing) Consulting Limited,ctbeijing,Private Sector,0.0,0.0,0.0,0.0
Carbon Trust Advisory Ltd,carbontrustadvisory,Private Sector,50.0,100.0,69.30555555555556,73.10185185185185
Cardno Emerging Markets,cardnoem,Private Sector,0.0,0.0,0.0,0.0
CARE Bangladesh,carebd,International NGO,25.0,0.0,71.52777777777777,32.175925925925924
CARE BENIN/TOGO,carebenintogo,International NGO,25.0,0.0,79.86111111111111,34.9537037037037
CARE Danmark Fonden for Frivillig Ulandsbistand,12921047,National NGO,62.5,0.0,62.673611111111114,41.72453703703704
CARE International Afghanistan,ciafg,International NGO,0.0,0.0,0.0,0.0
CARE international foundation Switzerland in Sudan,cis,International NGO,0.0,0.0,0.0,0.0
CARE International in Zimbabwe,ciz,International NGO,0.0,0.0,0.0,0.0
CARE International UK,ciuk,International NGO,62.5,0.0,66.27990665594074,42.92663555198025
CARE Nederland,carenederland,International NGO,25.0,27.666666666666668,83.89855514855515,45.521740605073944
CARE Nepal,cnepal,International NGO,0.0,0.0,0.0,0.0
CARE SOMALIA,csom1,National NGO,75.0,0.0,74.30555555555556,49.76851851851851
Carers Worldwide,cww,International NGO,0.0,0.0,0.0,0.0
Caribbean Development Bank (CDB),caribank,Multilateral,0.0,62.0,71.00694444444444,44.33564814814815
Caritas Denmark,caritas_denmark,National NGO,87.5,20.0,77.52674897119341,61.6755829903978
Caritas Finland,caritasfin,National NGO,0.0,0.0,0.0,0.0
Caritas International (Belgium),cibe,National NGO,37.5,66.66666666666667,84.72222222222223,62.96296296296297
Caritas Serbia,caritas_serbia,National NGO,0.0,0.0,0.0,0.0
CARPO - Center for Applied Research in Partnership with the Orient,carpo,International NGO,0.0,0.0,0.0,0.0
Catholic Agency For Overseas Development (CAFOD),cafod,International NGO,12.5,0.0,0.0,4.166666666666667
Catholic Relief Services,crs,International NGO,62.5,33.333333333333336,80.09259259259258,58.641975308641975
CDA Collaborative Learning Projects,cda,International NGO,0.0,0.0,53.47222222222222,17.824074074074073
CDAC Network,cdacnetwork,International NGO,0.0,0.0,69.54861111111111,23.18287037037037
CDP Worldwide,cdp,International NGO,62.5,0.0,58.611111111111114,40.370370370370374
Cecily's Fund,cecily,International NGO,0.0,0.0,68.05555555555556,22.685185185185187
Center for Church-Based Development,cku,International NGO,100.0,71.66666666666667,71.77930660451847,81.14865775706171
Center for Civilians in Conflict,civic_admin,International NGO,12.5,50.0,76.73611111111111,46.41203703703704
Center for Democratic Development Ghana,cdd_admin,National NGO,12.5,0.0,72.56944444444444,28.35648148148148
Center for Development and Integration,cdi_vn_2021,National NGO,12.5,0.0,86.11111111111111,32.870370370370374
Center for International Legal Cooperation (CILC),cilc,Foundation,0.0,0.0,0.0,0.0
Center for International Private Enterprise,cipe_1983,International NGO,0.0,0.0,0.0,0.0
Center for Participation and Development,cpd_2021,National NGO,0.0,0.0,56.342592592592595,18.780864197530864
Center for Research on Environment Health and Population Activities (CREHPA),crehpa,National NGO,0.0,0.0,68.61111111111111,22.87037037037037
"Center for Research, Evaluation Resources and Development (CRERD)",crerd_ng,National NGO,0.0,0.0,74.30555555555556,24.76851851851852
Center for the Study of Islam and Society (PPIM),ppim,"Academic, Training and Research",0.0,0.0,0.0,0.0
Centre des Etudes Méditerranéennes et Internationales,cemi,National NGO,0.0,0.0,0.0,0.0
Centre Diocésain de Communication de Ouahigouya,cdc_ohg,National NGO,0.0,0.0,0.0,0.0
Centre For Citizens With Disabilities,ccdnigeria,National NGO,0.0,0.0,0.0,0.0
Centre for Economic Policy Research,cepr,National NGO,87.5,0.0,77.77777777777777,55.09259259259259
Centre for Economic Strategy Ukraine,ces-ua,National NGO,0.0,0.0,0.0,0.0
Centre for Environment Human Rights and Development,cehrd1,International NGO,0.0,0.0,0.0,0.0
"Centre for Environment, Fisheries and Aquaculture Science (Cefas)",cefas,Government,12.5,33.333333333333336,67.34848484848484,37.72727272727273
Centre for Humanitarian Dialogue (HD Centre),hdcentre,Foundation,0.0,0.0,0.0,0.0
Centre for Indian Knowledge Systems,ciks,"Academic, Training and Research",0.0,0.0,72.63888888888889,24.212962962962962
Centre for Information Resilience,cir,International NGO,0.0,6.666666666666667,62.361111111111114,23.009259259259263
"Centre for Injury Prevention and Research, Bangladesh (CIPRB)",ciprb,National NGO,0.0,0.0,57.5,19.166666666666668
Centre for Journalism Innovation and Development,cjid_ng,National NGO,12.5,0.0,83.91203703703704,32.13734567901235
Centre for Policy Dialogue,cpd,National NGO,0.0,0.0,0.0,0.0
Centre for Rights Education and Awareness,creawkenya,National NGO,0.0,0.0,70.83333333333333,23.61111111111111
Centre for the Study of Adolescence,csa-kenya,"Academic, Training and Research",0.0,0.0,0.0,0.0
Centre International de Développement et de Recherche,cidr,International NGO,0.0,0.0,0.0,0.0
Centre National de Coopération au Développement (CNCD-11.11.11),cncd,National NGO,37.5,66.66666666666667,84.44444444444444,62.870370370370374
Centre of Dialogue on Human Settlement and Poverty Alleviation (CODOHSAPA),codohsapa,National NGO,0.0,0.0,0.0,0.0
Centre Tricontinental - CETRI,ct-admin,National NGO,37.5,66.66666666666667,84.02777777777777,62.73148148148149
Centro Brasileiro de Análise e Planejamento - Cebrap,_cebrap,"Academic, Training and Research",0.0,66.66666666666667,71.52777777777777,46.06481481481482
Centro de Aprendizagem e Capacitação da Sociedade Civil,cesc,National NGO,12.5,0.0,79.16666666666667,30.555555555555557
Centro de Inteligência Territorial,cit_brazil,"Academic, Training and Research",0.0,0.0,0.0,0.0
Centro de Promocion y Defensa de los Derechos Sexuales y Reproductivos,promsex,Regional NGO,0.0,0.0,0.0,0.0
Centro Latinoamericano de Administración para el Desarrollo,clad,Multilateral,0.0,0.0,0.0,0.0
Cesvi,cesvi,International NGO,0.0,0.0,52.77777777777778,17.59259259259259
CGIAR,cgiar,"Academic, Training and Research",62.5,0.0,75.13809876836525,45.87936625612175
Chama cha Uzazi na Malezi Bora Tanzania (UMATI),umati,National NGO,0.0,0.0,0.0,0.0
Chance for Childhood,chanceforchildhood,International NGO,0.0,0.0,70.03968253968254,23.34656084656085
Charity Projects Ltd (Comic Relief),cprojects,Foundation,12.5,33.333333333333336,68.04097829608034,37.95810387647123
Chaîne de l'Espoir Belgique / Keten van Hoop België / Chain of Hope Belgium,cdeb-kvhb_admin,National NGO,37.5,50.0,85.0,57.5
CHEKA SANA TANZANIA,cst,National NGO,0.0,0.0,0.0,0.0
Chemonics Group UK Ltd,chemonics_uk,Private Sector,25.0,0.0,74.16666666666667,33.05555555555556
Chemonics International Inc.,chemonics,Private Sector,12.5,0.0,73.61111111111111,28.703703703703706
Child Rights Coalition Asia,crcasia,Regional NGO,12.5,0.0,74.97685185185185,29.15895061728395
Child-to-Child,ctc,International NGO,0.0,0.0,0.0,0.0
Child.org,child-dot_org,International NGO,0.0,0.0,0.0,0.0
ChildFund International,childfund,International NGO,0.0,0.0,0.0,0.0
ChildHope UK,childhopeuk,International NGO,0.0,0.0,77.01388888888889,25.671296296296294
Children in Crisis,cic,International NGO,0.0,0.0,79.86111111111111,26.62037037037037
CHOICE for Youth and Sexuality,cfyas,International NGO,37.5,0.0,77.08333333333333,38.19444444444444
CHRISTIAN AGENCY FOR PEACE AND DEVELOPMENT (CAPaD),capad,National NGO,12.5,0.0,91.66666666666667,34.72222222222222
Christian Aid,caid,International NGO,87.5,71.33333333333333,64.62343307053204,74.48558880128844
Christian Aid Ireland,caid_ireland,International NGO,87.5,97.66666666666667,66.4176245210728,83.86143039591316
Christian Blind Mission (UK) Ltd.,cbm,International NGO,25.0,5.333333333333333,70.28935185185186,33.5408950617284
Christian Engineers in Development,ced,International NGO,0.0,0.0,63.05555555555556,21.01851851851852
Church of England - The Archbishops' Council,coe-abc,"Academic, Training and Research",0.0,0.0,0.0,0.0
CIFAL Scotland,cifal,"Academic, Training and Research",0.0,0.0,0.0,0.0
CINI,cini_jhk,National NGO,0.0,0.0,0.0,0.0
CISU,cisu,National NGO,100.0,76.66666666666667,68.60778835335753,81.7581516733414
City of London Corporation,col-greenfinance,Other Public Sector,0.0,0.0,0.0,0.0
CIVICUS World Alliance for Citizen Participation,civicus,International NGO,12.5,33.333333333333336,91.66666666666667,45.833333333333336
CIVIL INITIATIVES FOR DEVELOPMENT AND PEACE INDIA,cividep,National NGO,0.0,16.666666666666668,67.70833333333333,28.125
CLASP,clasp,International NGO,50.0,0.0,65.92171717171716,38.64057239057239
Clean Clothes Campaign,ccc,International NGO,25.0,0.0,80.20833333333333,35.06944444444444
ClientEarth,clientearth-1,International NGO,37.5,0.0,65.27777777777777,34.25925925925926
Clim-Eat,clim-eat,Foundation,0.0,0.0,0.0,0.0
CLIMATE ACTION PLATFORM - AFRICA,cap-a,National NGO,0.0,0.0,59.02777777777778,19.675925925925927
Climate Bonds Initiative,cbi,International NGO,0.0,0.0,0.0,0.0
Climate Investment Funds,cif,Multilateral,0.0,0.0,43.477868112014455,14.492622704004818
Climate Policy Initiative,cpi,"Academic, Training and Research",37.5,0.0,60.370370370370374,32.62345679012346
Clinton Health Access Initiative,chai,International NGO,87.5,64.33333333333333,70.83333333333333,74.22222222222221
CNV Internationaal,nl-kvk-54436222-27541,National NGO,25.0,0.0,78.95819866408102,34.65273288802701
Coalition for Epidemic Preparedness Innovations,cepi,International NGO,87.5,0.0,67.36111111111111,51.620370370370374
Coalition of African Lesbians (CAL),cal_2000-pu,International NGO,0.0,0.0,77.79166666666667,25.930555555555557
Cobra Collective CIC,cobracollective,International NGO,0.0,0.0,65.27777777777777,21.759259259259256
COC Nederland,cocnl_publisher,National NGO,0.0,0.0,77.29992229992229,25.766640766640762
CODA International,coda,International NGO,0.0,0.0,0.0,0.0
Coffey International Development,coffey,Private Sector,37.5,39.666666666666664,67.64941077441078,48.27202581369247
ColaLife,colalife,National NGO,0.0,0.0,74.86111111111111,24.953703703703706
Collectif Stratégies Alimentaires,csa,National NGO,37.5,66.66666666666667,85.92592592592592,63.3641975308642
Comitato Internazionale per lo Sviluppo dei Popoli,cispngo,International NGO,0.0,0.0,0.0,0.0
Comité pour l'abolition des dettes illégitimes,cadtm,National NGO,0.0,0.0,0.0,0.0
COMMISSION JUSTICE ET PAIX ASBL (cjp),cjp,National NGO,37.5,66.66666666666667,83.33333333333333,62.5
Common Seas CIC,commonseas,Private Sector,37.5,0.0,70.83333333333333,36.11111111111111
Commonwealth Local Government Forum,clgf_data,International NGO,0.0,0.0,75.55555555555556,25.185185185185187
Commonwealth of Learning,col,Other Public Sector,12.5,0.0,65.83333333333333,26.11111111111111
Commune de Adja-Ouere - Bénin,adja-ouere,Other Public Sector,0.0,0.0,0.0,0.0
Commune de Adjarra - Bénin,adjarra,Other Public Sector,0.0,0.0,0.0,0.0
Commune de Adjohoun - Bénin,adjohoun,Other Public Sector,0.0,0.0,0.0,0.0
Commune de Akpro-Missérété - Bénin,akpro-misserete,Other Public Sector,0.0,0.0,0.0,0.0
Commune de Allada - Bénin,allada,Other Public Sector,0.0,0.0,0.0,0.0
Commune de Aplahoué - Bénin,aplahoue,Other Public Sector,0.0,0.0,0.0,0.0
Commune de Avrankou - Bénin,avrankou,Other Public Sector,0.0,0.0,0.0,0.0
Commune de Bopa - Bénin,bopa,Other Public Sector,0.0,0.0,0.0,0.0
Commune de Comè - Bénin,come,Other Public Sector,0.0,0.0,0.0,0.0
Commune de Dangbo - Benin,dangbo,Other Public Sector,0.0,0.0,0.0,0.0
Commune de Ifangni - Bénin,ifangni,Other Public Sector,0.0,0.0,0.0,0.0
Commune de Klouékanmè - Bénin,klouekanme,Other Public Sector,0.0,0.0,0.0,0.0
Commune de Kpomassè - Bénin,kpomasse,Other Public Sector,0.0,0.0,0.0,0.0
Commune de Kétou - Bénin,ketou,Other Public Sector,0.0,0.0,0.0,0.0
Commune de Lalo - Bénin,lalo,Other Public Sector,0.0,0.0,0.0,0.0
Commune de Parakou - Bénin,parakou,Other Public Sector,0.0,0.0,0.0,0.0
Commune de Pobè - Bénin,pobe,Other Public Sector,0.0,0.0,0.0,0.0
Commune de Toffo - Bénin,toffo,Other Public Sector,0.0,0.0,0.0,0.0
Commune de Toviklin - Bénin,toviklin,Other Public Sector,0.0,0.0,0.0,0.0
Commune de Zè - Bénin,ze,Other Public Sector,0.0,0.0,0.0,0.0
Compassion UK,comp_uk,International NGO,0.0,0.0,0.0,0.0
Concern Worldwide,concern_worldwide,International NGO,37.5,20.0,66.16319444444444,41.22106481481482
Concern Worldwide UK,concernuk,International NGO,37.5,20.0,65.2703373015873,40.923445767195766
Conciliation Resources,cr,International NGO,0.0,0.0,59.212962962962955,19.73765432098765
Conciliation Resources Australia,cra,Regional NGO,12.5,0.0,63.05555555555556,25.185185185185187
Concordis International,concordis,International NGO,0.0,0.0,0.0,0.0
CONEXIÓN,conexionla,Regional NGO,0.0,0.0,72.5,24.166666666666668
Confederation of Danish Industry,di,Private Sector,25.0,0.0,65.72420634920634,30.241402116402114
Conflict Dynamics International,cdi,International NGO,0.0,0.0,0.0,0.0
"Conflict, Stability and Security Fund",cssf,Government,0.0,0.0,0.0,0.0
Congodorpen vzw,congodorpen,National NGO,37.5,66.66666666666667,87.03703703703704,63.73456790123456
Conseil et Appui pour l'Education à la Base Mali,caeb_mali,National NGO,0.0,0.0,84.72222222222223,28.240740740740744
Conservation International Foundation,c_i_f,International NGO,0.0,0.0,65.83333333333333,21.944444444444443
Consortium for Street Children,csc,International NGO,0.0,0.0,42.77777777777778,14.25925925925926
Consortium of Reproductive Health Associations (CORHA),corha,National NGO,0.0,0.0,64.58333333333333,21.527777777777775
Construction Sector Transparency Initiative (CoST),cost_uk,International NGO,0.0,0.0,62.92275828460039,20.974252761533464
Consumer society IMTD-INTERNATIONAL,imtd_int_11,National NGO,0.0,0.0,0.0,0.0
convention de la société civile ivoirienne,csci_benkadi,National NGO,12.5,0.0,88.88888888888889,33.7962962962963
Coopération par l'Education et la Culture,cec,National NGO,37.5,66.66666666666667,84.25925925925927,62.80864197530864
Cord,cord,Regional NGO,0.0,0.0,0.0,0.0
Cordaid,cordaid,International NGO,62.5,0.0,75.39798102086237,45.965993673620794
Corus International,corus,International NGO,0.0,0.0,0.0,0.0
Cowater International Inc,cowater,Private Sector,37.5,0.0,63.7037037037037,33.73456790123456
Cowater UK Limited,cowateruk,Private Sector,50.0,0.0,0.0,16.666666666666668
COWI,cowi,Other Public Sector,0.0,0.0,0.0,0.0
Coöperatief Climate Fund Managers U.A.,cfm,Private Sector,0.0,0.0,58.522798008092124,19.507599336030708
CRANE,crane,National NGO,0.0,0.0,0.0,0.0
CREA,creausa-org,International NGO,25.0,0.0,76.41304585835836,33.80434861945279
Croix-Rouge de Belgique Communauté francophone - Activités internationales ASBL,crb-ai_admin,National NGO,37.5,66.66666666666667,85.41666666666667,63.19444444444445
Cross-Government Prosperity Fund,prosperityfund,Government,0.0,0.0,0.0,0.0
Crown Agents Limited,cal,Private Sector,0.0,0.0,86.11111111111111,28.703703703703706
CUAMM Trustees,cuammtrustees,National NGO,0.0,0.0,0.0,0.0
Curatio International Foundation,curatio,National NGO,25.0,33.333333333333336,56.80555555555556,38.379629629629626
Cyan International,cyan,International NGO,0.0,0.0,0.0,0.0
D. Capital Partners,dcapitalpartners,Public Private Partnership,0.0,0.0,67.84188034188034,22.613960113960115
DAI Global Health,healthpartners-international,Private Sector,0.0,0.0,47.77777777777778,15.925925925925926
DAI Global UK,dai-e,Private Sector,12.5,16.0,74.53703703703702,34.34567901234568
Dalberg Catalyst,dalbergcatalyst,International NGO,0.0,0.0,68.05555555555556,22.685185185185187
Damiaanactie / Action Damien,damien-foundation,National NGO,25.0,66.66666666666667,85.81349206349206,59.16005291005291
dance4life,dance4life,International NGO,0.0,0.0,0.0,0.0
DanChurchAid,dca,International NGO,75.0,100.0,69.2781395906396,81.4260465302132
Danish Family Planning Association,dfpa,National NGO,75.0,0.0,68.64787581699346,47.882625272331154
Danish Refugee Council,drc,International NGO,100.0,59.333333333333336,66.31933820613067,75.21755717982133
Danmission,danmission,National NGO,75.0,100.0,61.73225308641975,78.91075102880659
Data4Development,d4d,Private Sector,0.0,0.0,79.86111111111111,26.62037037037037
DataDrivenFinance Kenya Ltd,ddfkenya,Private Sector,0.0,0.0,59.02777777777778,19.675925925925927
David Gordon Memorial Hospital,dgmh,"Academic, Training and Research",0.0,0.0,0.0,0.0
Dawuro Development Association,dawuro_da,"Academic, Training and Research",0.0,0.0,0.0,0.0
DCAF - Geneva Centre for Security Sector Governance,dcaf,Foundation,62.5,0.0,78.56481481481481,47.0216049382716
DeafKidz International,dki1151219,International NGO,0.0,0.0,72.08333333333333,24.027777777777775
DECP,decp,National NGO,0.0,0.0,76.48169482846902,25.49389827615634
DeepRoot Consulting,dr,Private Sector,25.0,0.0,74.30555555555556,33.101851851851855
Defence for Children International Netherlands - ECPAT Netherlands,dciecpatnl,National NGO,25.0,0.0,65.84521687462863,30.281738958209544
Delivery Associates Ltd,delivery_associates,Private Sector,0.0,0.0,59.02777777777778,19.675925925925927
Deloitte Touche Tohmatsu India LLP,dttillp,Private Sector,0.0,0.0,0.0,0.0
Democracy Reporting International gGmbH,dri,International NGO,25.0,66.66666666666667,82.63888888888889,58.10185185185185
Democratic Governance Facility,dgf,Other Public Sector,0.0,0.0,80.55555555555556,26.85185185185185
"Denmark - Ministry of Foreign Affairs, Danida",danida,Government,100.0,19.0,79.38102587460905,66.12700862486969
Department for International Trade,dit,Government,0.0,0.0,0.0,0.0
Design without Borders Africa,dwb_africa,Private Sector,0.0,100.0,65.83333333333333,55.27777777777777
Desmond Tutu HIV Foundation,dthfxx12,"Academic, Training and Research",0.0,0.0,68.39646464646465,22.79882154882155
Development Aid from People to People (DAPP) Malawi,dapp,National NGO,0.0,0.0,71.43518518518519,23.81172839506173
Development Expertise Center,dec_ethiopia,National NGO,12.5,0.0,80.48611111111111,30.99537037037037
Development Initiatives Poverty Research,dipr,International NGO,0.0,0.0,0.0,0.0
Development Media International,dmi_admin,International NGO,0.0,0.0,0.0,0.0
Development Organisation of the Rural Poor,dorp-org,National NGO,0.0,0.0,0.0,0.0
Developments In Literacy Trust UK,diltuk,International NGO,0.0,0.0,0.0,0.0
Devidayal Solar Solutions Private Limited,ddsolar,Private Sector,25.0,0.0,60.27777777777778,28.425925925925924
Diakonia (Sweden),diakonia-sweden,International NGO,0.0,66.66666666666667,61.80555555555556,42.824074074074076
Digital Campus,dc,"Academic, Training and Research",0.0,0.0,0.0,0.0
Direcção Provincial de Saúde de Nampula,dps-nampula,Government,0.0,0.0,70.83333333333333,23.61111111111111
Disability and Development Partners,ddp,International NGO,0.0,0.0,64.95370370370371,21.651234567901238
Disability Rights Advocacy Fund,draf,International NGO,0.0,0.0,0.0,0.0
Disability Rights Fund,drf,International NGO,0.0,0.0,62.361111111111114,20.787037037037038
Disabled People's Organisations Denmark,dpod,National NGO,25.0,22.0,69.45075757575756,38.81691919191919
Disasters Emergency Committee,dec-uk,National NGO,0.0,0.0,78.99305555555556,26.33101851851852
"Discovery Learning Alliance, Inc.",dla,International NGO,0.0,0.0,0.0,0.0
DiXi Group NGO,dixigroup,National NGO,12.5,0.0,0.0,4.166666666666667
Djapo,djapo,National NGO,0.0,66.66666666666667,59.583333333333336,42.083333333333336
DKT - (Pakistan),dkt,Private Sector,0.0,0.0,50.55555555555556,16.85185185185185
DKT Ethiopia,dkt_ethiopia,International NGO,0.0,50.0,72.22222222222221,40.74074074074074
DKT International,dkti,International NGO,0.0,0.0,0.0,0.0
DKT RD Congo,dkt_drc,National NGO,0.0,0.0,75.69444444444444,25.23148148148148
DNH Mali (Direction Nationale de l’Hydraulique du Mali),pca-gire,Government,0.0,0.0,0.0,0.0
Doctors of the World (NL)/ Dokters van de Wereld,mdmnl,International NGO,0.0,0.0,58.02777777777778,19.34259259259259
Doctors of the World UK,dotw_uk,International NGO,0.0,0.0,0.0,0.0
Doctors with Africa CUAMM,cuamm,International NGO,0.0,0.0,49.84126984126984,16.613756613756614
Dorcas Aid International,dai,International NGO,37.5,12.0,78.08730158730158,42.529100529100525
Down syndrome Foundation Nigeria,dsfn,National NGO,0.0,0.0,0.0,0.0
Drugs for Neglected Diseases initiative (DNDi),dndi_transparency,"Academic, Training and Research",12.5,0.0,78.47222222222223,30.324074074074076
DT Global UK,imcw_admin,Private Sector,25.0,0.0,71.30712522146848,32.10237507382283
DUF - The Danish Youth Council,duf,National NGO,25.0,27.0,71.45480225988702,41.151600753295675
Dynamo International asbl,dynamo_international,National NGO,37.5,66.66666666666667,85.69444444444446,63.287037037037045
Défi Belgique Afrique,dba,National NGO,62.5,66.66666666666667,86.80555555555556,71.99074074074075
Dóchas - Irish Association of Non Governmental Development Organisations,dochas,National NGO,0.0,0.0,65.47979797979798,21.826599326599325
"E3 - Ecología, Economía y Etíca",grupoe3,Private Sector,0.0,0.0,63.05555555555556,21.01851851851852
EABX,eabx,Private Sector,0.0,0.0,65.27777777777777,21.759259259259256
Earthworm Foundation,ewf,International NGO,0.0,0.0,0.0,0.0
East African Playgrounds,eap,International NGO,0.0,0.0,73.61111111111111,24.537037037037038
East-West Seed Knowledge Transfer Foundation,ews-kt_gh,Foundation,0.0,0.0,0.0,0.0
ECDPM,ecdpm,"Academic, Training and Research",37.5,0.0,73.88888888888889,37.129629629629626
Echos Communication,ec,National NGO,25.0,66.66666666666667,84.72222222222223,58.796296296296305
Eclosio,eclosio,National NGO,37.5,66.66666666666667,85.49382716049382,63.220164609053505
Economic and Social Fund for Development,esfd,Government,0.0,0.0,68.05555555555556,22.685185185185187
Economic and Social Research Foundation (ESRF),esrf,"Academic, Training and Research",0.0,0.0,70.83333333333333,23.61111111111111
Ecorys Nederland B.V.,ecorysnl,Private Sector,0.0,0.0,0.0,0.0
Ecorys UK,ecuk,Private Sector,12.5,16.333333333333332,71.875,33.56944444444444
Ecovega Enterprises,ecovega,Private Sector,0.0,0.0,0.0,0.0
Educate!,educate,International NGO,0.0,0.0,68.05555555555556,22.685185185185187
Education Cannot Wait,ecw,Multilateral,0.0,0.0,0.0,0.0
"Education Development Center, Inc.",edc,International NGO,0.0,0.0,0.0,0.0
Education Development Trust,eddevtrust,International NGO,12.5,100.0,72.93981481481481,61.81327160493827
Edukans Foundation,edukans_foundation,International NGO,0.0,0.0,0.0,0.0
ELEVATE Hong Kong Holdings Limited,elevatelimited,Private Sector,0.0,0.0,0.0,0.0
Elrha,elrha,International NGO,50.0,0.0,77.08333333333333,42.36111111111111
Elton John AIDS Foundation,ejaf,Foundation,12.5,0.0,0.0,4.166666666666667
Emissa,emissa,National NGO,0.0,0.0,54.6031746031746,18.2010582010582
Emmanuel International UK,eiuk,International NGO,0.0,0.0,0.0,0.0
EMMS International,emms,International NGO,50.0,0.0,73.66147186147185,41.220490620490615
Energy 4 Impact,e4i,International NGO,0.0,0.0,57.5,19.166666666666668
Energy Council of South Africa,energycouncilsa,Private Sector,12.5,0.0,0.0,4.166666666666667
Energy Saving Trust,energy_saving_trust,Other Public Sector,37.5,0.0,66.52777777777777,34.675925925925924
Enfance Tiers Monde Kinderen Derde Wereld,etmkdw,National NGO,37.5,33.333333333333336,84.72222222222223,51.851851851851855
EngenderHealth,ehorg,International NGO,0.0,0.0,74.23611111111111,24.74537037037037
EngenderHealth Ethiopia,engenderhealth_eth,International NGO,12.5,0.0,75.34722222222223,29.28240740740741
Engineers Without Borders Canada,ewb_canada,International NGO,0.0,0.0,49.14351851851852,16.381172839506174
Enhanced Integrated Framework,eif,Multilateral,50.0,0.0,60.567129629629626,36.85570987654321
Enroot,nroot,Private Sector,0.0,0.0,64.58333333333333,21.527777777777775
"Entiqal for Training ""Partners for Good""",pfg,National NGO,0.0,0.0,0.0,0.0
Entraide et Fraternité,ef_,National NGO,37.5,66.66666666666667,80.22588522588522,61.46418396418397
Equality Fund,ef,International NGO,0.0,0.0,53.401234567901234,17.800411522633745
equileap,equileap,International NGO,0.0,0.0,85.41666666666667,28.472222222222225
Ethical Trading Initiative,eti,International NGO,25.0,0.0,82.98611111111111,35.995370370370374
Ethiopiaid Ireland,ethiopiaidireland,International NGO,0.0,0.0,68.05555555555556,22.685185185185187
Ethiopiaid UK,ethiopiaiduk,International NGO,25.0,0.0,63.260233918128655,29.42007797270955
Ethiopian Horticulture Producer Exporters Association (EHPEA),ehpea,National NGO,0.0,0.0,0.0,0.0
Ethiopian Public Health Association,epha,Other Public Sector,0.0,0.0,0.0,0.0
Ethiopian Women Lawyers Association,ewla,National NGO,0.0,0.0,83.33333333333333,27.777777777777775
Eurasia Foundation,ef-2025,International NGO,37.5,0.0,0.0,12.5
Eurasia Partnership Foundation,epf,Foundation,0.0,0.0,63.05555555555556,21.01851851851852
European Bank for Reconstruction and Development,ebrd,Multilateral,100.0,14.333333333333334,80.02760273817057,64.7869786905013
European Commission - Humanitarian Aid & Civil Protection,ec-echo,Other Public Sector,100.0,70.33333333333333,94.44094560085973,88.25809297806434
European Commission - International Partnerships,ec-intpa,Other Public Sector,100.0,26.666666666666668,91.78274430772726,72.81647032479798
European Commission - Neighbourhood and Enlargement Negotiations,ec-near,Other Public Sector,25.0,22.0,90.92527747676456,45.97509249225485
European Commission - Service for Foreign Policy Instruments,ec-fpi,Other Public Sector,25.0,0.0,85.29867513725917,36.76622504575305
European Forest Institute,efi,"Academic, Training and Research",0.0,0.0,65.27777777777777,21.759259259259256
European Institute of Peace,eip,Other Public Sector,0.0,0.0,48.75,16.25
European Investment Bank,eib,Multilateral,50.0,33.333333333333336,68.873265604705,50.73553297934611
European Journalism Centre,ejc,National NGO,0.0,0.0,82.84722222222223,27.615740740740744
Eve Organization for Women Development,eveowd,National NGO,0.0,0.0,83.33333333333333,27.777777777777775
EveryChild,evc,International NGO,0.0,0.0,0.0,0.0
Excellent Development,excellent,International NGO,0.0,0.0,0.0,0.0
Exeter Ethiopia Link,eel,International NGO,0.0,0.0,0.0,0.0
Fair Wear Foundation,fwf,International NGO,37.5,33.333333333333336,71.58333333333334,47.47222222222223
FairChain Foundation,fc-f,International NGO,0.0,0.0,61.80555555555556,20.60185185185185
Fairfood International,fairfood,National NGO,25.0,0.0,88.42592592592592,37.80864197530864
Fairtrade Belgium,fairtrade_be,National NGO,37.5,66.66666666666667,81.94444444444444,62.03703703703704
Fairtrade Labelling Organizations International e.V.,fairtrade_international,International NGO,0.0,0.0,0.0,0.0
Family Aids Caring Trust,fact,National NGO,0.0,0.0,82.63888888888889,27.546296296296294
Family Counseling and Development Foundation,fcdf,National NGO,25.0,33.333333333333336,85.41666666666667,47.916666666666664
Family Guidance Association of Ethiopia,fgae_ethiopia,National NGO,0.0,0.0,75.69444444444444,25.23148148148148
Family Life Education Program,flepuganda,National NGO,0.0,0.0,0.0,0.0
Farm Africa,fa,International NGO,0.0,0.0,53.333333333333336,17.77777777777778
Fauna & Flora International,ffi_publisher,International NGO,62.5,100.0,77.08333333333333,79.8611111111111
Federation of Women Lawyers Kenya,fida,National NGO,62.5,0.0,94.44444444444444,52.31481481481482
fedesarrollo,fedesarrollo,Private Sector,0.0,0.0,0.0,0.0
Feed the Minds,ftm-291333,International NGO,0.0,0.0,82.63888888888889,27.546296296296294
Female,female,National NGO,0.0,0.0,70.83333333333333,23.61111111111111
FHI360,fhi360,International NGO,0.0,0.0,63.05555555555556,21.01851851851852
Fiabel,fiabel,National NGO,25.0,66.66666666666667,80.55555555555556,57.40740740740741
FIAN Belgium,fian-belgium,National NGO,37.5,66.66666666666667,83.33333333333333,62.5
"Field Ready, USA",field_ready,International NGO,0.0,0.0,79.86111111111111,26.62037037037037
Fight for Humanity,ffh,International NGO,0.0,66.66666666666667,59.02777777777778,41.89814814814815
Fight Hunger Foundation,fhf,National NGO,0.0,0.0,0.0,0.0
Financial Sector Deepening Uganda,fsduganda,National NGO,0.0,0.0,0.0,0.0
FIND,finddiagnostics,Foundation,0.0,0.0,69.44444444444443,23.14814814814814
Find Your Feet,fyf,International NGO,0.0,0.0,79.62962962962962,26.543209876543205
Finland - Ministry for Foreign Affairs,finland_mfa,Government,25.0,0.0,67.11400930472688,30.704669768242294
Finn Church Aid (Kirkon Ulkomaanapu sr),fca,International NGO,0.0,0.0,0.0,0.0
FMDQ Group PLC,fmdqgroupplc_2013,Private Sector,0.0,0.0,0.0,0.0
FMO,fmo,Public Private Partnership,50.0,0.0,72.30126826286775,40.76708942095592
FONCABA ASBL KBA VZW,foncaba,National NGO,0.0,0.0,0.0,0.0
Fondation Hirondelle,fh_ch,International NGO,0.0,0.0,62.361111111111114,20.787037037037038
Fondation suisse de déminage (FSD),fsd-switzerland_2025,Foundation,12.5,0.0,0.0,4.166666666666667
Fondo Centroamericano de Mujeres,fcam,Foundation,25.0,0.0,84.25925925925927,36.41975308641975
Fonds voor Ontwikkelingssamenwerking - Socialistische Solidariteit VZW,fos,National NGO,37.5,66.66666666666667,84.0,62.72222222222223
FONPLATA DEVELOPMENT BANK,fonplata,Multilateral,25.0,0.0,66.41176470588235,30.470588235294116
Food and Agriculture Organization of the United Nations (FAO),fao,Multilateral,100.0,1.0,76.66277190339275,59.22092396779758
Food for the Hungry UK,fh,International NGO,0.0,0.0,0.0,0.0
Forest Trends Association,forest-trends,International NGO,0.0,0.0,51.80555555555556,17.26851851851852
Forests Monitor,fm,International NGO,0.0,0.0,0.0,0.0
Forests of the World,fowdk,International NGO,37.5,0.0,61.76767676767676,33.089225589225585
Forever Sabah,fs,National NGO,12.5,0.0,68.05555555555556,26.85185185185185
Forum for Africa Women Educationalist Regional Secretariat,fawe-rs,Regional NGO,12.5,0.0,84.3287037037037,32.276234567901234
forum for women in democracy,fowode,National NGO,75.0,0.0,88.19444444444444,54.39814814814815
Forum Universitaire pour la Coopération Internationale au Développement -FUCID ASBL,fucid,National NGO,37.5,50.0,84.25925925925927,57.25308641975309
Fosera Solarsystems GmbH & Co. KG aA,fosaa,"Academic, Training and Research",0.0,0.0,65.27777777777777,21.759259259259256
Foundation for Social Improvement,the_fsi,"Academic, Training and Research",0.0,0.0,74.30555555555556,24.76851851851852
France - Ministry for Europe and Foreign Affairs,france,Government,50.0,0.0,0.0,16.666666666666668
FRANK Water,frankwater,International NGO,0.0,0.0,0.0,0.0
Free a Girl,freeagirl,Foundation,37.5,0.0,66.18055555555556,34.56018518518518
Free Press Unlimited,free_press_unlimited,International NGO,12.5,0.0,73.61111111111111,28.703703703703706
Freedom Forum,ff,National NGO,0.0,0.0,55.763888888888886,18.587962962962962
Friends of Kipkelion,kipkelion,Regional NGO,0.0,0.0,0.0,0.0
Friends of Publish What You Fund,friendsofpwyf,International NGO,0.0,0.0,59.30555555555556,19.76851851851852
Friends of the Earth International,foei,International NGO,0.0,0.0,80.90277777777777,26.96759259259259
Friends of the Earth-Ghana,foe-ghana,National NGO,0.0,0.0,71.38888888888889,23.796296296296294
Friendship,fb_2023,National NGO,12.5,0.0,65.27777777777777,25.925925925925924
Frontclear,frontclear_ftap,Private Sector,0.0,0.0,59.02777777777778,19.675925925925927
Frontline AIDS,f-aids,International NGO,0.0,0.0,81.09567901234568,27.03189300411523
Frères des Hommes,fdhommes,National NGO,12.5,66.66666666666667,84.72222222222223,54.62962962962964
FSD Africa,fsdafrica,International NGO,0.0,0.0,64.48939393939393,21.496464646464645
Fundacion Acceso,fundacion-acceso,Regional NGO,0.0,0.0,0.0,0.0
Fundacion Pacto Especializada en el Apoyo de Iniciativas Sociales,feadin,Regional NGO,25.0,0.0,70.83333333333333,31.944444444444443
Fundación Avina,fundacionavina,Foundation,0.0,0.0,71.90972222222223,23.96990740740741
Fundación de Antropología Forense de Guatemala,fafg,International NGO,12.5,38.0,81.59722222222223,44.03240740740741
Fundación Fondo Mujeres del Sur,fms,Foundation,25.0,0.0,83.88888888888889,36.2962962962963
Fundación Gaia Amazonas,gaia,Regional NGO,0.0,0.0,78.125,26.041666666666668
Fundación Oriéntame,orientame,National NGO,0.0,0.0,66.52777777777777,22.175925925925924
GALZ,galz,National NGO,12.5,0.0,77.68518518518519,30.06172839506173
Gates Foundation,bmgf,Foundation,100.0,48.333333333333336,93.59169220305824,80.6416751787972
Gatsby Africa,ga,Foundation,0.0,25.0,71.41203703703704,32.13734567901235
"Gavi, the vaccine alliance",gavi,Public Private Partnership,100.0,99.66666666666667,90.25764055679937,96.64143574115535
GEF Secretariat,gef,Multilateral,50.0,0.6666666666666666,72.27402239523852,40.98022968730172
GEMS Education Solutions,mgcubed,Private Sector,0.0,0.0,0.0,0.0
Gender at Work,genderatwork,International NGO,12.5,0.0,81.03174603174602,31.177248677248674
Gender Equality Network,gen,National NGO,0.0,0.0,0.0,0.0
Gender Links,gl,Regional NGO,0.0,26.666666666666668,63.15476190476191,29.940476190476193
Geneva International Centre for Humanitarian Demining,gichd,Foundation,0.0,0.0,69.01041666666667,23.003472222222225
GEOMOUN ASBL,geomoun,National NGO,37.5,66.66666666666667,86.66666666666667,63.611111111111114
George Institute for Global Health,tgi_india,"Academic, Training and Research",12.5,33.333333333333336,70.83333333333333,38.888888888888886
Georgetown University,georgetown,"Academic, Training and Research",12.5,0.0,61.80555555555556,24.76851851851852
Germany - Federal Foreign Office,fo_germany,Government,0.0,66.66666666666667,75.15989729225024,47.27552131963896
Germany - Ministry for Economic Cooperation and Development,bmz,Government,100.0,22.0,86.32624125367887,69.44208041789295
Germany GIZ Non BMZ,giz,Other Public Sector,50.0,94.33333333333333,74.24242424242425,72.85858585858585
GHANA NETHERLANDS BUSINESS & CULTURE COUNCIL,gnbcc,National NGO,37.5,27.0,81.43939393939394,48.64646464646464
Girls Not Brides: The Global Partnership to End Child Marriage,girlsnotbrides,International NGO,0.0,0.0,0.0,0.0
Girls’ Education Challenge – Fund Manager PwC,gecfundmanagerpwc,Private Sector,0.0,0.0,0.0,0.0
Giro555 (Stichting Samenwerkende Hulporganisaties),giro555,International NGO,0.0,0.0,72.36805555555556,24.122685185185187
GiveDirectly,givedirectly,International NGO,50.0,33.333333333333336,70.48611111111111,51.27314814814815
Global Action Nepal,gan,National NGO,0.0,0.0,0.0,0.0
Global Alliance for Livestock Veterinary Medicines,galvmed,International NGO,25.0,100.0,72.56944444444444,65.85648148148148
Global Alliance for TB Drug Development,tb-a,"Academic, Training and Research",0.0,0.0,68.05555555555556,22.685185185185187
Global Anaesthesia Development Partnerships,gadp,"Academic, Training and Research",0.0,0.0,63.05555555555556,21.01851851851852
Global Antibiotic Research and Development Partnership,gardp,Public Private Partnership,37.5,0.0,69.68954248366013,35.729847494553375
Global Canopy,globalcanopy,International NGO,0.0,0.0,0.0,0.0
Global Disability Innovation Hub,gdihub,"Academic, Training and Research",0.0,0.0,0.0,0.0
Global Focus,globaltfokus,National NGO,25.0,0.0,64.58333333333333,29.86111111111111
Global Fund for Community Foundations,gfcf,Foundation,25.0,0.0,83.33333333333333,36.11111111111111
Global Fund for Women,globalfundforwomen,International NGO,0.0,0.0,45.0,15.0
Global Fund to End Modern Slavery,gfems,National NGO,0.0,0.0,60.763888888888886,20.25462962962963
Global Green Growth Institute (GGGI),gggi,Multilateral,0.0,0.0,74.44278299134454,24.814260997114847
Global Impact Investing Network,giin,National NGO,0.0,0.0,76.25,25.416666666666668
Global Innovation Fund,gif,International NGO,87.5,2.6666666666666665,57.95217803030303,49.37294823232323
Global Integrity,gi,International NGO,0.0,0.0,80.01543209876543,26.671810699588477
Global Network of People Living with HIV (GNP+),gnpplus,International NGO,25.0,0.0,67.4423076923077,30.814102564102566
Global Network of Sex Work Projects (NSWP),nswp,International NGO,0.0,0.0,0.0,0.0
Global Partnership for Education,gpe,Multilateral,0.0,0.0,0.0,0.0
Global Rights Compliance Foundation,grc2018,Foundation,37.5,0.0,68.87395459976105,35.45798486658702
Global Shea Alliance,globalshea,Regional NGO,0.0,0.0,74.30555555555556,24.76851851851852
Global Water Partnership,gwp,International NGO,0.0,0.0,65.27777777777777,21.759259259259256
Global Witness,globalwitness,International NGO,0.0,0.0,0.0,0.0
GlobalGiving.org,globalgiving,International NGO,0.0,0.0,0.0,0.0
GOAL,goal,International NGO,0.0,0.0,72.06018518518518,24.02006172839506
GOGLA - Global Off-Grid Lighting Association,gogla,Private Sector,0.0,0.0,64.16666666666667,21.38888888888889
GoodWeave International,goodweave_intl,International NGO,0.0,0.0,0.0,0.0
Goree Institute,gorin,National NGO,0.0,0.0,0.0,0.0
Gorongosa Restoration Project,grp,Public Private Partnership,25.0,100.0,77.08333333333333,67.3611111111111
GPPAC Foundation,gppac,International NGO,25.0,33.333333333333336,60.27777777777778,39.53703703703704
Grand Bargain Test,wrgb,"Academic, Training and Research",0.0,0.0,0.0,0.0
Grand Challenges Canada,hgc,National NGO,37.5,16.666666666666668,65.27777777777777,39.81481481481482
Greater Virunga Transboundary Collaboration,gvtc,Government,25.0,0.0,81.94444444444444,35.648148148148145
Greece - Ministry of Foreign Affairs,greece_mfa,Government,0.0,0.0,0.0,0.0
Gridworks Development Partners,gridworkspartners,Private Sector,25.0,0.0,59.02777777777778,28.009259259259256
Ground Truth Solutions,ground-truth-solutions,International NGO,0.0,0.0,71.52777777777777,23.84259259259259
Groupe Pivot Santé Population,gpsp-org,"Academic, Training and Research",0.0,0.0,0.0,0.0
Grow Asia,growasia,Regional NGO,0.0,0.0,0.0,0.0
Grow Movement,growmovement_admin,"Academic, Training and Research",0.0,0.0,58.81944444444444,19.60648148148148
GSMA Foundation,gsma_foundation,Foundation,0.0,0.0,61.80555555555556,20.60185185185185
Gulu University,guluuni,"Academic, Training and Research",0.0,0.0,0.0,0.0
Guttmacher Institute,guttmacher,International NGO,37.5,33.333333333333336,73.61111111111111,48.14814814814815
Hagar International UK,hagar_uk,International NGO,0.0,0.0,0.0,0.0
Haiti Hospital Appeal,hha,International NGO,0.0,0.0,82.63888888888889,27.546296296296294
"Hala Systems, Inc.",hala_systems,Private Sector,0.0,0.0,0.0,0.0
Hand in Hand International,handinhand,International NGO,0.0,0.0,71.52777777777777,23.84259259259259
Handicap International Belgique,hib,National NGO,37.5,47.333333333333336,87.52923976608187,57.45419103313841
Handicap International Federation,hi_fed,International NGO,50.0,66.33333333333333,67.98611111111111,61.43981481481482
Handicap International UK,hiuk,"Academic, Training and Research",100.0,63.333333333333336,74.01624721526036,79.11652684953124
"Harvard Global Research and Support Services, Inc.",harvard_global,International NGO,25.0,0.0,0.0,8.333333333333334
Health Development Initiative,hdi,National NGO,0.0,0.0,76.38888888888889,25.462962962962962
Health Insurance Fund,hif,International NGO,0.0,0.0,73.22916666666667,24.409722222222225
Health Poverty Action,hpa,International NGO,0.0,0.0,0.0,0.0
HealthNet TPO,healthnet,International NGO,62.5,0.0,78.81944444444444,47.10648148148149
HealthProm,hp_12,International NGO,0.0,0.0,73.61111111111111,24.537037037037038
Healthright International-Kenya,hri,National NGO,0.0,0.0,59.93055555555556,19.97685185185185
Healthy Entrepreneurs Foundation,hefoundation,Foundation,62.5,11.0,83.02777777777777,52.175925925925924
Heartland Alliance International,ha-i,International NGO,0.0,0.0,78.33333333333333,26.11111111111111
Heifer International South Africa,hsa,National NGO,0.0,0.0,74.30555555555556,24.76851851851852
Heifer Nederland,heifernederland,National NGO,0.0,0.0,73.11728395061728,24.372427983539094
HelpAge International,helpage_international,International NGO,12.5,66.66666666666667,72.81746031746032,50.661375661375665
HelpAge International UK,ageintl,National NGO,75.0,16.666666666666668,74.58993212669684,55.4188662644545
Helvetas Swiss Intercooperation,hsi,International NGO,0.0,0.0,67.36111111111111,22.453703703703706
Hiber for Electronic Media,7iberdotcom,Private Sector,0.0,0.0,0.0,0.0
Higher Population Council,hpc,Other Public Sector,0.0,0.0,0.0,0.0
HiiL innovating Justice,hiil_mfa,Foundation,62.5,8.0,72.04861111111111,47.5162037037037
Hilfswerk Austria Zimbabwe,hwa-zm,International NGO,0.0,0.0,0.0,0.0
Himilo Relief and Development Association (HIRDA),hirda,National NGO,0.0,0.0,0.0,0.0
Hivos,stichting_hivos,International NGO,100.0,0.0,71.1391223155929,57.04637410519763
HM Revenue and Customs,cbu_hmrc,Government,12.5,0.0,70.83333333333333,27.777777777777775
HM Treasury,hmtfitb,Government,0.0,0.0,57.03703703703703,19.012345679012345
Homeless International,hi,International NGO,0.0,0.0,48.92857142857142,16.309523809523807
Hope and Homes for Children,hhc,International NGO,0.0,0.0,0.0,0.0
Hope for Children,hfc,International NGO,0.0,0.0,65.27777777777777,21.759259259259256
HOPE'87 - Hundreds of Original Projects for Employment,hope87,National NGO,0.0,0.0,72.91666666666667,24.305555555555557
Horizons for Green Development,horizons,National NGO,0.0,0.0,0.0,0.0
Hospice Africa Ltd,hauk,"Academic, Training and Research",0.0,0.0,62.361111111111114,20.787037037037038
HRWG Indonesia,hrwg_indonesia,National NGO,0.0,0.0,58.05555555555556,19.35185185185185
HTSPE,htspe,Private Sector,0.0,0.0,74.30555555555556,24.76851851851852
Huairou Commission,hc2022,International NGO,0.0,0.0,75.92592592592592,25.308641975308642
Human Relief Foundation,hrf,International NGO,0.0,0.0,67.36111111111111,22.453703703703706
Human Rights Research and Advocacy Consortium,947,National NGO,0.0,0.0,0.0,0.0
Humanitarian Quality Assurance Initiative,hqai,International NGO,0.0,0.0,68.05555555555556,22.685185185185187
Humanitarian Umbrella for Relief and Development Organization (HURDO),hu,National NGO,0.0,0.0,0.0,0.0
I Choose Life Africa,ke-ngc-3372,National NGO,0.0,0.0,0.0,0.0
Ibrahimia Media Center,imc-2021,National NGO,0.0,0.0,91.66666666666667,30.555555555555557
ICA:UK,icauk,National NGO,0.0,0.0,66.875,22.291666666666668
ICCO Cooperation,icco-cooperation,International NGO,0.0,33.333333333333336,77.08333333333333,36.80555555555555
ICF Consulting Services Ltd,icf,Private Sector,0.0,0.0,74.30555555555556,24.76851851851852
ICLEI Africa,icleiafrica,International NGO,12.5,0.0,73.61111111111111,28.703703703703706
ICLEI Colombia,iclei,National NGO,0.0,0.0,63.05555555555556,21.01851851851852
ICS,ics,International NGO,0.0,0.0,0.0,0.0
IDB Invest,idbinvest,Multilateral,50.0,16.333333333333332,77.37500965176434,47.90278099503255
iDE,ide,International NGO,37.5,0.0,61.423611111111114,32.97453703703704
IDEO.org,ideo_org,International NGO,0.0,0.0,55.55555555555556,18.51851851851852
IDH Investment Management B.V.,idh_im,Private Sector,12.5,0.0,77.08333333333333,29.86111111111111
IDH THE SUSTAINABLE TRADE INITIATIVE,idh-ghana,International NGO,12.5,0.0,79.16666666666667,30.555555555555557
"IDH, the Sustainable Trade Initiative",idh,International NGO,37.5,22.0,81.90134099616857,47.1337803320562
IDinsight,idinsight,International NGO,0.0,0.0,70.83333333333333,23.61111111111111
IDOM INGENIERIA,idom_mx,Private Sector,0.0,0.0,59.02777777777778,19.675925925925927
IFOAM - Organics International,ifoam,International NGO,0.0,0.0,61.37605042016807,20.458683473389357
IGD Benin,igd_benin,National NGO,0.0,0.0,0.0,0.0
IHE Delft Institute for Water Education,ihedelft,"Academic, Training and Research",25.0,100.0,82.29166666666667,69.09722222222223
Iles de Paix,idp,National NGO,37.5,66.66666666666667,86.3425925925926,63.50308641975309
ILGA Asia,ilgaasia,Regional NGO,12.5,0.0,73.19444444444444,28.564814814814813
ILGA World,ilgaworld,International NGO,0.0,0.0,0.0,0.0
IMA World Health,us-imawh,International NGO,0.0,0.0,66.25,22.083333333333332
IMPACT Initiatives,impact_initiatives,International NGO,12.5,0.0,71.03174603174602,27.84391534391534
ImpactAssets Inc.,ia,International NGO,0.0,0.0,61.80555555555556,20.60185185185185
"Imperial College of Science, Technology and Medicine",imperial,"Academic, Training and Research",12.5,0.0,66.66666666666667,26.38888888888889
Impunity Watch,iw_admin,International NGO,0.0,0.0,64.86111111111111,21.62037037037037
Independent Diplomat,independent_diplomat,International NGO,12.5,0.0,68.05555555555556,26.85185185185185
Independent Medico-Legal Unit,imlu,National NGO,0.0,0.0,70.83333333333333,23.61111111111111
Index Initiative Foundation,iif,Foundation,0.0,0.0,0.0,0.0
Indigo Trust,indtrust,Foundation,0.0,0.0,0.0,0.0
Infrastructure Credit Guarantee Company Limited,infracredit,Private Sector,0.0,0.0,61.80555555555556,20.60185185185185
inHive,inhive,International NGO,0.0,0.0,68.05555555555556,22.685185185185187
Iniciativa Climatica de Mexico,icm_mx,National NGO,0.0,0.0,0.0,0.0
Initiative Sankofa d'Afrique de l'Ouest,isdao,International NGO,0.0,0.0,74.02777777777777,24.675925925925924
Innovate UK KTN,ktn,Other Public Sector,0.0,0.0,0.0,0.0
Innovations for Poverty Action,ipa_,International NGO,37.5,11.333333333333334,56.04920284125278,34.9608453915287
Innovex Uganda limited,in,Private Sector,12.5,0.0,56.80555555555556,23.10185185185185
Instiglio,instiglio,International NGO,0.0,0.0,0.0,0.0
Institut de Formation Syndical International - Internationaal Syndicaal Vormingsinstituut,ifsi_isvi,National NGO,37.5,66.66666666666667,85.31746031746032,63.161375661375665
"Institut National de l'Eau, Benin",ine_benin,"Academic, Training and Research",0.0,0.0,0.0,0.0
Institute for Clinical Effectiveness and Health Policy,iecs-2024,International NGO,0.0,0.0,0.0,0.0
Institute for Community Based Sociotherapy,ic-bs_24,International NGO,12.5,100.0,72.08333333333333,61.52777777777777
Institute for Family Health,khf_ifh,National NGO,50.0,33.333333333333336,78.47222222222223,53.93518518518519
Institute for Research and Development in Health & Social Care,irdsrilanka-1997,"Academic, Training and Research",0.0,0.0,59.583333333333336,19.86111111111111
Institute for Security Studies,issafrica,International NGO,0.0,0.0,0.0,0.0
Institute for War & Peace Reporting,iwpr,International NGO,0.0,0.0,54.007936507936506,18.002645502645503
Institute of Development Studies,ids,"Academic, Training and Research",37.5,0.0,62.43055555555556,33.31018518518518
Institute of Gender and Children's Health Research,igchr_sierraleone,National NGO,0.0,0.0,0.0,0.0
"Institute of Psychiatry, Rawalpindi Medical University",iop-rmu,"Academic, Training and Research",0.0,0.0,0.0,0.0
Institute of Tropical Medicine,itm,Other Public Sector,37.5,66.66666666666667,85.64814814814815,63.271604938271615
Instituto BVRio,bvrio,International NGO,0.0,0.0,68.05555555555556,22.685185185185187
Integrated Water Resources Management Programme,iwrm,Government,0.0,0.0,68.05555555555556,22.685185185185187
Integrity Action,integrity_action,International NGO,0.0,0.0,45.86988304093567,15.289961013645224
Integrity Research and Consultancy Ltd,integrity,Private Sector,0.0,0.0,63.0787037037037,21.026234567901234
Inter Islamic Network for Water Resources Development and Management,inwrdam,Multilateral,0.0,0.0,0.0,0.0
Inter-American Development Bank,iadb,Multilateral,100.0,50.0,87.39376266387617,79.13125422129205
Inter-American Foundation,iaf,Government,12.5,0.0,71.9047619047619,28.134920634920633
Interact Worldwide,iww_publish,International NGO,0.0,0.0,0.0,0.0
InterAction,interaction,International NGO,0.0,0.0,0.0,0.0
interburns,interburns,International NGO,0.0,0.0,0.0,0.0
InterClimate Network,icn,International NGO,0.0,0.0,70.83333333333333,23.61111111111111
International Aids Vaccine Initiative (IAVI),iavi,International NGO,37.5,33.333333333333336,65.27777777777777,45.370370370370374
International Alert,international-alert,International NGO,37.5,6.666666666666667,58.17230273752013,34.1129898013956
International Budget Partnership,ibp,International NGO,0.0,0.0,0.0,0.0
International Bureau of Fiscal Documentation (IBFD),ibfd,"Academic, Training and Research",75.0,0.0,85.32952069716777,53.44317356572259
International Campaign Women´s Right to Safe Abortion,icwrsa,National NGO,0.0,0.0,64.93055555555556,21.64351851851852
International Center for Journalists,icfj,International NGO,0.0,0.0,0.0,0.0
International Center for Not-for-Profit Law,icnl_org,International NGO,62.5,0.0,84.62962962962962,49.04320987654321
International Center for Transitional Justice,ictj,International NGO,0.0,0.0,74.37461095549331,24.791536985164438
International Centre for Antimicrobial Resistance Solutions,icars,"Academic, Training and Research",0.0,0.0,0.0,0.0
"International Centre for Diarrhoeal Disease Research, Bangladesh (icddr,b)",icddrb,"Academic, Training and Research",0.0,0.0,65.27777777777777,21.759259259259256
International Centre for Migration Policy Development,icmpd,Multilateral,0.0,0.0,57.72569444444444,19.24189814814815
International Centre of Insect Physiology and Ecology (icipe),icipe,"Academic, Training and Research",0.0,0.0,0.0,0.0
International Climate Initiative / BMU - IKI Secretariat,bmu_iki,Government,75.0,0.0,76.02264629443326,50.34088209814442
International Commission on Missing Persons,icmp,Other Public Sector,0.0,0.0,66.31944444444444,22.10648148148148
International Committee of the Red Cross (ICRC),icrc,Multilateral,100.0,0.0,73.86622028038269,57.955406760127566
International Council of Voluntary Agencies,icva,International NGO,0.0,0.0,0.0,0.0
International Crisis Group,crisisgroup,International NGO,0.0,22.0,63.81944444444444,28.60648148148148
International Development Law Organization (IDLO),idlo,Multilateral,100.0,0.0,72.58487520951095,57.528291736503654
INTERNATIONAL DISABILITY ALLIANCE,ida,International NGO,0.0,0.0,62.083333333333336,20.694444444444446
International Federation of Accountants,ifac,International NGO,0.0,0.0,57.0,19.0
International Federation of the Red Cross and Red Crescent (IFRC),ifrcrcs,International NGO,0.0,0.0,0.0,0.0
International Fertilizer Development Center,ifdc-us,International NGO,50.0,25.0,81.36363636363635,52.12121212121212
International Finance Corporation,ifcwbg,Multilateral,100.0,0.3333333333333333,82.61269611003652,60.982009814456624
International Food Policy Research Institute,ifpri,International NGO,0.0,0.0,59.583333333333336,19.86111111111111
International Foundation for Electoral Systems,ifes,International NGO,25.0,0.0,66.18055555555556,30.39351851851852
International Fund for Agricultural Development (IFAD),ifad,Multilateral,100.0,0.0,85.87525929440713,61.95841976480238
International IDEA,idea,Multilateral,0.0,0.0,54.529558335452826,18.17651944515094
International Indigenous Women Forum,fimi_iiwf_2019,Foundation,25.0,11.0,72.61111111111111,36.2037037037037
International Initiative for Impact Evaluation,3ie,International NGO,50.0,0.0,71.52777777777777,40.50925925925926
International Institute for Environment and Development,iied,"Academic, Training and Research",0.0,86.66666666666667,73.60119047619047,53.422619047619044
International Institute of Tropical Agriculture (IITA),iita_2022,International NGO,50.0,0.0,79.86111111111111,43.28703703703704
International Labour Organization (ILO),ilo,Multilateral,37.5,0.0,0.0,12.5
International Media Support,ims,International NGO,62.5,16.666666666666668,66.5,48.555555555555564
International Medical Corps UK,imc_uk,International NGO,0.0,0.0,66.2037037037037,22.0679012345679
International Monetary Fund,imf,Multilateral,0.0,0.0,65.99049707602339,21.996832358674464
International Nepal Fellowship Nepal,infnepal,National NGO,12.5,0.0,0.0,4.166666666666667
International Network for Advancing Science and Policy,inasp,International NGO,0.0,0.0,0.0,0.0
International Network for Bamboo and Rattan (INBAR),inbar,Multilateral,0.0,0.0,52.88119288119288,17.62706429373096
International Network of People who Use Drugs (INPUD),inpud_admin,International NGO,0.0,0.0,81.36160714285714,27.12053571428571
International NGO Safety Organisation,inso,International NGO,25.0,0.0,65.97222222222221,30.324074074074073
International Organization for Migration (IOM),iom,Multilateral,62.5,97.66666666666667,91.52044354344443,83.89570340337038
International Peace Information Service,ipis,National NGO,12.5,66.66666666666667,86.11111111111111,55.09259259259259
International Planned Parenthood Federation,ippf,International NGO,87.5,89.33333333333333,75.61208338986117,84.14847224106482
International Potato Center,cip,Multilateral,0.0,0.0,0.0,0.0
International Primary Care Respiratory Group,ipcrg,"Academic, Training and Research",0.0,0.0,0.0,0.0
International Procurement Agency,ipa,Private Sector,0.0,0.0,66.5625,22.1875
International Rescue Committee UK,irc_uk,International NGO,62.5,41.0,75.58789246115828,59.69596415371942
International Service,unais,International NGO,0.0,0.0,67.36111111111111,22.453703703703706
International Trade Centre (ITC),itc,International NGO,37.5,91.66666666666667,73.07422022757807,67.41362896474824
International Treatment Preparedness Coalition (ITPC),itpc,International NGO,0.0,0.0,0.0,0.0
International Union for Conservation of Nature and Natural Resources,iucn,Other Public Sector,87.5,100.0,71.06481481481481,86.18827160493827
International Women's Development Agency,iwda,International NGO,0.0,0.0,0.0,0.0
International Women's Rights Action Watch Asia Pacific,iwrawasiapacific,International NGO,12.5,0.0,69.93055555555556,27.47685185185185
International Youth Alliance for Family Planning,iyafp,International NGO,0.0,0.0,0.0,0.0
Internews Europe,ieu,International NGO,25.0,0.0,76.89814814814815,33.96604938271605
Interpeace,interpeace,International NGO,37.5,0.0,68.3209815546772,35.27366051822573
INTERSOS Onlus,intersos_main,International NGO,0.0,0.0,73.61111111111111,24.537037037037038
INTRAC,intrac,International NGO,0.0,0.0,0.0,0.0
IntraHealth International,intrahealth,International NGO,0.0,0.0,0.0,0.0
InvestInternational,investinternational,Private Sector,25.0,67.0,81.87008023431468,57.95669341143823
IOD PARC,iodparc,Private Sector,50.0,0.0,69.55128205128206,39.85042735042735
iPartner India,ip-india,International NGO,0.0,0.0,0.0,0.0
Ipas,ipas,International NGO,37.5,26.666666666666668,65.86805555555554,43.34490740740741
Iraq Foundation,iraq_foundation,International NGO,0.0,0.0,58.49867724867725,19.499559082892414
IRC,irc,International NGO,62.5,0.0,78.33333333333333,46.944444444444436
Ireland - Department of Foreign Affairs,irishaid,Government,25.0,0.0,76.55862679288104,33.85287559762701
IREX (International Research and Exchange Board),irex,International NGO,0.0,0.0,66.36904761904762,22.123015873015873
"Iringa Development of Youth, Disabled and Children Care",idydc,National NGO,0.0,0.0,0.0,0.0
Irise International,irise_int,International NGO,0.0,0.0,0.0,0.0
Irrawaddy Policy Exchange,ipe,"Academic, Training and Research",0.0,0.0,65.27777777777777,21.759259259259256
ISEAL,iseal,International NGO,37.5,0.0,68.05555555555556,35.18518518518518
Islamic Development Bank,isdb,Multilateral,25.0,0.0,74.95761254150081,33.31920418050027
Islamic Relief Worldwide,irw,International NGO,87.5,66.66666666666667,78.93518518518519,77.70061728395062
IT for Change,itforchange,"Academic, Training and Research",0.0,0.0,83.33333333333333,27.777777777777775
Itad,itad,Private Sector,0.0,0.0,63.05555555555556,21.01851851851852
ITECO - Centre de formation pour le développement,iteco,National NGO,37.5,66.66666666666667,83.33333333333333,62.5
IUCN Nederlands Comité,iucn_nl,International NGO,0.0,0.0,87.08333333333333,29.027777777777775
Japan International Cooperation Agency (JICA),jica,Government,62.5,13.666666666666666,69.84903613600797,48.67190093422488
Jeevika Trust,jeevika_trust,International NGO,0.0,0.0,0.0,0.0
Jinja district union of persons with disabilities,jidu2021,Regional NGO,0.0,0.0,54.02777777777778,18.00925925925926
Johns Hopkins University,gi-jhu,"Academic, Training and Research",0.0,0.0,0.0,0.0
Join For Water,protos,National NGO,37.5,60.0,86.002886002886,61.16762866762866
Joint Nature Conservation Committee,jncc,Other Public Sector,12.5,0.0,50.26234567901235,20.920781893004115
Jordan Open Source Association,josa,National NGO,0.0,0.0,0.0,0.0
Jordan River Foundation,jrf,National NGO,0.0,0.0,61.80555555555556,20.60185185185185
Joshua Orphan and Community Care,jocc_uk,International NGO,0.0,0.0,71.38888888888889,23.796296296296294
JoWomenomics,jowomenomics,National NGO,0.0,0.0,87.96296296296296,29.320987654320987
Just Associates,jass,International NGO,62.5,0.0,82.38215488215488,48.29405162738496
Justice & Peace Netherlands,jp-nl,International NGO,12.5,0.0,0.0,4.166666666666667
Justice For All Prison Fellowship Ethiopia,jfa-pfe,National NGO,12.5,0.0,69.67592592592592,27.391975308641975
Kaalmo Relief and Development Organization (KARDO AID),kardo-somalia,National NGO,0.0,0.0,0.0,0.0
Kadaster International,kad,Government,0.0,0.0,41.31944444444444,13.773148148148147
Karuna Mission Social Solidarity - KMSS,kmss,National NGO,0.0,0.0,0.0,0.0
Karuna Trust,karuna,International NGO,0.0,0.0,77.08333333333333,25.694444444444443
Kathmandu Medical College Public Limited,kmc,"Academic, Training and Research",0.0,0.0,0.0,0.0
Keele University,keele-university,"Academic, Training and Research",0.0,100.0,68.75,56.25
Kemitraan Bagi Pembaruan Tata Pemerintahan,kemitraan,National NGO,0.0,0.0,0.0,0.0
Kenya Community Development Foundation,kcdf,Foundation,37.5,0.0,87.63888888888889,41.71296296296296
Kenya Private Sector Alliance,kepsa,Private Sector,0.0,0.0,76.38888888888889,25.462962962962962
Kepa ry,kepa,National NGO,0.0,0.0,0.0,0.0
Kerk in Actie,kerk_in_actie,International NGO,0.0,0.0,80.55555555555556,26.85185185185185
Kesho Kenya,kesho_kenya,National NGO,0.0,0.0,0.0,0.0
KHYBER MEDICAL UNIVERSITY,kmu,"Academic, Training and Research",12.5,0.0,64.58333333333333,25.694444444444443
kidasha,kidasha,International NGO,0.0,0.0,68.61111111111111,22.87037037037037
King Hussein Foundation,khf,National NGO,0.0,0.0,86.11111111111111,28.703703703703706
King Salman Humanitarian Aid and Relief Centre,ksrelief291,Government,50.0,15.666666666666666,74.87653141753259,46.84773269473309
King's College London,kingscollegelondon,"Academic, Training and Research",37.5,100.0,67.16666666666667,68.22222222222223
Kisumu Medical and Education Trust,kmet,National NGO,0.0,0.0,0.0,0.0
KITUO CHA SHERIA,kituo,National NGO,0.0,0.0,57.15277777777778,19.050925925925927
KIYO,kiyo,International NGO,37.5,66.66666666666667,85.87962962962963,63.348765432098766
Koepel van de Vlaamse Noord-Zuidbeweging 11.11.11 VZW,111111_publisher,National NGO,37.5,66.66666666666667,86.03098290598291,63.399216524216534
Koninklijk Nederlands Meteorologisch Instituut,knmi,Government,0.0,0.0,0.0,0.0
KPMG Advisory Limited (Tanzania),kpmgea,Private Sector,0.0,0.0,0.0,0.0
KPMG LLP,kpmgllp,Private Sector,0.0,0.0,45.55555555555556,15.185185185185185
KwaAfrica,kwaafrica,International NGO,0.0,0.0,68.05555555555556,22.685185185185187
Kwame Nkrumah University of Science and Technology,knust,"Academic, Training and Research",0.0,0.0,0.0,0.0
Kyiv School of Economics and Management,kse,"Academic, Training and Research",0.0,0.0,0.0,0.0
LAMB Health Care Foundation,lhcf,National NGO,0.0,0.0,68.61111111111111,22.87037037037037
Land Equity International,lei,Private Sector,0.0,0.0,54.02777777777778,18.00925925925926
Landell Mills,landell-mills,Private Sector,0.0,0.0,59.39814814814815,19.799382716049383
Larive International,larive,Private Sector,37.5,9.333333333333334,63.39506172839506,36.74279835390947
Laterite B.V.,laterite_bv,Private Sector,0.0,0.0,0.0,0.0
Laïcité et Humanisme en Afrique Centrale (LHAC),lhac,National NGO,37.5,66.66666666666667,83.33333333333333,62.5
Le Monde selon les femmes asbl,mondefemmes,National NGO,37.5,66.66666666666667,85.41666666666667,63.19444444444445
LEAD International,lead_international,International NGO,0.0,0.0,0.0,0.0
Leaders International,lifed_admin,International NGO,0.0,0.0,0.0,0.0
Leaders of Tomorrow,sqf,Private Sector,0.0,0.0,77.63888888888889,25.87962962962963
Learning for Life,learningforlife,International NGO,0.0,0.0,0.0,0.0
Legal Action Worldwide,law,International NGO,0.0,0.0,0.0,0.0
Lemann Foundation,lemann,Foundation,0.0,0.0,0.0,0.0
Leonard Cheshire Disability,lcd_admin,International NGO,0.0,0.0,66.31944444444444,22.10648148148148
Lepra,lepra,International NGO,0.0,0.0,0.0,0.0
Liga Internacional de Mujeres por la Paz y la Libertad - Limpal Colombia,limpal-colombia,National NGO,12.5,0.0,85.41666666666667,32.63888888888889
Light Castle Partners,lcp,Private Sector,0.0,0.0,0.0,0.0
Light For The World Belgium,lftw-be,National NGO,37.5,66.66666666666667,88.59126984126985,64.2526455026455
Light for the World International,lftw-int,International NGO,0.0,0.0,0.0,0.0
Link Community Development Scotland,lcds,International NGO,0.0,0.0,74.30555555555556,24.76851851851852
Linking Pin Africa Ltd,lpa,Private Sector,0.0,0.0,0.0,0.0
"Lithuania, Ministry of Foreign Affairs",lithuania_mfa,Government,0.0,0.0,0.0,0.0
Lively Minds,livelyminds,International NGO,0.0,0.0,0.0,0.0
Liverpool School of Tropical Medicine,lstm,"Academic, Training and Research",75.0,14.666666666666666,70.99747474747474,53.5547138047138
Living Earth Foundation,livingearth12,International NGO,0.0,0.0,68.05555555555556,22.685185185185187
living peace institute,lpi,National NGO,0.0,0.0,0.0,0.0
LIWA programme trust,liwa-admin,"Academic, Training and Research",0.0,0.0,0.0,0.0
Local Development and Small Projects Support,ldsps,National NGO,0.0,0.0,0.0,0.0
London Business School,lbs,"Academic, Training and Research",0.0,0.0,0.0,0.0
London School of Economics and Political Science,lse,"Academic, Training and Research",25.0,60.666666666666664,65.63492063492063,50.43386243386243
London School of Hygiene and Tropical Medicine,lshtm,"Academic, Training and Research",37.5,47.333333333333336,61.91865079365079,48.917328042328045
Loughborough University,lboro,"Academic, Training and Research",0.0,0.0,67.91666666666667,22.63888888888889
LTS International Limited,lts,Private Sector,0.0,13.333333333333334,68.63095238095238,27.32142857142857
Luminate Foundation Inc.,luminate,Foundation,0.0,0.0,77.08333333333333,25.694444444444443
LVCT Health,lvct,National NGO,0.0,0.0,0.0,0.0
M&C Saatchi,mcs_new,Private Sector,0.0,0.0,0.0,0.0
Maastricht School of Management,msm-ipd,Foundation,0.0,0.0,0.0,0.0
MADE in Europe,mie-1134415,International NGO,0.0,0.0,70.13888888888889,23.37962962962963
MAG,mag,International NGO,50.0,0.0,69.94160353535352,39.980534511784505
Magariro,magariro,National NGO,0.0,0.0,0.0,0.0
"Mahila Sarvangeen Utkarsh Mandal, Pune, India",masumpune_87,National NGO,12.5,100.0,71.52777777777777,61.34259259259259
Mainline,mainline,Foundation,0.0,0.0,0.0,0.0
Makerere University,maksph,"Academic, Training and Research",0.0,0.0,85.41666666666667,28.472222222222225
Malaria Consortium,malariaconsortium,International NGO,25.0,0.0,0.0,8.333333333333334
Malawi-Liverpool Wellcome Programme,mlw,International NGO,0.0,0.0,0.0,0.0
Mama Cash,mamac,Foundation,25.0,0.0,83.17724867724868,36.05908289241623
MAMTA - Health Institute for Mother and Child,mamta_himc,National NGO,0.0,0.0,62.361111111111114,20.787037037037038
Mango Tree Property Management LTD,mangotree,Private Sector,0.0,0.0,0.0,0.0
MannionDaniels,manniondaniels,Private Sector,0.0,0.0,64.09420289855072,21.364734299516908
MapAction,mapaction,International NGO,0.0,0.0,65.0,21.666666666666668
Mary's Meals,marysmeals,International NGO,12.5,0.0,0.0,4.166666666666667
Mastercard Foundation,mastercard-foundation,Foundation,0.0,0.0,0.0,0.0
Max Foundation,max-foundation,Foundation,25.0,0.0,81.59722222222223,35.53240740740741
Maxwell Stamp PLC,mstamp,Private Sector,0.0,0.0,57.82407407407407,19.27469135802469
McKinsey & Company,mck,Private Sector,0.0,0.0,57.280092592592595,19.093364197530864
McKinsey Development Partners,mdp,Private Sector,0.0,0.0,54.02777777777778,18.00925925925926
MDF Global,mdf,Foundation,25.0,0.0,88.88888888888889,37.96296296296296
MedAccess Guarantee Limited,medaccess,Private Sector,0.0,0.0,51.80555555555556,17.26851851851852
Medair,medair,International NGO,0.0,0.0,60.27777777777778,20.09259259259259
Medecins du Monde Belgique - Dokters van de Wereld Belgïe,medecins,National NGO,37.5,36.333333333333336,84.38682490540074,52.74005274624469
Medecins du Monde France,mdm-fr,International NGO,0.0,0.0,51.25,17.083333333333332
Media Development Investment Fund,mdif,International NGO,0.0,0.0,0.0,0.0
Media Foundation for West Africa,mfwa,Regional NGO,0.0,0.0,88.88888888888889,29.62962962962963
"Medical Research Centre (MRC), Sierra Leone",mrc-sierra-leone,National NGO,0.0,0.0,0.0,0.0
MedicineAfrica Ltd.,medafrica,"Academic, Training and Research",0.0,0.0,0.0,0.0
Memisa,memisa,"Academic, Training and Research",37.5,66.66666666666667,85.87962962962963,63.348765432098766
Meningitis Research Foundation,mrf,International NGO,0.0,0.0,0.0,0.0
Mensen met een Missie,mm1,National NGO,37.5,100.0,81.5354938271605,73.01183127572017
Mercy Corps Europe,mce,International NGO,62.5,40.0,71.12193452879727,57.87397817626576
Mercy Corps Global,mcg,International NGO,0.0,0.0,0.0,0.0
Mercy Corps Netherlands,mcn,International NGO,62.5,0.0,77.25694444444444,46.58564814814815
Mercy Ships UK Limited,msuk,International NGO,0.0,0.0,0.0,0.0
Mercy-USA for Aid and Development,mercy-usa,International NGO,0.0,0.0,76.38888888888889,25.462962962962962
MICAIA,mic-uk,International NGO,0.0,0.0,49.375,16.458333333333332
Micaia Foundation,micfound,National NGO,25.0,16.666666666666668,72.56944444444444,38.0787037037037
Micro Insurance Academy,mia_india,"Academic, Training and Research",0.0,0.0,0.0,0.0
MicroLoan Foundation,mlf,International NGO,0.0,0.0,0.0,0.0
Miel Maya Honing asbl,mmha,National NGO,37.5,44.0,84.72222222222223,55.40740740740741
Mifumi UK,mifumi_uk,International NGO,0.0,0.0,73.61111111111111,24.537037037037038
Milieudefensie,foenl,National NGO,25.0,0.0,79.32422969187675,34.77474323062558
Millennium Challenge Corporation,millenniumchallenge,Government,87.5,0.0,81.19212962962963,56.23070987654321
Millennium Water Alliance Kenya,mwa_kenya,National NGO,12.5,0.0,70.13888888888889,27.546296296296294
Ministry for Housing Communities and Local Government,mhclg,Government,25.0,100.0,65.83333333333333,63.61111111111111
Ministry of Foreign Affairs - United Arab Emirates (UAE),mofaic_uae,Government,25.0,0.0,0.0,8.333333333333334
Ministry of Foreign Affairs of  Japan,mofa-jpn,Government,0.0,0.0,0.0,0.0
Ministry of Foreign and European Affairs of the Slovak Republic,slovakaid,Government,0.0,0.0,64.1794221504025,21.393140716800833
Ministère de l'Economie et des Finances du Bénin,mefbenin,Government,0.0,0.0,0.0,0.0
Mission Øst,missioneast,International NGO,62.5,0.0,70.2006172839506,44.233539094650205
Mokoro,mko,Private Sector,37.5,66.66666666666667,74.30555555555556,59.49074074074074
Mondiaal FNV (Stichting),mondiaalfnv,National NGO,25.0,19.0,82.1375098502758,42.0458366167586
Montrose International LLP,montrose_llp,"Academic, Training and Research",0.0,0.0,0.0,0.0
mothers2mothers,m2m_sa,International NGO,0.0,0.0,67.08333333333333,22.36111111111111
Motivation,motivation,International NGO,0.0,0.0,70.83333333333333,23.61111111111111
Mott MacDonald Limited,mml,Private Sector,50.0,0.0,80.0,43.333333333333336
MSI Reproductive Choices,msi,International NGO,62.5,91.66666666666667,86.3425925925926,80.16975308641976
Mukisa Foundation,mukisa_foundation,National NGO,0.0,0.0,0.0,0.0
Mulanje Mission Hospital,mmh,National NGO,0.0,0.0,68.05555555555556,22.685185185185187
Multilateral Investment Fund,fomin,Multilateral,0.0,0.0,0.0,0.0
Musalaha Ministry of Reconciliation,mmr_admin2,"Academic, Training and Research",0.0,0.0,65.27777777777777,21.759259259259256
Musawah Global Vision Berhad,musawah,International NGO,0.0,0.0,78.33333333333333,26.11111111111111
Muslim Aid,muslimaid,International NGO,0.0,0.0,63.05555555555556,21.01851851851852
MVO Nederland,mvo_nederland,Other Public Sector,0.0,0.0,0.0,0.0
Myanmar Trust UK,mtuk,National NGO,37.5,33.333333333333336,59.30555555555556,43.37962962962964
Mzumbe University,m_u,"Academic, Training and Research",0.0,0.0,59.93055555555556,19.97685185185185
Médecins Sans Vacances,msv,National NGO,37.5,66.66666666666667,85.0,63.055555555555564
Nadji.Bi Sénégal SUARL,sn-ninea-50255162x2,Private Sector,0.0,0.0,60.27777777777778,20.09259259259259
NAGAAD,nagaad,National NGO,0.0,0.0,83.33333333333333,27.777777777777775
Nairobi Climate Network,theclimatenetwork,National NGO,0.0,0.0,0.0,0.0
"Namati, Inc",namati_inc,International NGO,0.0,0.0,0.0,0.0
National Democratic Institute for International Affairs,ndi,International NGO,0.0,0.0,51.111111111111114,17.037037037037038
National Foundation for Educational Research,nfer,"Academic, Training and Research",25.0,20.0,59.583333333333336,34.861111111111114
National Union of Women With Disabilities of Uganda,nuwodu,National NGO,0.0,0.0,94.44444444444444,31.48148148148148
Natural Resource Governance Institute (NRGI),nrgi,International NGO,0.0,0.0,0.0,0.0
"Natural Resources Institute, University of Greenwich.",nri,"Academic, Training and Research",0.0,0.0,56.071127946127945,18.69037598204265
Nature and Development Foundation,ndf_fgm,National NGO,0.0,0.0,0.0,0.0
NatureFinance,nf2022,International NGO,0.0,0.0,70.83333333333333,23.61111111111111
Navrongo Health Research Centre,nhrc,"Academic, Training and Research",0.0,0.0,0.0,0.0
Near East Foundation (NEF USA),nef_usa,International NGO,0.0,0.0,0.0,0.0
Near East Foundation Mali (NEF Mali),nef_mali,International NGO,0.0,0.0,0.0,0.0
Near East Foundation UK (NEF UK),nef-uk,International NGO,0.0,0.0,0.0,0.0
Neem Foundation,neem,National NGO,0.0,0.0,0.0,0.0
Neotree,nt_2024,International NGO,37.5,100.0,70.83333333333333,69.44444444444444
Nepal Disabled Human Rights Center,dhrc_nepal,National NGO,0.0,0.0,66.52777777777777,22.175925925925924
Nepal Netra Jyoti Sangh,nnjs_nepal,National NGO,0.0,0.0,0.0,0.0
Nesta,nesta,Other Public Sector,0.0,0.0,0.0,0.0
Netherlands - Ministry of Foreign Affairs,minbuza_nl,Government,100.0,64.33333333333333,86.8830446529852,83.73879266210618
Netherlands Advisory Board on Impact Investing,thenab,National NGO,12.5,0.0,71.25,27.916666666666668
Netherlands Commission for Environmental Assessment,ncea,Foundation,25.0,11.0,72.83950617283949,36.279835390946495
Netherlands Enterprise Agency (RVO),rvo,Government,100.0,3.0,83.7979646720383,62.265988224012766
Netherlands Food Partnership,nfp,Foundation,12.5,0.0,83.88888888888889,32.129629629629626
Netherlands Institute for Multiparty Democracy (NIMD),nimd-hq,International NGO,50.0,83.33333333333333,71.34395424836602,68.2257625272331
Netherlands Organisation for Scientific Research (NWO),nwo,Government,0.0,0.0,75.18518518518519,25.06172839506173
Netherlands Red Cross,nlrc,International NGO,62.5,1.3333333333333333,77.00387433503965,46.945735889457666
Netherlands Space Office,nso,"Academic, Training and Research",0.0,0.0,0.0,0.0
Netherlands Water Partnership,nwp,Foundation,0.0,0.0,0.0,0.0
Network for Africa,network4africa,International NGO,0.0,0.0,0.0,0.0
Network For Enterprise Enhancement and Development Support,needs,National NGO,0.0,0.0,0.0,0.0
Nevadic Limited,nvd_12,Private Sector,0.0,0.0,0.0,0.0
New Digital Trade Coalition Inc.,new_digital_trade_coalition,National NGO,0.0,0.0,0.0,0.0
New York University,nyu,"Academic, Training and Research",0.0,0.0,0.0,0.0
New Zealand - Ministry of Foreign Affairs and Trade - New Zealand Aid Programme,mfat,Government,100.0,23.333333333333332,77.60091210979114,66.97808181437482
NGO Federation of Nepal,nfn,National NGO,0.0,0.0,0.0,0.0
Ngo-federatie (Vlaamse federatie van ngo's voor ontwikkelingssamenwerking),ngo-federatie,National NGO,25.0,66.66666666666667,80.55555555555556,57.40740740740741
Niger Delta Stakeholders Initiative for Community Development and Empowerment,ndsicde,National NGO,25.0,0.0,79.86111111111111,34.9537037037037
NIRAS Group (UK) Limited,niras_uk,Private Sector,37.5,64.0,64.14682539682539,55.21560846560846
NKHOMA MISSION HOSPITAL,nmhiati,National NGO,0.0,0.0,0.0,0.0
NLR,nlr,International NGO,0.0,0.0,68.75,22.916666666666668
NLR Indonesia,nlr_indonesia,National NGO,0.0,0.0,0.0,0.0
Non-Timber Forest Products Exchange Programme,ntfp-ep,Regional NGO,0.0,0.0,77.97619047619047,25.99206349206349
Nonviolent Peaceforce South Sudan,npss,International NGO,37.5,0.0,74.67592592592592,37.391975308641975
Norad - Norwegian Agency for Development Cooperation,norad,Government,50.0,76.33333333333333,86.93746747065143,71.09026693466159
NORSAAC,norsaac,National NGO,12.5,0.0,86.11111111111111,32.870370370370374
Northern Ireland Cooperation Overseas Ltd,nico,Other Public Sector,0.0,0.0,0.0,0.0
Northern Network for Education Development,nned,National NGO,0.0,0.0,57.80555555555556,19.26851851851852
Northern Rangelands Trust,nrt-kenya,National NGO,0.0,0.0,0.0,0.0
Norwegian People's Aid,npa,International NGO,62.5,33.333333333333336,77.36111111111111,57.73148148148149
Norwegian Refugee Council,nrc,International NGO,87.5,28.666666666666668,71.72435897435898,62.63034188034188
"NpM, Platform for Inclusive Finance",npm,National NGO,0.0,0.0,70.37037037037037,23.456790123456788
Nuffic,nuffic20171017,"Academic, Training and Research",50.0,0.0,74.86111111111111,41.620370370370374
Nutrition International,nutritionintl,International NGO,0.0,0.0,0.0,0.0
Obodo Centre for Advocacy and Equal Rights,obodo_ng,National NGO,12.5,0.0,65.83333333333333,26.11111111111111
OCHA Country Based Pooled Funds,unocha-cbpf,Multilateral,100.0,66.66666666666667,82.50142536805909,83.05603067824192
ODI Global,odi,"Academic, Training and Research",37.5,58.333333333333336,83.34668803418803,59.72667378917379
ODI Global Advisory Ltd,odi_sales_ltd,"Academic, Training and Research",0.0,0.0,81.77083333333333,27.256944444444443
OECD,oecd,Multilateral,25.0,0.0,76.38888888888889,33.7962962962963
Office for National Statistics,ons,Government,25.0,0.0,85.41666666666667,36.80555555555556
Okapi Consulting,okapiconsulting,International NGO,0.0,0.0,47.77777777777778,15.925925925925926
Olamma Cares Foundation,olammacares,National NGO,0.0,0.0,0.0,0.0
Omidyar Network Fund Inc.,omidyarnetwork,Foundation,0.0,0.0,0.0,0.0
One Acre Fund,oneacrefund,International NGO,0.0,0.0,67.36111111111111,22.453703703703706
One to One Children's Fund,onetoonecf,International NGO,0.0,0.0,0.0,0.0
One Young World,oyw,National NGO,0.0,0.0,62.361111111111114,20.787037037037038
ONG ALCRER,alcrer-1,National NGO,0.0,0.0,0.0,0.0
Open Capital Advisors,oca,Private Sector,0.0,0.0,0.0,0.0
openmindedly,openmindedly,Private Sector,0.0,0.0,0.0,0.0
OpenNorth,opennorth,International NGO,0.0,0.0,0.0,0.0
Opportunity International Savings and Loans Ltd,oisl_gh,Private Sector,0.0,0.0,70.83333333333333,23.61111111111111
Opportunity International UK,opportunity-international-uk,International NGO,0.0,0.0,72.02777777777777,24.009259259259256
Options Consultancy Services,options,Private Sector,62.5,33.333333333333336,82.23484848484847,59.3560606060606
Orbis Africa,orbis_africa,International NGO,0.0,0.0,0.0,0.0
Orbis Charitable Trust,orbis_uk,International NGO,0.0,0.0,0.0,0.0
Orbis Ethiopia,orbis_ethiopia,National NGO,0.0,0.0,0.0,0.0
Orbis International,orbis_international,International NGO,0.0,0.0,0.0,0.0
Organizacion para la Educacion y Proteccion Ambiental -OpEPA-,opepa,National NGO,0.0,0.0,58.05555555555556,19.35185185185185
OurLoop Stitchting,loop,Foundation,0.0,0.0,70.83333333333333,23.61111111111111
Outreach Egypt,outreach_egypt,Private Sector,0.0,0.0,0.0,0.0
Oxfam America,oxfamus,International NGO,0.0,0.0,60.60188843359526,20.20062947786509
Oxfam Australia,oau,International NGO,0.0,0.0,70.63174907644216,23.543916358814055
Oxfam GB,oxfamgb,International NGO,62.5,0.0,72.36910029498526,44.95636676499509
Oxfam IBIS,ibis_denmark,International NGO,87.5,50.0,74.92096560846561,70.8069885361552
Oxfam India,oxfamindia,National NGO,0.0,0.0,0.0,0.0
Oxfam Intermón,oxfamintermon,International NGO,0.0,0.0,72.19135802469135,24.06378600823045
Oxfam Novib,onl,International NGO,100.0,24.0,82.27804974780548,68.75934991593516
Oxfam Solidarité-Solidariteit,oxsol,National NGO,25.0,66.66666666666667,80.55555555555556,57.40740740740741
Oxfam Wereldwinkels,oww,National NGO,25.0,66.66666666666667,86.11111111111111,59.25925925925926
Oxfam-Magasins du monde (omdm),omdm,National NGO,37.5,66.66666666666667,84.02777777777777,62.73148148148149
Oxfam-Quebec,oqc,International NGO,0.0,0.0,85.41666666666667,28.472222222222225
Oxford Policy Management,opml,Private Sector,0.0,9.333333333333334,68.48304473304474,25.938792688792688
Pact,pact,International NGO,0.0,0.0,63.41374269005848,21.137914230019494
Pakistan Institute of Living & Learning,pill,National NGO,0.0,0.0,53.333333333333336,17.77777777777778
Palestinian Working Women Society for Development,pwwsd_2022,National NGO,0.0,0.0,80.55555555555556,26.85185185185185
Palladium Europe,palladium_eur,Private Sector,25.0,0.0,77.08333333333333,34.02777777777778
Palladium International Ltd (UK),palladium,Private Sector,62.5,40.0,72.70777091029647,58.402590303432156
Palliative Care Association of Malawi,pacam,National NGO,0.0,0.0,0.0,0.0
Palliative Care Support Trust,pcst,National NGO,0.0,0.0,73.95833333333333,24.652777777777775
Pan Africa ILGA,pai155669,Regional NGO,12.5,0.0,78.47222222222223,30.324074074074076
Pan African Climate Justice Alliance,pacja,International NGO,12.5,0.0,83.00224466891133,31.834081556303776
Panos Institute West Africa (PIWA),ipao,International NGO,0.0,0.0,54.401340996168585,18.133780332056194
Paradigm Initiative,paradigm,International NGO,12.5,0.0,76.38888888888889,29.62962962962963
Parhelion Underwriting Limited,pul,Private Sector,0.0,0.0,62.5,20.833333333333332
Partnership for African Social & Governance Research (PASGR),pasgr,"Academic, Training and Research",0.0,0.0,0.0,0.0
partos,partos_nl,National NGO,25.0,33.333333333333336,80.40674603174602,46.24669312169312
Pastoralist Girls Initiative,pgi_kenya,National NGO,0.0,0.0,0.0,0.0
PATH,_path_,International NGO,0.0,0.0,61.43518518518518,20.478395061728396
Pathfinder International,pathfinder1,International NGO,25.0,0.0,87.43055555555556,37.476851851851855
PATTIRO,pattiro,National NGO,0.0,0.0,0.0,0.0
PAX,pax,International NGO,25.0,0.0,83.30853174603175,36.10284391534392
PCP Uganda Limited,pcp-ug_125289,Private Sector,12.5,0.0,82.5,31.666666666666668
Peace Brigades International,pbi_io,International NGO,0.0,0.0,0.0,0.0
Peace Corp,peace,Government,25.0,0.0,77.03359858532272,34.011199528440905
Peace Direct,peacedirect,International NGO,25.0,50.0,78.81944444444444,51.27314814814815
Peaceful Change initiative,pci,International NGO,25.0,0.0,68.05555555555556,31.01851851851852
PEAS (Promoting Equality in African Schools),peas,International NGO,0.0,0.0,58.65740740740739,19.552469135802465
Penal Reform International,pri,International NGO,0.0,0.0,70.83333333333333,23.61111111111111
People In Aid,peopleinaid,International NGO,0.0,0.0,73.61111111111111,24.537037037037038
People in Need,pin,International NGO,62.5,100.0,71.52777777777777,78.00925925925925
People's Process on Housing and Poverty in Zambia,pphpz,International NGO,0.0,0.0,80.55555555555556,26.85185185185185
Perhimpunan Pengembangan Media Nusantara,ja_ppmn,National NGO,0.0,0.0,78.33333333333333,26.11111111111111
PHASE Nepal,phase-nepal,National NGO,0.0,0.0,0.0,0.0
PHASE Worldwide,phase_worldwide,International NGO,25.0,0.0,72.22222222222223,32.40740740740741
PHYSICIANS ACROSS CONTINENTS (PAC),pac_som,International NGO,0.0,0.0,0.0,0.0
piermarc,piermarc,International NGO,0.0,0.0,59.583333333333336,19.86111111111111
Plan International Belgium,pib,National NGO,37.5,66.66666666666667,85.89065255731923,63.35243974132863
Plan International Finland,planinternationalfinland,International NGO,0.0,0.0,0.0,0.0
Plan International Netherlands,plannlno,International NGO,87.5,5.666666666666667,79.45795724020283,57.54154130228983
Plan International UK,plan_uk,International NGO,87.5,28.333333333333332,71.64737966711651,62.49357100014995
Plan International USA,plan_usa,International NGO,0.0,0.0,0.0,0.0
Plan Ireland Charitable Assistance Limited,plan_ireland,International NGO,0.0,0.0,0.0,0.0
PlanBørnefonden,plb,International NGO,75.0,33.333333333333336,69.76190476190476,59.36507936507937
Plateforme des Acteurs de la Société Civile au BENIN,pascib_benin,National NGO,12.5,0.0,88.88888888888889,33.7962962962963
PONT,pont,International NGO,0.0,0.0,0.0,0.0
Pontis Foundation,pontis,Foundation,0.0,0.0,0.0,0.0
Population Media Center,pmc,International NGO,0.0,0.0,56.18055555555556,18.72685185185185
Population Service International,psi,International NGO,0.0,0.0,68.5515873015873,22.8505291005291
Population Services Kenya,pskenya_19,National NGO,0.0,0.0,66.4108187134503,22.136939571150098
Positive Vibes Trust,pv,International NGO,12.5,0.0,76.06481481481481,29.521604938271604
PositiveNegatives,posneg,Other Public Sector,0.0,0.0,70.83333333333333,23.61111111111111
Power International,power,International NGO,0.0,0.0,70.83333333333333,23.61111111111111
PPAG,ppag_123,National NGO,0.0,0.0,0.0,0.0
PRACTICA Foundation,practica,Foundation,0.0,0.0,0.0,0.0
Practical Action,pa,International NGO,50.0,66.33333333333333,76.1188883259148,64.15074055308271
Pragya India,pragya,National NGO,0.0,0.0,0.0,0.0
Première Urgence Internationale,premiere-urgence,International NGO,12.5,33.333333333333336,63.05555555555556,36.2962962962963
PRI Association,pri_icf,"Academic, Training and Research",0.0,0.0,0.0,0.0
PricewaterhouseCoopers Private Limited India,pwcplindia,Private Sector,25.0,0.0,73.86111111111111,32.9537037037037
Prince Claus Fund,pcf,International NGO,0.0,0.0,62.47222222222222,20.824074074074073
Private Infrastructure Development Group,pidg,Multilateral,25.0,0.0,76.1172754428045,33.70575848093483
PRO-FEMMES TWESE HAMWE,profemmes,National NGO,0.0,66.66666666666667,67.36111111111111,44.675925925925924
Programming Their Future,p-t-f-,"Academic, Training and Research",0.0,0.0,0.0,0.0
Progressio (closed),progressio,International NGO,0.0,0.0,45.867283950617285,15.289094650205762
Project Harar,phe,International NGO,0.0,0.0,0.0,0.0
Projet Jeune Leader,pjl,National NGO,0.0,0.0,62.5,20.833333333333332
Promundo-US,pmo-us,International NGO,25.0,0.0,84.72222222222223,36.574074074074076
Prospero Limited,prospero,National NGO,0.0,0.0,73.47222222222223,24.490740740740744
Protecting Families Against HIV/AIDS,prefa_1,National NGO,0.0,0.0,82.63888888888889,27.546296296296294
PT Arup Indonesia,ptarupidn,Private Sector,0.0,0.0,0.0,0.0
PUBLIC HEALTH FOUNDATION OF INDIA,phfi,National NGO,0.0,0.0,45.55555555555556,15.185185185185185
Public International Law & Policy Group,pilpg,National NGO,0.0,0.0,56.80555555555556,18.935185185185187
Publish What You Fund,pwyf,International NGO,37.5,0.0,64.58333333333333,34.02777777777778
PUM Netherlands,pumnl,International NGO,62.5,0.0,61.65031934768777,41.38343978256259
Pump Aid,pumpaid,International NGO,0.0,0.0,86.66666666666667,28.88888888888889
PwC,pwc,Private Sector,12.5,0.0,70.2199074074074,27.5733024691358
Queen Rania Foundation for Education and Development,qrfed,National NGO,50.0,0.0,59.02777777777778,36.34259259259259
Quinoa,quinoa,National NGO,37.5,66.66666666666667,80.55555555555556,61.574074074074076
Rabo Foundation,rabofoundation,Foundation,0.0,0.0,0.0,0.0
Rabo Partnerships,rabo_partnerships,Private Sector,0.0,0.0,66.46825396825398,22.15608465608466
Radio La Benevolencija,rlb,International NGO,25.0,100.0,88.88888888888889,71.29629629629629
Radios Rurales Internationales,bfrri,National NGO,0.0,0.0,0.0,0.0
Rahnuma-Family Planning Assocation of Pakistan,rfpap,National NGO,0.0,0.0,0.0,0.0
Railway Children,rc,International NGO,0.0,0.0,72.91666666666667,24.305555555555557
Railway Children Africa,rc2africa,National NGO,25.0,0.0,68.05555555555556,31.01851851851852
RAIN Foundation (former),rainfoundation,International NGO,0.0,0.0,69.62962962962963,23.209876543209877
Rainbow Railroad,rr_qfdi,International NGO,0.0,33.0,56.80555555555556,29.935185185185187
Rainforest Action Network,ran,International NGO,0.0,0.0,77.77777777777777,25.925925925925924
Rainforest Foundation UK,rfuk,International NGO,0.0,0.0,0.0,0.0
Rainwater Association of Somalia-RAAS,inforaas,National NGO,0.0,0.0,0.0,0.0
Raleigh International,raleigh_int,International NGO,0.0,0.0,78.125,26.041666666666668
RCN Justice & Démocratie,rcn,National NGO,37.5,66.66666666666667,85.87301587301587,63.34656084656084
Reach Digital Health NPC,rdh,International NGO,50.0,33.333333333333336,65.83333333333333,49.72222222222223
READ Foundation,read-foundation,International NGO,25.0,0.0,74.30555555555556,33.101851851851855
Red Cross Red Crescent Climate Centre,climate_centre,International NGO,0.0,0.0,0.0,0.0
RedOrange Media and Communications,redorange,Private Sector,0.0,0.0,0.0,0.0
RedR UK,redruk,International NGO,0.0,0.0,0.0,0.0
Regional Advisory Information and Network Systems,rains,National NGO,0.0,0.0,74.30555555555556,24.76851851851852
"Rehabilitation, Education and Community Health (REACH)",reach-iraq,National NGO,0.0,0.0,59.65277777777778,19.88425925925926
Relief International France,ri_france,International NGO,12.5,0.0,63.611111111111114,25.37037037037037
Relief International UK,ri-uk,International NGO,0.0,0.0,73.11342592592592,24.371141975308642
Rene Moawad Foundation,rmf-lb,National NGO,25.0,0.0,80.55555555555556,35.18518518518518
Republic of Korea,odakorea,Government,37.5,0.0,0.0,12.5
Resilience,resilience,"Academic, Training and Research",0.0,0.0,0.0,0.0
Resonate! Yemen,rymn,National NGO,0.0,0.0,69.30555555555556,23.10185185185185
Resource Extraction Monitoring,rem,International NGO,0.0,0.0,0.0,0.0
Responsible Mining Foundation,rmf,Foundation,0.0,0.0,0.0,0.0
Restart Center,restartcenter,National NGO,0.0,0.0,54.02777777777778,18.00925925925926
Restless Development,restless,International NGO,62.5,0.0,78.29861111111111,46.932870370370374
Results for Development,r4d,International NGO,75.0,12.0,62.601010101010104,49.86700336700337
Retrak,retrak,International NGO,0.0,0.0,0.0,0.0
Right to Play Netherlands Foundation,rtp,International NGO,0.0,0.0,0.0,0.0
Right To Play UK,rtp_uk,International NGO,37.5,66.66666666666667,72.22222222222223,58.796296296296305
Rights and Resources Initaitive,rri,International NGO,0.0,0.0,63.05555555555556,21.01851851851852
Rijksakademie van beeldende kunsten,rabk,"Academic, Training and Research",12.5,0.0,76.38888888888889,29.62962962962963
Rikolto,rikolto,Foundation,25.0,66.66666666666667,86.34878193701724,59.33848286789464
Rikolto in Belgium,rikolto_belgium,National NGO,0.0,0.0,0.0,0.0
Riverrecycle Oy,riverrecycle,Private Sector,0.0,33.333333333333336,82.63888888888889,38.65740740740741
Rocky Mountain Institute,rmi,International NGO,0.0,0.0,0.0,0.0
Rode Kruis-Vlaanderen Internationaal vzw,rkiv,National NGO,37.5,56.666666666666664,85.87962962962963,60.01543209876544
Rojiroti UK,rojiroti,International NGO,0.0,0.0,0.0,0.0
Romania Ministry of Foreign Affairs,uasd,Government,0.0,0.0,0.0,0.0
Rotary Clubs For Development,rc4d,National NGO,0.0,0.0,0.0,0.0
Royal Botanic Gardens Kew,rbg_kew,"Academic, Training and Research",37.5,100.0,73.33333333333333,70.27777777777777
Royal College of General Practitioners (RCGP),rcgp-international,National NGO,0.0,0.0,0.0,0.0
Royal College of Obstetricians & Gynaecologists,rcog_resilience_in_obstetric_skills,"Academic, Training and Research",0.0,0.0,60.27777777777778,20.09259259259259
Royal National Lifeboat Institution (RNLI),rnli_international,International NGO,37.5,66.66666666666667,68.61111111111111,57.59259259259259
Royal Netherlands Football Association,knvb,Other Public Sector,0.0,0.0,0.0,0.0
Royal Society for the Protection of Birds,rspb_,International NGO,0.0,0.0,0.0,0.0
Royal Society of Tropical Medicine & Hygiene,rstmh,International NGO,0.0,0.0,0.0,0.0
Royal Tropical Institute,kit,International NGO,25.0,0.0,76.73762077294687,33.912540257648956
RUAF Foundation,ruaf,Foundation,0.0,0.0,0.0,0.0
Rutgers,rutgers,International NGO,25.0,0.0,82.92874396135265,35.97624798711755
RWENZORI ANTI CORRUP0TION COALITION,rac-001,Regional NGO,0.0,0.0,0.0,0.0
Sabre Education Limited,sct,International NGO,0.0,0.0,74.30555555555556,24.76851851851852
Saferworld,saferworld,International NGO,0.0,0.0,81.38195716320715,27.12731905440238
Samaritan's Purse UK,spuk,International NGO,0.0,0.0,86.11111111111111,28.703703703703706
Samir Kassir Foundation,skf,National NGO,0.0,0.0,0.0,0.0
Sana'a Center for Strategic Studies,scss,National NGO,0.0,0.0,78.125,26.041666666666668
Satellite Applications Catapult Ltd,satelliteapplicationscatapultltd,Private Sector,0.0,0.0,61.80555555555556,20.60185185185185
Savana Signatures,savsign-org,National NGO,0.0,0.0,0.0,0.0
Save the Children DK,redbarnet,International NGO,75.0,0.0,79.42567567567568,51.47522522522522
Save the Children International,sci,International NGO,0.0,0.0,0.0,0.0
Save the Children Netherlands,scnl,International NGO,62.5,55.333333333333336,80.93144950287807,66.25492761207046
Save the Children UK,scuk,International NGO,37.5,0.0,66.52507215007215,34.67502405002405
SCI Projets Internationaux ASBL_Service Civil International branche belge,scibelgium,National NGO,37.5,66.66666666666667,88.42592592592592,64.19753086419753
Science for Africa Foundation,sfa_foundation,International NGO,0.0,0.0,0.0,0.0
Scotland's International Development Alliance,sinda,Regional NGO,12.5,66.66666666666667,77.08333333333333,52.083333333333336
Scottish Catholic International Aid Fund (SCIAF),sciaf,International NGO,75.0,0.0,77.36111111111111,50.78703703703704
"SDSN Association, Inc.",sdsna,International NGO,0.0,0.0,0.0,0.0
Search for Common Ground (SFCG),sfcg,International NGO,37.5,66.66666666666667,79.29563492063491,61.154100529100525
SECOURS CATHOLIQUE - CARITAS FRANCE,sccf,International NGO,0.0,15.666666666666666,69.29746350557795,28.321376724081542
Secrétariat de Concertation des Organisations Non Gouvernementales Maliennes,seco-ong-mali,National NGO,12.5,0.0,88.88888888888889,33.7962962962963
Secrétariat Permanent des Organisation non-gouvernementales du Burkina Faso (SPONG-BURKINA),spong-burkina,National NGO,0.0,0.0,0.0,0.0
Seefar,seefar,Private Sector,0.0,0.0,60.06944444444444,20.02314814814815
Seefar Foundation,seefarfoundation,International NGO,0.0,0.0,0.0,0.0
SeeYou Foundation,syf,International NGO,12.5,0.0,79.16666666666667,30.555555555555557
Sehat Kahani (Community Innovation Hub),sehatkahanicih,Private Sector,0.0,0.0,65.83333333333333,21.944444444444443
Self Help Africa,self-help-africa,International NGO,0.0,0.0,0.0,0.0
Send a Cow,sendacow,International NGO,0.0,0.0,68.85416666666667,22.95138888888889
Send a Cow Ethiopia,sacethiopia,National NGO,0.0,0.0,0.0,0.0
Send a Cow Kenya,sac_kenya,National NGO,0.0,0.0,0.0,0.0
Send a Cow Uganda,sacu,National NGO,0.0,0.0,0.0,0.0
Sense International,sense_international,International NGO,0.0,0.0,77.11538461538461,25.705128205128204
Sensorial Handicap Cooperation,shc,"Academic, Training and Research",37.5,50.0,84.25925925925927,57.25308641975309
Sexual Reproductive Health and Rights Africa Trust,srhr_africa_trust,Regional NGO,12.5,0.0,69.0530303030303,27.184343434343432
Shack Dwellers International - Kenya,sdi-k,National NGO,0.0,0.0,80.55555555555556,26.85185185185185
Sharkit Al Manhajyah Lelestsharat Al Tasweeqyeh,mset,Private Sector,0.0,0.0,0.0,0.0
ShelterBox,shelterbox,International NGO,0.0,0.0,0.0,0.0
Shifa Tameer-e-Millat University,stmu01,"Academic, Training and Research",0.0,0.0,0.0,0.0
Shift Project Ltd.,shiftproject,International NGO,0.0,0.0,46.25,15.416666666666666
Shirkat Gah-Women's Resource Centre,shirkatgah,National NGO,0.0,0.0,71.38888888888889,23.796296296296294
Shortlist Professionals Limited,shortlistogti,Private Sector,0.0,0.0,79.86111111111111,26.62037037037037
Shtrii Shakti,shtrii_shakti,National NGO,0.0,0.0,0.0,0.0
Sightsavers,ss-org,International NGO,0.0,0.0,83.15166197426208,27.71722065808736
Signal,signal,International NGO,0.0,0.0,77.08333333333333,25.694444444444443
SIHA Network,siharegional,Regional NGO,12.5,0.0,90.27777777777777,34.25925925925926
SIHA-South Sudan,siha-southsudan,National NGO,0.0,0.0,83.33333333333333,27.777777777777775
siiqqee Women's Development Association,swda,National NGO,12.5,0.0,91.66666666666667,34.72222222222222
Silsab Foundation,silsab1-_,National NGO,0.0,0.0,54.02777777777778,18.00925925925926
Simavi,simavi,Foundation,25.0,0.0,0.0,8.333333333333334
Simprints,simprints,International NGO,0.0,0.0,0.0,0.0
Siren Associates,siren,Private Sector,0.0,0.0,0.0,0.0
Sisonke National Sex Workers Movement,sisonke,National NGO,0.0,0.0,78.37962962962962,26.12654320987654
Slovenia - Ministry of Foreign Affairs,si-mfa,Government,0.0,0.0,63.05555555555556,21.01851851851852
Slum Dwellers International,sdi-int,International NGO,0.0,0.0,77.77777777777777,25.925925925925924
Small International Development Charities Network,sidcn,National NGO,0.0,0.0,0.0,0.0
Smart Villages Research Group,svrg,Private Sector,0.0,0.0,54.02777777777778,18.00925925925926
SMC-Faith in Development,smc,National NGO,0.0,0.0,0.0,0.0
SNV Netherlands Development Organisation,snv,International NGO,37.5,0.0,0.0,12.5
Sociaal-Economische Raad,ser,Other Public Sector,12.5,0.0,67.70833333333333,26.73611111111111
Social Accountability International,social_accountability_international,International NGO,0.0,0.0,50.55555555555556,16.85185185185185
Social Development Direct Limited,sddirect,Private Sector,37.5,0.0,68.88809749920861,35.46269916640287
"Social Fund for Development, Yemen",sfd-yemen,Other Public Sector,0.0,66.66666666666667,74.30555555555556,46.99074074074074
Social Impact Lab CIC,simlab,International NGO,0.0,0.0,59.166666666666664,19.72222222222222
Social Watch Benin,swb_1,National NGO,0.0,0.0,0.0,0.0
Society For Promotion of Area Resource Centres,sparc_iati,National NGO,12.5,66.66666666666667,65.27777777777777,48.14814814814815
Société Nationale des eaux du Bénin (SONEB),soneb-benin,Other Public Sector,0.0,0.0,0.0,0.0
Solar Cooling Engineering GmbH,sce-gmbh,Private Sector,37.5,0.0,0.0,12.5
SolarNow Services (U) Ltd,solarnowsofa,Private Sector,0.0,0.0,69.33333333333333,23.11111111111111
Solidagro,solidagro_admin,"Academic, Training and Research",37.5,66.66666666666667,85.07936507936508,63.08201058201058
Solidar Suisse,solidarsuisse,International NGO,12.5,0.0,0.0,4.166666666666667
Solidaridad,solidaridad,International NGO,25.0,0.0,82.48989629197963,35.829965430659875
Solidaridad Europe,solidaridad-europe,International NGO,0.0,0.0,0.0,0.0
Solidaridad South & South-East Asia,solidaridad-ssea,International NGO,0.0,0.0,0.0,0.0
Solidaridad West Africa,solidaridad-waf,International NGO,0.0,0.0,0.0,0.0
Solsoc,solsoc,National NGO,37.5,66.66666666666667,84.25925925925927,62.80864197530864
Soluciones en Legislación y Política Ambiental AC,polea,National NGO,0.0,0.0,0.0,0.0
Somali Community Concern,scc_2025,National NGO,0.0,0.0,0.0,0.0
Somali Women Vision,swvsom,National NGO,0.0,0.0,0.0,0.0
Sonke Gender Justice,sjg,International NGO,25.0,0.0,86.18055555555556,37.06018518518518
SOS Children's Villages Kenya,soscvkenya,International NGO,0.0,0.0,0.0,0.0
SOS Children's Villages The Netherlands,sosnl,Foundation,62.5,0.0,82.03042328042328,48.176807760141095
SOS FAIM - SOS HUNGER,sosfaim,National NGO,37.5,54.0,83.3080808080808,58.26936026936027
SOS Kinderdorpen België / SOS Villages d'Enfants Belgique,svdbskb_admin,International NGO,0.0,50.0,68.05555555555556,39.351851851851855
SOS Sahel International UK,sossaheluk,International NGO,0.0,0.0,0.0,0.0
SOS Sahel Sudan,sosss_admin,National NGO,0.0,0.0,76.38888888888889,25.462962962962962
Soul City Institute,sci2025,National NGO,25.0,33.333333333333336,72.08333333333333,43.47222222222222
Sound Seekers Limited,soundseekers,International NGO,0.0,0.0,0.0,0.0
South African Network of People who Use Drugs,sanpud,National NGO,12.5,0.0,78.37962962962962,30.293209876543205
South West International Development Network,swidn,"Academic, Training and Research",0.0,0.0,0.0,0.0
Southeast Asia Freedom of Expression Network (SAFEnet),safenet,National NGO,12.5,100.0,68.61111111111111,60.370370370370374
Southern African Catholic Bishops' Conference Aids Office,sacbc,Regional NGO,0.0,0.0,57.91666666666667,19.305555555555557
SouthSouthNorth,ssn,International NGO,62.5,13.333333333333334,68.12423687423687,47.985856735856736
Sowt podcasting and training L.L.C,sowt,Private Sector,0.0,0.0,83.33333333333333,27.777777777777775
Spain - Ministry of Foreign Affairs and Cooperation,maec,Government,0.0,0.0,0.0,0.0
Spanish Agency for International Development Cooperation (AECID),aecid,Government,0.0,0.0,80.83333333333333,26.944444444444443
SPARK,spark,International NGO,12.5,0.0,79.86111111111111,30.787037037037038
Special Hope Network,shn,International NGO,0.0,0.0,0.0,0.0
Stakeholder Democracy Network,sdn,International NGO,0.0,0.0,0.0,0.0
STAR-Ghana Foundation,star_ghanafoundation,Foundation,0.0,0.0,70.13888888888889,23.37962962962963
Stars Foundation,starsfoundation,Foundation,0.0,0.0,60.27777777777778,20.09259259259259
Start Network,start-network,International NGO,0.0,0.0,67.36111111111111,22.453703703703706
Stellenbosch University,su-impala,"Academic, Training and Research",0.0,0.0,0.0,0.0
Stiching Cardano Development,stichting_cd,Foundation,0.0,0.0,0.0,0.0
Stichting ActionAId,aanl,International NGO,0.0,0.0,86.11111111111111,28.703703703703706
Stichting Aflatoun International,aflatoun,International NGO,0.0,0.0,0.0,0.0
Stichting Agriterra,agriterra,Foundation,25.0,87.66666666666667,85.59169278996865,66.08611981887844
Stichting Aidenvironment,aidenvironment,Foundation,0.0,0.0,0.0,0.0
Stichting Beheer Subsidiegelden DRA,stichting-subsidiegelden-dra,International NGO,50.0,33.333333333333336,86.11111111111111,56.48148148148149
Stichting Deltares,deltares,Foundation,0.0,0.0,0.0,0.0
Stichting Fern,stichtingfern,International NGO,37.5,4.666666666666667,72.67316017316018,38.27994227994228
Stichting fondsbeheer DGGF lokaal MKB,dggf_financing_local_smes,Foundation,37.5,30.666666666666668,67.7361010859433,45.30092258420333
Stichting Health Action International,hai,Foundation,25.0,0.0,88.19444444444444,37.73148148148148
Stichting Humana,humana_houben,International NGO,0.0,0.0,60.138888888888886,20.046296296296294
Stichting Kinderpostzegels Nederland,skn,International NGO,0.0,0.0,0.0,0.0
Stichting Leprazending Nederland - The Leprosy Mission Netherlands,leprazending-tlm-nl,Foundation,12.5,0.0,77.25694444444444,29.91898148148148
Stichting Liliane Fonds,slf,National NGO,37.5,0.0,95.37698412698413,44.292328042328045
Stichting Mayday Rescue Foundation,maydayrescue,Foundation,0.0,0.0,59.02777777777778,19.675925925925927
Stichting Nederlands Instituut voor Internationale Betrekkingen 'Clingendael',clingendael,"Academic, Training and Research",0.0,0.0,75.625,25.208333333333332
Stichting Onderzoek Multinationale Ondernemingen (SOMO),somo,"Academic, Training and Research",62.5,0.0,83.61111111111111,48.7037037037037
Stichting Red een Kind,redeenkind,International NGO,25.0,0.0,73.00925925925925,32.66975308641975
Stichting RNW Media,rnw_org,International NGO,25.0,0.0,74.99999999999999,33.33333333333333
Stichting Vluchteling,st_vluchteling,International NGO,75.0,43.333333333333336,88.29906204906206,68.87746512746513
Stichting VSO Nederland,vso_nl,International NGO,12.5,0.0,95.37698412698413,35.95899470899471
Stichting Wilde Ganzen/ IKON,nl_wg,National NGO,12.5,0.0,86.9047619047619,33.13492063492063
Stichting Wings For Aid Foundation,wfaf,Foundation,0.0,0.0,0.0,0.0
Stichting Woord en Daad,w-d,International NGO,50.0,0.0,78.22916666666667,42.743055555555564
Stockholm International Water Institute,siwi,International NGO,0.0,0.0,86.11111111111111,28.703703703703706
Stonewall Equality Limited,stonewa11,International NGO,12.5,100.0,0.0,37.5
Street Child,street_child,International NGO,0.0,0.0,70.13888888888889,23.37962962962963
StreetInvest,si,International NGO,0.0,0.0,0.0,0.0
Stromme Foundation,stromme_ug,National NGO,0.0,0.0,0.0,0.0
Studies & Economic Media Center (SEMC),semc-yemen,National NGO,0.0,0.0,0.0,0.0
Studio Globo,sg,"Academic, Training and Research",37.5,66.66666666666667,83.33333333333333,62.5
Sub-Sahara Advisory Panel,ssap,National NGO,25.0,66.66666666666667,69.30555555555556,53.65740740740741
SUGAS GLOBAL AGRO LTD,sgal,Private Sector,0.0,0.0,0.0,0.0
Support Trust for Africa Development (STAD),stad,International NGO,0.0,0.0,0.0,0.0
Survivors Fund (SURF),surf,International NGO,0.0,0.0,60.416666666666664,20.13888888888889
Sustainable Development Institute,sdi,Regional NGO,0.0,0.0,78.58796296296296,26.195987654320987
Sustainable Hospitality Alliance,sha,International NGO,0.0,0.0,65.27777777777777,21.759259259259256
Sustainable Livelihoods Foundation,sustainable_livelihoods_foundation,International NGO,0.0,0.0,0.0,0.0
"Sweden, through Swedish International Development Cooperation Agency (Sida)",sida,Government,100.0,60.333333333333336,83.53807320289002,81.29046884540779
Swedish Committee for Afghanistan,sca_afghanistan,International NGO,0.0,0.0,0.0,0.0
Swisscontact,swisscontact,International NGO,12.5,0.0,88.88888888888889,33.7962962962963
Switzerland - Swiss Agency for Development and Cooperation (SDC),sdc_ch,Government,37.5,0.0,69.89369366269953,35.79789788756651
Sympany+,simone_sympany,International NGO,0.0,0.0,0.0,0.0
Synergie des Femmes pour la Paix et la Réconciliation des Peuples des Grands Lacs d'Afrique,spr,Regional NGO,0.0,0.0,78.24074074074073,26.080246913580243
Synergía - Initiatives for Human Rights,synergiaihr,International NGO,0.0,0.0,59.81481481481481,19.93827160493827
Syria Justice and Accountability Centre (SJAC),sjac,National NGO,12.5,0.0,0.0,4.166666666666667
Syria Relief,sr,National NGO,0.0,0.0,55.27777777777778,18.425925925925927
TAG International Development Limited,taginternational,Private Sector,0.0,0.0,63.05555555555556,21.01851851851852
Talent Acceleration Platform (TAP),tap,Private Sector,12.5,0.0,0.0,4.166666666666667
Tameer-e-Khalaq Foundation,tkf1234,National NGO,0.0,0.0,68.05555555555556,22.685185185185187
Tanager,tan,International NGO,12.5,0.0,80.41666666666667,30.972222222222225
Target TB,targettb,International NGO,0.0,0.0,0.0,0.0
Tax Justice Network,tjn,International NGO,0.0,0.0,0.0,0.0
TB Alert,tbalert,International NGO,0.0,0.0,79.86111111111111,26.62037037037037
Teach A Man To Fish,tamtf,International NGO,0.0,0.0,0.0,0.0
Teach For Pakistan,tfp,National NGO,0.0,0.0,70.83333333333333,23.61111111111111
TEAR fund Nederland,tear,National NGO,75.0,66.66666666666667,78.36965811965811,73.3454415954416
Tearfund,tearfund,International NGO,75.0,27.666666666666668,68.67063492063491,57.11243386243385
Tearfund VZW (TFBE),tfb_admin1,National NGO,0.0,0.0,0.0,0.0
Tech2Peace,t2p,National NGO,12.5,0.0,73.81944444444444,28.77314814814815
Technische Universiteit Delft,nl_tud,"Academic, Training and Research",0.0,0.0,56.80555555555556,18.935185185185187
TechnoServe,tns,International NGO,25.0,25.0,77.02546296296296,42.34182098765432
Terre des Hommes Netherlands,tdh_nl,International NGO,25.0,91.0,75.86710666980429,63.9557022232681
Terre des hommes- Aide à l'enfance dans le monde- Fondation,tdh_foundation,International NGO,0.0,0.0,72.5,24.166666666666668
The Access to Nutrition Foundation,atnf,International NGO,0.0,0.0,60.981481481481474,20.327160493827158
The Asia Foundation,taf,International NGO,0.0,0.0,67.45833333333333,22.48611111111111
The Carter Center,carter-center,International NGO,0.0,0.0,0.0,0.0
the center for victimized women and children,cavwoc,National NGO,0.0,0.0,0.0,0.0
The Centre for Economic Governance and Accountability in Africa  (CEGAA),cegaa,National NGO,0.0,0.0,74.15674603174602,24.71891534391534
The Climate Change Organisation,climate-group,International NGO,0.0,0.0,0.0,0.0
The Coca-Cola Export Corporation,tccec,Private Sector,0.0,0.0,0.0,0.0
The Commonwealth Secretariat,commonwealthsecretariat,Multilateral,50.0,0.0,0.0,16.666666666666668
The Conflict and Environment Observatory,ceobs,National NGO,0.0,0.0,64.58333333333333,21.527777777777775
The Convention on Business Integrity,cbi-nigeria,International NGO,0.0,0.0,0.0,0.0
The Education Commission,educomm,"Academic, Training and Research",0.0,0.0,56.25,18.75
The Faraday Institution,thefaradayinstitution,"Academic, Training and Research",0.0,0.0,54.02777777777778,18.00925925925926
The Foundation Center,foundation_center,International NGO,0.0,0.0,0.0,0.0
The Fred Hollows Foundation (UK),fhfuk,International NGO,0.0,0.0,0.0,0.0
The Freedom Fund,tff,International NGO,0.0,0.0,76.38888888888889,25.462962962962962
The Freedom Fund (US),tffus,International NGO,0.0,0.0,0.0,0.0
The Global Alliance for Improved Nutrition,gain,International NGO,62.5,0.0,72.49471221484085,44.99823740494694
The Global Center on Adaptation,gca,International NGO,12.5,0.0,68.5185185185185,27.006172839506167
"The Global Development Incubator, Inc",gdi,International NGO,0.0,0.0,67.36111111111111,22.453703703703706
The Global Forum on MSM & HIV (MSMGF),msmgf,International NGO,0.0,0.0,66.38888888888889,22.12962962962963
"The Global Fund to Fight AIDS, Tuberculosis and Malaria",theglobalfund,Multilateral,87.5,83.33333333333333,88.53306855693168,86.455467296755
The Global Initiative Against Transnational Organized Crime,gi-toc,Other Public Sector,12.5,100.0,83.33333333333333,65.27777777777777
the global steering group for impact investment,gsg,International NGO,0.0,0.0,65.27777777777777,21.759259259259256
The HALO Trust,halo,International NGO,75.0,0.0,64.03888888888889,46.346296296296295
The Hunger Project Bangladesh,thpdb,International NGO,0.0,0.0,0.0,0.0
The Hunger Project Netherlands,thp_org,International NGO,75.0,0.0,82.87037037037037,52.62345679012346
The Institute for Strategic Dialogue,isdglobal,"Academic, Training and Research",0.0,0.0,0.0,0.0
The International Children's Trust,theict,International NGO,0.0,0.0,63.05555555555556,21.01851851851852
The International Institute for Strategic Studies,iiss,"Academic, Training and Research",0.0,0.0,70.83333333333333,23.61111111111111
The International Institute for Sustainable Development,iisd,International NGO,50.0,66.66666666666667,82.63888888888889,66.43518518518518
The International Rescue Committee,irc_inc,International NGO,62.5,36.333333333333336,78.03467895516218,58.956004096165174
The Kvinna till Kvinna Foundation - Head Office,ktk_ho,International NGO,12.5,0.0,0.0,4.166666666666667
The Lebanese Organisation for Studies and Training,rabi3,National NGO,0.0,0.0,0.0,0.0
The Leprosy Mission England and Wales,tlmew,International NGO,62.5,0.0,68.99305555555556,43.83101851851851
THE LEPROSY MISSION INTERNATIONAL,tlm_io,International NGO,0.0,0.0,63.05555555555556,21.01851851851852
The Leprosy Mission Nepal,tlmnepal,National NGO,25.0,0.0,66.45833333333333,30.48611111111111
The Leprosy Mission Trust India,tlmti,National NGO,0.0,0.0,0.0,0.0
The Liaison Office,tlo,National NGO,0.0,0.0,0.0,0.0
The Mailman School of Public Health,mailman_school_of_public_health,"Academic, Training and Research",0.0,0.0,59.02777777777778,19.675925925925927
The MENTOR Initiative,the_mentor_initiative,International NGO,0.0,0.0,79.86111111111111,26.62037037037037
The National Association of Municipalities of Benin (ANCB),ancb_benin,National NGO,0.0,0.0,0.0,0.0
The OPEC Fund for International Development (OFID),ofid,Multilateral,0.0,0.0,0.0,0.0
The Open University,open_university,"Academic, Training and Research",25.0,0.0,77.31481481481481,34.10493827160494
The Palestinian Initiative for the Promotion of Global Dialogue and Democracy-MIFTAH,miftah,National NGO,12.5,0.0,86.11111111111111,32.870370370370374
The Pirbright Institute,pirbright_institute,"Academic, Training and Research",0.0,0.0,0.0,0.0
"The Population Council, Inc.",populationcouncil,"Academic, Training and Research",12.5,0.0,61.80555555555556,24.76851851851852
The Power of Nutrition,the_power_of_nutrition,Foundation,0.0,0.0,58.541666666666664,19.51388888888889
The Princess Alia Foundation,paf_2018,Foundation,0.0,0.0,0.0,0.0
The Proforest Initiative UK,pi-uk,"Academic, Training and Research",0.0,0.0,0.0,0.0
The Queen Elizabeth Diamond Jubilee Trust,qedjt,Foundation,0.0,0.0,68.05555555555556,22.685185185185187
The Royal United Services Institute for Defence and Security Studies,rusi,National NGO,0.0,0.0,0.0,0.0
The Salvation Army International Development UK,said-uk,International NGO,0.0,0.0,0.0,0.0
The Uganda Association of Women Lawyers ( FIDA Uganda),fidauganda,National NGO,0.0,0.0,83.33333333333333,27.777777777777775
The United Nations Relief and Works Agency for Palestine Refugees in the Near East (UNRWA),unrwa,Multilateral,25.0,0.0,32.40679673903087,19.135598913010288
The University of Aberdeen,uoa,"Academic, Training and Research",0.0,66.66666666666667,79.86111111111111,48.84259259259259
"The University of Dodoma (UDOM), Tanzania",udom,"Academic, Training and Research",0.0,0.0,0.0,0.0
The University of Manchester,uom,"Academic, Training and Research",0.0,0.0,71.94444444444443,23.981481481481477
The University of Oxford,oxford,"Academic, Training and Research",75.0,18.666666666666668,57.77777777777777,50.48148148148149
The University of Sheffield,tuos,"Academic, Training and Research",0.0,0.0,62.5,20.833333333333332
The Wildfowl and Wetlands Trust,gb-chc-1030884,International NGO,0.0,66.66666666666667,56.80555555555556,41.15740740740741
The William and Flora Hewlett Foundation,hewlett-foundation,Foundation,100.0,0.0,71.73139224079263,57.24379741359754
The World Bank,worldbank,Multilateral,100.0,74.33333333333333,85.09841766778186,86.47725033370506
Theatre for a Change Malawi,tfacmalawi,National NGO,0.0,0.0,0.0,0.0
Theatre for a Change UK,tfac,International NGO,0.0,0.0,0.0,0.0
Think Equal UK,thinkequal,Other Public Sector,0.0,0.0,0.0,0.0
Third World Network Africa,twnafrica,Regional NGO,0.0,0.0,94.44444444444444,31.48148148148148
Thomson Reuters Foundation,trf,Foundation,0.0,33.333333333333336,62.083333333333336,31.805555555555557
Tifa Foundation,tifa_foundation,National NGO,0.0,0.0,72.08333333333333,24.027777777777775
Timber Trade Federation Ltd.,ttf,Private Sector,0.0,0.0,0.0,0.0
Timidria,timidria,National NGO,0.0,0.0,58.05555555555556,19.35185185185185
Trademark Africa,tma,Regional NGO,0.0,0.0,66.38888888888889,22.12962962962963
TRAFFIC International,traffic,"Academic, Training and Research",0.0,0.0,0.0,0.0
Traidcraft Exchange,traidcraft,International NGO,37.5,0.0,0.0,12.5
TRAIDE Foundation,traide_foundation,Foundation,12.5,0.0,72.08333333333333,28.194444444444443
Transform Africa,transafrica19,International NGO,0.0,0.0,0.0,0.0
transforma,transforma,National NGO,0.0,0.0,58.19444444444444,19.39814814814815
Transition International,ti_nl,Government,0.0,33.333333333333336,85.41666666666667,39.583333333333336
Transnational Institute,tni,Foundation,25.0,0.0,86.11111111111111,37.03703703703704
Transparency International Bangladesh,tib,National NGO,62.5,0.0,0.0,20.833333333333332
Transparency International Kenya,ti_kenya,National NGO,0.0,0.0,0.0,0.0
Transparency International UK,ti-uk,International NGO,25.0,0.0,68.75,31.25
Transparently Lebanese,transparently_lebanese,National NGO,0.0,0.0,52.5,17.5
TREE AID,treea,International NGO,0.0,0.0,72.22222222222223,24.074074074074076
TRIAL International,trial,International NGO,0.0,0.0,67.36111111111111,22.453703703703706
Triangle Génération Humanitaire,tgh,International NGO,0.0,0.0,0.0,0.0
Trianglen,trianglen,National NGO,0.0,0.0,81.6358024691358,27.2119341563786
Trias,trias,National NGO,37.5,66.66666666666667,86.5954415954416,63.58736942070275
Triggerise Ethiopia,trig,International NGO,25.0,0.0,76.94444444444444,33.98148148148148
Triple Line,tripleline_crownagents,Private Sector,0.0,0.0,52.28153257369811,17.427177524566037
Trocaire,trocaire,International NGO,62.5,66.66666666666667,75.34722222222223,68.1712962962963
Trocaire (Northern Ireland),troc,International NGO,62.5,0.0,79.86111111111111,47.4537037037037
Tropenbos International,tbi,International NGO,0.0,0.0,72.52695374800638,24.17565124933546
Tropical Health and Education Trust,tropicalhealth,International NGO,0.0,0.0,68.05555555555556,22.685185185185187
Tropical Health Consulting,thc,Private Sector,12.5,0.0,51.80555555555556,21.435185185185187
Trust for Africa's Orphans,tao-03473165,International NGO,0.0,0.0,0.0,0.0
Trust for Indigenous Culture and Health,ticah,International NGO,0.0,0.0,61.111111111111114,20.37037037037037
TrustAfrica,trustafrica,International NGO,12.5,0.0,85.13071895424837,32.54357298474945
Twaweza,twaweza,Regional NGO,0.0,0.0,49.02777777777778,16.34259259259259
Twin,twin-iati,International NGO,0.0,0.0,61.80555555555556,20.60185185185185
Uganda Martyrs University,umu,"Academic, Training and Research",0.0,0.0,0.0,0.0
Uganda National NGO Forum,ngoforum_01,National NGO,12.5,0.0,56.80555555555556,23.10185185185185
UHAI EASHRI,uhai-eashri,Foundation,25.0,0.0,81.90516273849607,35.63505424616536
"UK - Department for Business, Energy and Industrial Strategy (BEIS)",beis,Government,25.0,0.0,86.18839749888137,37.06279916629379
"UK - Department for Digital, Culture, Media and Sport",dcms,Government,0.0,0.0,86.11111111111111,28.703703703703706
"UK - Department for Environment, Food and Rural Affairs",defra_transparency,Government,100.0,42.666666666666664,82.0515873015873,74.90608465608466
UK - Department for Work and Pensions,dwp,Government,75.0,16.666666666666668,74.88425925925927,55.516975308641975
UK - Department of Health and Social Care (DHSC),dhsc,Government,100.0,79.66666666666667,87.51067286305715,89.05911317657461
"UK - Department of Science, Innovation and Technology",dsit,Government,37.5,26.666666666666668,87.0735524256651,50.413406364110585
"UK - Foreign, Commonwealth and Development Office",fcdo,Government,100.0,56.666666666666664,83.48949892764173,80.05205519810279
UK - Home Office,homeoffice,Government,0.0,0.0,0.0,0.0
UK - Medical Research Council,mrc,Government,0.0,0.0,0.0,0.0
UK - Ministry of Defence,ukmod,Government,0.0,0.0,78.33333333333333,26.11111111111111
UK - Scottish Government,scottish_government,Government,0.0,0.0,0.0,0.0
"UK Department for Energy, Security and Net Zero",desnz,Government,37.5,55.666666666666664,87.98057568438003,60.382414117015564
UK-Ghana Chamber of Commerce,ukgcc,National NGO,0.0,0.0,0.0,0.0
UK-Med,uk-med,International NGO,0.0,0.0,70.94907407407408,23.649691358024693
ULB-Coopération,ulbcoop,National NGO,37.5,66.66666666666667,85.49382716049382,63.220164609053505
UN Global Compact Local Network UK,ungc-uk,Multilateral,0.0,0.0,59.02777777777778,19.675925925925927
UN Pooled Funds,unpf,Multilateral,12.5,0.0,53.77983400776432,22.093278002588107
UN Trade and Development,unctad,Multilateral,25.0,112.66666666666667,85.87962962962965,74.51543209876544
UN Women,unw,Multilateral,12.5,28.333333333333332,83.47512051988332,41.43615128440555
UN-Habitat,unhabitat,Multilateral,0.0,0.0,0.0,0.0
Unicef Belgium National Committee,ub,National NGO,37.5,66.66666666666667,90.47619047619048,64.8809523809524
UNICEF Netherlands National Committee,unicefnl,National NGO,25.0,0.0,0.0,8.333333333333334
Unilever,ul,Public Private Partnership,0.0,0.0,60.27777777777778,20.09259259259259
Union des Villes et Communes de Wallonie (UVCW),uvcw,Other Public Sector,37.5,66.66666666666667,84.72222222222223,62.96296296296297
Union of Agricultural Work Committees,uawc,National NGO,0.0,0.0,0.0,0.0
UNITAID,utd,Multilateral,100.0,89.33333333333333,71.88271604938272,87.07201646090535
United Mission to Nepal,umn,International NGO,0.0,0.0,0.0,0.0
United Nations Capital Development Fund,uncdf,Multilateral,25.0,0.0,66.56656897559863,30.522189658532877
United Nations Central Emergency Response Fund (CERF),cerf,Multilateral,100.0,100.0,84.77569141518723,94.92523047172908
United Nations Children's Fund (UNICEF),unicef,Multilateral,100.0,100.0,96.95482617260289,98.9849420575343
United Nations Development Coordination Office,undco,Other Public Sector,0.0,0.0,77.08333333333333,25.694444444444443
United Nations Development Programme (UNDP),undp,Multilateral,100.0,60.666666666666664,87.78607189449306,82.81757952038657
"United Nations Educational, Scientific and Cultural Organization (UNESCO)",unesco,Multilateral,37.5,51.0,69.18416651596876,52.56138883865625
United Nations Environment Programme (UNEP),un-environment,Multilateral,25.0,0.0,0.0,8.333333333333334
United Nations Foundation,unf,National NGO,62.5,0.0,71.24999999999999,44.583333333333336
United Nations High Commissioner for Refugees (UNHCR),unhcr,Multilateral,75.0,99.33333333333333,79.40864650981227,84.5806599477152
United Nations Industrial Development Organization (UNIDO),unido,Multilateral,100.0,54.333333333333336,68.94325200720107,74.42552844684481
United Nations Joint Programme on HIV and AIDS Secretariat (UNAIDS),unaids,Multilateral,37.5,0.0,69.02173913043478,35.507246376811594
United Nations Office for Project Services (UNOPS),unops,Multilateral,100.0,5.0,63.83842419937252,56.279474733124175
United Nations Office for the Coordination of Humanitarian Affairs (OCHA),unocha,Multilateral,100.0,100.0,98.16919191919192,99.38973063973064
United Nations Office for the Coordination of Humanitarian Affairs (Specially-Designated Contributions),unocha-sdc,Multilateral,25.0,66.66666666666667,86.66666666666667,59.44444444444445
United Nations Population Fund,unfpa,Multilateral,0.0,0.0,0.0,0.0
United Nations World Food Programme (WFP),wfp,Multilateral,100.0,100.0,98.18876778686042,99.39625592895347
United Purpose,cu,International NGO,0.0,0.0,0.0,0.0
United States African Development Foundation,usadf,Government,12.5,0.0,76.10553206483438,29.535177354944793
United States Agency for International Development (USAID),usaid,Government,100.0,0.0,76.93009759383048,58.976699197943496
United States Department of Agriculture,usda,Government,12.5,0.0,74.49712643678161,28.999042145593872
United States Department of Commerce,doc,Government,12.5,0.0,72.91666666666666,28.472222222222218
United States Department of Defense,dod,Government,25.0,0.0,73.97579143389198,32.991930477964
United States Department of Energy,doe,Government,12.5,0.0,74.59839357429719,29.032797858099062
United States Department of Homeland Security,dhs,Government,0.0,0.0,0.0,0.0
United States Department of Interior,doi,Government,12.5,0.0,75.03472222222221,29.178240740740737
United States Department of Justice,doj,Government,0.0,0.0,0.0,0.0
United States Department of Labor,dol,Government,12.5,0.0,75.23809523809523,29.246031746031743
United States Department of State,state,Government,25.0,0.0,73.95487838584853,32.98495946194951
United States Department of the Treasury,treasury,Government,25.0,0.0,74.61622807017544,33.20540935672515
United States Department of Transportation,dot,Government,12.5,0.0,76.9047619047619,29.8015873015873
United States Environmental Protection Agency,epa,Government,12.5,0.0,71.43817204301075,27.979390681003583
United States Federal Trade Commission,ftc,Government,0.0,0.0,0.0,0.0
United States Health and Human Services,hhs,Government,12.5,0.0,75.4265873015873,29.308862433862434
United States International Development Finance Corporation,dfc,Government,12.5,0.0,70.83333333333333,27.777777777777775
United States Trade and Development Agency,ustda,Government,12.5,0.0,71.21852220013254,27.906174066710847
United Work,united_work,National NGO,0.0,0.0,0.0,0.0
United World Schools,uws,International NGO,25.0,0.0,59.02777777777778,28.009259259259256
Universidad Cientifica del Sur,cientifica-pe,"Academic, Training and Research",12.5,100.0,67.36111111111111,59.9537037037037
Universidad de los Andes,uand_2020,"Academic, Training and Research",0.0,0.0,0.0,0.0
Universidad Peruana Cayetano Heredia,investigacion_cayetano,"Academic, Training and Research",0.0,0.0,0.0,0.0
Universidade Federal de São Carlos - UFSCar,ufscar_brasil,"Academic, Training and Research",0.0,0.0,0.0,0.0
Universitair Centrum voor Ontwikkelingssamenwerking,ucos,National NGO,25.0,44.0,76.1574074074074,48.3858024691358
Universitas Brawijaya,medicine_ub,"Academic, Training and Research",0.0,0.0,0.0,0.0
Universiteit Leiden,universiteit_leiden,"Academic, Training and Research",87.5,66.66666666666667,77.36111111111111,77.17592592592594
Universiti Malaya,rmc_um,"Academic, Training and Research",0.0,0.0,0.0,0.0
Universities UK,uuk,National NGO,25.0,0.0,60.27777777777778,28.425925925925924
University College London,ucl,"Academic, Training and Research",0.0,0.0,56.52777777777778,18.84259259259259
University of Amsterdam,uva_org,"Academic, Training and Research",0.0,0.0,61.80555555555556,20.60185185185185
University of Birmingham,universityofbirmingham,"Academic, Training and Research",0.0,57.0,58.207070707070706,38.4023569023569
University of Bristol,unibristol,"Academic, Training and Research",0.0,0.0,50.55555555555556,16.85185185185185
University of Cape Town,uct,"Academic, Training and Research",50.0,33.333333333333336,76.1574074074074,53.16358024691359
University of Central Lancashire,uclan,"Academic, Training and Research",0.0,0.0,56.80555555555556,18.935185185185187
University of Dar es Salaam,udsm-cbs,"Academic, Training and Research",0.0,0.0,0.0,0.0
University of Dundee,uodcepmlp,"Academic, Training and Research",0.0,0.0,52.68518518518518,17.561728395061728
University of East Anglia,uea_uk,"Academic, Training and Research",0.0,0.0,35.0,11.666666666666666
University of Edinburgh,uoe,"Academic, Training and Research",50.0,7.333333333333333,54.58333333333333,37.30555555555555
University of Essex,university_of_essex,"Academic, Training and Research",0.0,100.0,44.02777777777778,48.00925925925926
University of Exeter,uoex,"Academic, Training and Research",12.5,50.0,70.83333333333333,44.444444444444436
University of Ghana,ugorid,"Academic, Training and Research",0.0,0.0,0.0,0.0
University of Kinshasa,dspd_unikin,"Academic, Training and Research",0.0,0.0,46.11111111111111,15.370370370370368
University of Leeds,leedsuni,"Academic, Training and Research",50.0,33.333333333333336,71.52777777777777,51.620370370370374
University of Leicester,leics,"Academic, Training and Research",25.0,0.0,65.27777777777777,30.09259259259259
University of Liberal Arts Bangladesh,chpd_ulab,"Academic, Training and Research",0.0,0.0,0.0,0.0
University Of Liverpool,uol,"Academic, Training and Research",0.0,56.666666666666664,62.84722222222222,39.83796296296296
University of Nottingham,uni_of_nottingham,"Academic, Training and Research",0.0,0.0,0.0,0.0
University of Plymouth,uop,"Academic, Training and Research",0.0,0.0,64.58333333333333,21.527777777777775
University of Southampton,soton,"Academic, Training and Research",0.0,0.0,0.0,0.0
University of Strathclyde,strathclyde,"Academic, Training and Research",0.0,0.0,59.583333333333336,19.86111111111111
University of Sussex,uos,"Academic, Training and Research",0.0,73.33333333333333,65.69444444444444,46.34259259259259
University of Warwick,warwickpub123,"Academic, Training and Research",0.0,0.0,0.0,0.0
University of York,uoy,"Academic, Training and Research",87.5,66.66666666666667,53.948412698412696,69.37169312169313
University Of Zimbabwe,1-uz,"Academic, Training and Research",0.0,0.0,0.0,0.0
University Putra Malaysia,upm,"Academic, Training and Research",0.0,0.0,0.0,0.0
University Twente,utwente,"Academic, Training and Research",0.0,0.0,0.0,0.0
Upinion Netherlands,upinion,Private Sector,12.5,200.0,70.83333333333333,94.44444444444444
Upper Quartile,uq,Private Sector,0.0,0.0,79.86111111111111,26.62037037037037
Urgent Action Fund for Women's Human Rights,uaf,International NGO,25.0,0.0,81.42361111111111,35.47453703703704
Urgent Action Fund Latin America and the Caribbean,uafla,Regional NGO,0.0,0.0,0.0,0.0
Urgent Action Fund-Africa,uaf-africa,Regional NGO,25.0,0.0,86.80555555555556,37.26851851851852
UTZ,utz,International NGO,0.0,0.0,0.0,0.0
UWEZO Youth Empowerment,uwezo_youth_empowerment,National NGO,0.0,0.0,64.93055555555556,21.64351851851852
Varkey Foundation,varkeyfoundation,International NGO,0.0,0.0,57.03347578347579,19.011158594491928
VEI B.V.,vei_nl,Private Sector,12.5,0.0,81.7060185185185,31.402006172839503
Vera Solutions,vera-solutions,Private Sector,0.0,0.0,0.0,0.0
VETERINAIRES SANS FRONTIERES / DIERENARTSEN ZONDER GRENZEN - BELGIUM,vsfbelgium,National NGO,0.0,0.0,0.0,0.0
VIA Don Bosco,via-db,National NGO,37.5,66.66666666666667,86.21933621933621,63.46200096200096
Village Enterprise,villageenterprise,International NGO,0.0,0.0,0.0,0.0
Village Infrastructure Angels,via,Private Sector,0.0,0.0,0.0,0.0
Village Water Ltd,villagewater,International NGO,0.0,0.0,68.05555555555556,22.685185185185187
Vision Aid Overseas,vao,International NGO,0.0,0.0,73.61111111111111,24.537037037037038
Vision for a Nation Foundation,vfan,International NGO,0.0,0.0,70.83333333333333,23.61111111111111
VisionFund International,vfi,International NGO,0.0,0.0,0.0,0.0
Viva,viva,International NGO,0.0,0.0,0.0,0.0
Viva Salud,g3w-m3m_admin,National NGO,50.0,66.66666666666667,83.7037037037037,66.79012345679013
Vlaamse Interuniversitaire Raad voor Universitaire Ontwikkelingssamenwerking (VLIR-UOS),vlir-uos,"Academic, Training and Research",50.0,0.6666666666666666,72.46358250834399,41.04341639167021
VNG International,vngi,Other Public Sector,50.0,0.0,81.39204545454545,43.79734848484848
Voluntary Health Association of India,vhai-org,"Academic, Training and Research",0.0,0.0,0.0,0.0
Voluntary Service Overseas (VSO),vso,International NGO,0.0,0.0,69.58333333333333,23.194444444444443
Vrije Universiteit Amsterdam,acwfs_vu,"Academic, Training and Research",0.0,0.0,45.55555555555556,15.185185185185185
VVOB Education for Development,vvob,Other Public Sector,12.5,66.66666666666667,87.14285714285714,55.43650793650793
VVSG - Vereniging van Vlaamse Steden en Gemeenten,vvsg,Other Public Sector,37.5,55.333333333333336,85.87301587301587,59.56878306878307
Wageningen University & Research - Stichting Wageningen Research,wageningen_ur,"Academic, Training and Research",50.0,66.66666666666667,82.17592592592592,66.28086419753087
Wallah We Can,wwc_27068084,National NGO,0.0,0.0,0.0,0.0
WAPA International ASBL,wapa,National NGO,12.5,66.66666666666667,83.33333333333333,54.166666666666664
War Child Alliance Foundation,wcaf,International NGO,25.0,50.0,83.47222222222223,52.824074074074076
War Child Canada,wcc,International NGO,0.0,0.0,0.0,0.0
War Child Netherlands,warchildholland,International NGO,37.5,0.0,58.68055555555556,32.06018518518518
War Child UK,wcuk,International NGO,25.0,33.333333333333336,68.14709595959596,42.1601430976431
War on Want,waronwant,International NGO,0.0,0.0,52.083333333333336,17.36111111111111
War on Want NI,wowni,International NGO,0.0,0.0,0.0,0.0
WASH Alliance International,wai,International NGO,0.0,0.0,0.0,0.0
WASTE advisers on urban environment and development,waste,Foundation,0.0,0.0,83.33333333333333,27.777777777777775
WasteAid UK,wasteaid,International NGO,25.0,0.0,58.611111111111114,27.87037037037037
Water & Sanitation for the Urban Poor (WSUP),wsup,Public Private Partnership,0.0,0.0,77.08333333333333,25.694444444444443
Water Finance Facility,wff,Private Sector,0.0,0.0,86.11111111111111,28.703703703703706
Water for People,w4p,International NGO,0.0,0.0,0.0,0.0
Water Integrity Network Association,win,International NGO,0.0,0.0,60.486111111111114,20.162037037037038
Water Witness International,water-witness-international,International NGO,0.0,0.0,60.092592592592595,20.030864197530864
Water Works,waterworks,International NGO,0.0,0.0,0.0,0.0
WaterAid,wateraid,International NGO,62.5,0.0,68.05555555555556,43.51851851851851
Wayamo Foundation,wayamo,International NGO,0.0,0.0,88.88888888888889,29.62962962962963
We Effect,weeffect,International NGO,0.0,0.0,0.0,0.0
We World - GVC Onlus,ww-gvc,International NGO,25.0,0.0,76.04166666666667,33.68055555555556
Welbodi Partnership,welbodipartnership,"Academic, Training and Research",0.0,0.0,68.05555555555556,22.685185185185187
Welfare Association (Taawon),welfare_taawon,International NGO,0.0,0.0,72.91666666666666,24.305555555555554
Wellfound,wellfound,International NGO,0.0,0.0,73.19444444444444,24.39814814814815
Welsh Centre for International Affairs,wcia,National NGO,0.0,0.0,79.86111111111111,26.62037037037037
Welthungerhilfe,whh,International NGO,0.0,0.0,65.69444444444444,21.89814814814815
Wemos Foundation,wemos,International NGO,37.5,0.0,95.19097222222223,44.230324074074076
Wereldsolidariteit-Solidarité Mondiale (WSM),wsm,National NGO,37.5,66.66666666666667,83.79629629629629,62.65432098765432
West Africa Blue,blue,Private Sector,0.0,0.0,68.05555555555556,22.685185185185187
Westminster Foundation for Democracy,wfd,Other Public Sector,0.0,56.666666666666664,58.81628787878788,38.49431818181818
Wetlands International,wi,International NGO,0.0,0.0,0.0,0.0
Wildlife Conservation Society,wcs,International NGO,62.5,0.0,63.05555555555556,41.851851851851855
WILPF,wilpf_22,International NGO,0.0,0.0,0.0,0.0
Win Win Strategies,wws,International NGO,0.0,0.0,0.0,0.0
Windle Trust Kenya,wtk,National NGO,0.0,0.0,63.05555555555556,21.01851851851852
Wits Health Consortium (Pty) Ltd,whc,Private Sector,0.0,0.0,0.0,0.0
WNF Wereld Natuur Fonds,wnf,International NGO,87.5,0.0,73.20833333333333,53.569444444444436
"WO=MEN, Dutch Gender Platform",wo-men,National NGO,25.0,0.0,82.06944444444444,35.68981481481482
Wolayita Development Association,woda_0486,"Academic, Training and Research",0.0,0.0,0.0,0.0
Womankind Worldwide,womankindworld,International NGO,25.0,0.0,71.66666666666666,32.22222222222222
Women and Children First (UK),wcf,International NGO,0.0,0.0,0.0,0.0
Women Engage for a Common Future,wecf,International NGO,0.0,0.0,79.68524531024532,26.56174843674844
Women Environmental Programme,wep,National NGO,0.0,0.0,65.78282828282828,21.927609427609426
Women for Women International (UK),wfwiuk,International NGO,75.0,100.0,68.05555555555556,81.01851851851852
Women Peacemakers Program,wpp,International NGO,0.0,0.0,86.11111111111111,28.703703703703706
Women Unlimited Eswatini,wu,National NGO,25.0,0.0,65.83333333333333,30.277777777777775
Women's Action Group,wag-1983,National NGO,0.0,0.0,73.61111111111111,24.537037037037038
Women's Environment & Development Organization,wedo,International NGO,0.0,0.0,0.0,0.0
Women's Fund Asia,wf-asia,Regional NGO,62.5,0.0,81.25,47.916666666666664
Women's Global Network on Reproductive Rights,wgnrr_iati,International NGO,0.0,0.0,0.0,0.0
Women's Legal Resources Centre,wolrec,National NGO,37.5,0.0,72.08333333333333,36.52777777777778
Women's Refugee Commission,w_r_c,International NGO,0.0,0.0,0.0,0.0
World Agroforestry Centre,icraf_,"Academic, Training and Research",0.0,0.0,0.0,0.0
World Association for Christian Communication (UK),wacc-uk,International NGO,0.0,0.0,0.0,0.0
World Bank Trust Funds,wbtf,Multilateral,25.0,0.0,72.74616301780388,32.58205433926796
World Benchmarking Alliance Foundation,wba,Foundation,0.0,0.0,63.314393939393945,21.104797979797983
World Child Cancer UK,wccuk,International NGO,62.5,11.0,73.39285714285714,48.964285714285715
World Economic Forum,worldeconomicforum,International NGO,0.0,0.0,61.99074074074073,20.66358024691358
World Economic Forum Geneva,weforum_geneva,International NGO,0.0,0.0,73.61111111111111,24.537037037037038
World Education Inc.,wei,"Academic, Training and Research",0.0,0.0,75.55555555555556,25.185185185185187
World Federalist Movement - Institute for Global Policy,wfm-igp,International NGO,0.0,0.0,70.83333333333333,23.61111111111111
World Health Organization (WHO),who,Multilateral,75.0,0.0,86.68485513797408,53.89495171265802
World Horse Welfare,whw2019,International NGO,0.0,0.0,71.52777777777777,23.84259259259259
World Jewish Relief,wjr_001,International NGO,25.0,0.0,68.75,31.25
World Relief Corp of National Association of Evangelicals,worldrelief,International NGO,0.0,66.66666666666667,91.66666666666667,52.77777777777778
World Resources Institute,wri,International NGO,25.0,100.0,71.5,65.5
World University Service of Canada,wusc,International NGO,0.0,0.0,59.02777777777778,19.675925925925927
World Vision Central African Republic,wv_cf,International NGO,0.0,0.0,0.0,0.0
World Vision Democratic Republic of Congo,wv_cd,International NGO,25.0,0.0,67.36111111111111,30.787037037037038
World Vision Ethiopia,wv_et_activities,International NGO,25.0,0.0,0.0,8.333333333333334
World Vision Germany,wv_de,International NGO,0.0,0.0,70.83333333333333,23.61111111111111
World Vision International,wvi,International NGO,12.5,0.0,73.92495067020481,28.80831689006827
World Vision Netherlands,wvnld,Foundation,50.0,66.66666666666667,80.83576998050683,65.83414554905784
World Vision UK,wvuk,International NGO,25.0,0.0,0.0,8.333333333333334
World Vision Zimbabwe,wvz-gec,International NGO,0.0,0.0,0.0,0.0
World Wide Fund for Nature - Kenya,wwf-kenya,National NGO,0.0,0.0,72.56944444444444,24.189814814814813
World Wide Fund for Nature - Pakistan,wwfpakistan,International NGO,50.0,16.666666666666668,68.05555555555556,44.90740740740741
World Wide Fund for Nature Belgium (WWF-BE),wwf-be,National NGO,37.5,66.66666666666667,85.18518518518519,63.117283950617285
World Wide Fund for Nature Denmark,wwfdk,Foundation,75.0,0.0,69.02083333333333,48.006944444444436
World Wide Fund for Nature Zambia,wwfzambia,International NGO,0.0,0.0,83.33333333333333,27.777777777777775
"World Wildlife Fund Inc, Bolivia Program Office",wwf_bolivia,International NGO,0.0,0.0,80.55555555555556,26.85185185185185
World Young Women's Christian Association,world_ywca,International NGO,0.0,0.0,76.83333333333333,25.61111111111111
Worldwide Hospice Palliative Care Alliance,whpca,International NGO,0.0,0.0,0.0,0.0
WSP USA Solutions Inc.,lbg,Private Sector,0.0,0.0,0.0,0.0
WWF Indonesia,wwf_id,International NGO,0.0,0.0,77.77777777777777,25.925925925925924
WWF Paraguay,wwf-py,International NGO,0.0,0.0,77.77777777777777,25.925925925925924
WWF Sweden,wwf-se,International NGO,0.0,0.0,0.0,0.0
WWF TUNISIA,wwfna,International NGO,0.0,0.0,77.77777777777777,25.925925925925924
WWF-BRASIL,wwfbr,International NGO,0.0,0.0,72.77777777777777,24.259259259259256
WWF-UK,wwf-uk,International NGO,0.0,0.0,48.54705017774132,16.182350059247106
WYG International B.V.,wygi,Private Sector,37.5,0.0,75.79365079365078,37.76455026455026
Y Care International,ycare,International NGO,0.0,0.0,70.83333333333333,23.61111111111111
Yamaan Foundation for Health and Social Development,yffhsd,National NGO,50.0,0.0,76.52777777777777,42.175925925925924
Yayasan PEKKA,pekka_21,National NGO,0.0,0.0,0.0,0.0
YMCA of Liberia,libymca,National NGO,0.0,0.0,70.83333333333333,23.61111111111111
Young Innovations Pvt. Ltd,yipl,"Academic, Training and Research",12.5,0.0,0.0,4.166666666666667
Young Women Christian Association of South Sudan (YWCA SS),ywcass,National NGO,0.0,0.0,91.66666666666667,30.555555555555557
Youth Business International,ybi,International NGO,0.0,0.0,77.63888888888889,25.87962962962963
Youth Development Labs Inc,ylabs,International NGO,0.0,0.0,60.27777777777778,20.09259259259259
Youth Net and Counselling - YONECO,yoneco1997,National NGO,0.0,0.0,61.80555555555556,20.60185185185185
YWCA of Bangladesh,ywcabd,National NGO,0.0,0.0,0.0,0.0
YWCA Palestine,ywca,National NGO,0.0,0.0,86.11111111111111,28.703703703703706
YY Ventures,yy_ventures,Private Sector,0.0,0.0,88.19444444444444,29.39814814814815
Zambia Orphans Aid UK,zoa_uk,International NGO,0.0,0.0,0.0,0.0
Zimbabwe Educational Trust,zet,International NGO,0.0,0.0,0.0,0.0
Zing,zing,Foundation,0.0,0.0,68.05555555555556,22.685185185185187
ZOA,zoa,International NGO,100.0,56.666666666666664,85.35531987295826,80.67399551320831
Zoological Society of London,zsl,International NGO,62.5,70.33333333333333,67.26851851851852,66.70061728395062
