Publisher Name,Publisher Registry Id,2024-10,2024-11,2024-12,2025-01,2025-02,2025-03,2025-04,2025-05,2025-06,2025-07,2025-08,2025-09,Time lag
AICS - Agenzia Italiana per la Cooperazione allo Sviluppo / Italian Agency for Cooperation and Development,aics,72,110,250,48,106,67,45,110,79,141,126,697,One month
Action Against Hunger UK,acf,20,13,19,7,9,17,17,12,5,0,2,2,One month
ActionAid Denmark (Mellemfolkeligt Samvirke),aadk,7,6,25,6,5,2,1,4,13,3,2,0,One month
African Development Bank,afdb,1450,1072,612,621,1013,1061,1418,1282,828,1157,1034,597,One month
AgDevCo,agdevco,5,3,3,0,0,0,0,0,6,5,5,2,One month
Agence Française de Développement,afd,14,33,772,6,12,15,21,17,14,11,523,4,One month
Asian Development Bank,asdb,4474,4530,4648,4615,4629,4648,4663,4751,4813,4861,4905,0,One month
Belgian Development Cooperation,be-dgd,37,27,168,15,76,17,58,33,40,69,16,20,One month
CAF Banco de Desarrollo de América Latina y el Caribe,caf,13,10,23,7,10,13,19,17,20,33,24,35,One month
CISU,cisu,61,69,61,75,64,82,51,52,63,35,63,53,One month
Canada - Global Affairs Canada | Affaires mondiales Canada,gac-amc,98,180,221,188,310,588,64,124,107,147,95,102,One month
Caritas Denmark,caritas_denmark,0,0,26,0,10,5,5,3,0,1,2,2,One month
Center for Church-Based Development,cku,16,11,35,25,24,28,16,18,29,24,23,15,One month
Centre for Economic Policy Research,cepr,63,90,64,69,86,166,95,50,93,102,51,128,One month
Christian Aid,caid,29,15,21,16,45,27,14,20,39,66,30,35,One month
Christian Aid Ireland,caid_ireland,5,8,6,0,91,19,2,17,46,17,11,11,One month
Clinton Health Access Initiative,chai,3,4,12,1,2,10,1,1,11,0,2,3,One month
Coalition for Epidemic Preparedness Innovations,cepi,3,5,6,1,2,8,3,4,1,2,4,0,One month
Danish Family Planning Association,dfpa,1,11,1,1,13,1,0,1,0,2,0,5,One month
Danish Refugee Council,drc,2,2,9,0,2,4,7,0,68,4,2,12,One month
Danish Trade Union Development Agency (Ulandssekretariatet),loftf,2,2,22,0,2,0,0,0,0,0,1,1,One month
"Denmark - Ministry of Foreign Affairs, Danida",danida,932,1060,1994,634,861,1119,1675,939,968,884,754,753,One month
European Bank for Reconstruction and Development,ebrd,117,128,185,73,75,112,122,123,119,128,78,0,One month
European Commission - Humanitarian Aid & Civil Protection,ec-echo,247,352,271,4,6,49,250,199,117,80,32,6,One month
European Commission - International Partnerships,ec-intpa,689,1037,1811,26,84,126,125,148,174,133,130,144,One month
Federation of Women Lawyers Kenya,fida,1,1,1,1,0,0,1,0,0,1,0,1,One month
Food and Agriculture Organization of the United Nations (FAO),fao,2988,2853,4468,3875,2726,2986,3239,3068,3202,2949,2952,3012,One month
Gates Foundation,bmgf,1197,1389,410,211,204,331,334,254,293,242,297,111,One month
"Gavi, the vaccine alliance",gavi,411,427,814,1250,465,364,383,492,524,381,524,283,One month
Germany - Ministry for Economic Cooperation and Development,bmz,541,1021,1527,626,471,439,619,665,965,1145,2792,102,One month
Germany GIZ Non BMZ,giz,2,0,2,8,0,2,0,0,4,2,4,6,One month
Global Innovation Fund,gif,2,1,2,1,2,0,0,0,1,1,0,1,One month
Handicap International UK,hiuk,7,7,5,6,0,10,5,0,10,3,1,4,One month
Hivos,stichting_hivos,39,51,89,26,16,39,43,32,14,1,0,6,One month
IDB Invest,idbinvest,11,12,11,5,7,7,6,4,7,11,11,16,One month
Institute for Family Health,khf_ifh,0,0,1,0,0,7,0,0,0,0,1,7,One month
Inter-American Development Bank,iadb,89,80,215,33,62,53,66,77,85,91,70,37,One month
International Committee of the Red Cross (ICRC),icrc,499,482,62,572,505,538,533,526,521,511,467,49,One month
International Development Law Organization (IDLO),idlo,6,7,57,10,7,53,6,7,51,6,9,7,One month
International Finance Corporation,ifcwbg,16,19,65,6,6,17,15,16,33,19,23,27,One month
International Fund for Agricultural Development (IFAD),ifad,70,123,138,59,72,105,53,81,70,60,113,88,One month
International Institute of Tropical Agriculture (IITA),iita_2022,1,1,2,0,0,0,0,1,1,0,1,1,One month
International Planned Parenthood Federation,ippf,9,48,34,7,36,36,44,17,37,91,19,7,One month
International Union for Conservation of Nature and Natural Resources,iucn,4,3,4,6,3,3,4,3,3,5,2,3,One month
Islamic Relief Worldwide,irw,2,3,3,0,7,3,2,1,1,0,4,1,One month
Millennium Challenge Corporation,millenniumchallenge,544,396,444,530,248,386,382,344,474,380,362,0,One month
Netherlands - Ministry of Foreign Affairs,minbuza_nl,411,906,821,1055,216,207,238,288,278,360,411,258,One month
Netherlands Enterprise Agency (RVO),rvo,444,409,796,218,182,240,312,205,262,348,166,218,One month
New Zealand - Ministry of Foreign Affairs and Trade - New Zealand Aid Programme,mfat,691,754,646,691,709,814,761,1256,2334,1317,2044,766,One month
Norwegian Refugee Council,nrc,8,0,22,8,3,25,8,2,16,5,1,3,One month
OCHA Country Based Pooled Funds,unocha-cbpf,624,428,553,249,400,417,309,436,457,376,437,441,One month
Oxfam IBIS,ibis_denmark,5,13,20,7,6,2,10,4,9,0,12,9,One month
Oxfam Novib,onl,750,770,919,677,685,932,557,646,635,628,619,488,One month
Plan International Netherlands,plannlno,82,86,141,69,85,106,78,102,204,4,3,0,One month
Plan International UK,plan_uk,50,31,34,58,95,54,160,54,268,77,46,0,One month
Reach Digital Health NPC,rdh,0,0,0,1,0,5,0,1,5,1,1,0,One month
"Sweden, through Swedish International Development Cooperation Agency (Sida)",sida,814,994,1270,1087,284,1126,463,440,717,468,260,164,One month
"The Global Fund to Fight AIDS, Tuberculosis and Malaria",theglobalfund,1960,2035,1750,1900,1361,1662,1526,1398,1923,1701,1544,1258,One month
The Hunger Project Netherlands,thp_org,13,4,6,28,4,0,4,4,4,5,4,2,One month
The International Institute for Sustainable Development,iisd,0,0,0,0,0,2,0,0,0,1,1,0,One month
The William and Flora Hewlett Foundation,hewlett-foundation,61,71,46,23,30,34,42,31,22,12,10,0,One month
The World Bank,worldbank,2490,2373,2233,1555,2108,2380,2466,2713,2411,1624,2213,0,One month
"UK - Department for Environment, Food and Rural Affairs",defra_transparency,14,16,19,14,13,31,10,10,11,12,15,0,One month
UK - Department of Health and Social Care (DHSC),dhsc,31,168,64,32,20,172,11,20,151,4,5,0,One month
"UK - Foreign, Commonwealth and Development Office",fcdo,1250,1233,1587,1023,1237,1989,1062,1077,1055,1042,124,124,One month
UNITAID,utd,4,6,7,4,0,3,6,15,19,18,9,2,One month
United Nations Central Emergency Response Fund (CERF),cerf,92,90,191,72,45,10,15,16,25,15,4,13,One month
United Nations Children's Fund (UNICEF),unicef,0,0,118678,18482,13779,14099,14334,14614,14591,14353,112575,0,One month
United Nations Development Programme (UNDP),undp,4222,4222,5374,4312,3765,3933,3955,3931,3994,4117,4671,14580,One month
United Nations Industrial Development Organization (UNIDO),unido,2018,2578,2558,2238,2358,2060,2024,2310,2272,2390,2184,2178,One month
United Nations Office for Project Services (UNOPS),unops,24,31,41,162,21,39,28,26,33,49,15,5,One month
United Nations Office for the Coordination of Humanitarian Affairs (OCHA),unocha,95,21,29,49,17,150,56,34,13,45,7,0,One month
United Nations World Food Programme (WFP),wfp,2209,2177,2846,2411,2243,2351,2139,2145,2261,2267,1989,2335,One month
United States Agency for International Development (USAID),usaid,16510,18351,18417,15649,8282,13138,11631,13906,12544,3056,917,0,One month
Universiteit Leiden,universiteit_leiden,0,1,1,0,0,0,1,0,0,2,0,1,One month
University of York,uoy,1,1,1,4,6,0,1,7,0,1,5,0,One month
WNF Wereld Natuur Fonds,wnf,3,3,13,5,6,4,5,5,8,5,17,9,One month
ZOA,zoa,16,26,58,9,9,11,10,8,23,18,5,1,One month
ActionAid UK,aauk,8,9,15,5,4,2,3,1,3,0,1,0,A quarter
Acumen,acumen,1,1,3,0,2,3,1,0,1,0,1,0,A quarter
Administração de Infra-Estruturas de Águas e Saneamento,aias,0,0,3,0,0,3,0,0,3,0,0,1,A quarter
Boston University,bu-carbx-admin,0,0,0,0,0,0,0,0,0,15,0,0,A quarter
CARE Danmark Fonden for Frivillig Ulandsbistand,12921047,0,0,4,2,1,1,3,0,0,0,0,1,A quarter
CARE SOMALIA,csom1,2,1,0,1,1,0,0,2,0,1,0,0,A quarter
Common Seas CIC,commonseas,1,0,1,1,0,1,1,0,1,1,0,0,A quarter
DanChurchAid,dca,31,34,384,46,82,432,4,1,0,1,0,0,A quarter
Danish Red Cross,danishrc,1,0,41,1,1,2,5,3,0,0,1,0,A quarter
Danmission,danmission,0,0,1,0,1,0,2,0,0,0,1,0,A quarter
"Environmental Finance Limited, trading as Finance Earth",finance_earth,1,0,0,0,0,2,0,0,0,0,3,0,A quarter
Eurasia Foundation,ef-2025,0,0,0,0,0,1,0,4,0,0,2,0,A quarter
Forests of the World,fowdk,4,1,1,0,0,0,1,0,0,0,0,1,A quarter
GHANA NETHERLANDS BUSINESS & CULTURE COUNCIL,gnbcc,0,2,26,0,0,4,3,0,3,22,0,0,A quarter
GiveDirectly,givedirectly,0,0,1,0,0,2,0,0,0,4,0,0,A quarter
Guttmacher Institute,guttmacher,0,0,0,0,0,2,0,1,1,1,0,0,A quarter
HelpAge International UK,ageintl,6,4,3,7,8,6,0,11,3,3,0,0,A quarter
ISEAL,iseal,19,0,0,23,0,0,21,0,0,22,0,0,A quarter
Innovations for Poverty Action,ipa_,51,59,22,55,36,47,57,42,46,52,0,0,A quarter
International Aids Vaccine Initiative (IAVI),iavi,0,0,0,0,0,0,0,0,0,1,0,0,A quarter
International Bureau of Fiscal Documentation (IBFD),ibfd,0,8,1,1,3,2,0,2,0,1,0,0,A quarter
International Climate Initiative / BMU - IKI Secretariat,bmu_iki,6,7,14,244,1,6,12,4,2,2,0,0,A quarter
International Media Support,ims,0,0,0,0,1,0,0,0,0,1,0,0,A quarter
International Organization for Migration (IOM),iom,65,24,2461,28,13,16,0,4,5,4,0,0,A quarter
Kenya Community Development Foundation,kcdf,0,2,4,2,0,0,0,0,1,1,0,0,A quarter
Liverpool School of Tropical Medicine,lstm,11,11,5,19,7,5,9,13,3,1,0,0,A quarter
London School of Hygiene and Tropical Medicine,lshtm,6,4,2,6,1,6,6,2,4,1,0,0,A quarter
Mission Øst,missioneast,0,0,24,2,1,0,1,2,0,0,0,1,A quarter
Mokoro,mko,1,0,0,1,0,0,1,0,0,1,0,0,A quarter
Myanmar Trust UK,mtuk,0,0,0,0,0,0,0,0,0,1,0,0,A quarter
NIRAS Group (UK) Limited,niras_uk,0,0,101,9,0,95,0,0,135,0,0,93,A quarter
Neotree,nt_2024,2,0,5,0,2,5,1,0,3,5,0,0,A quarter
Netherlands Red Cross,nlrc,218,280,610,367,158,178,170,159,191,35,0,0,A quarter
PlanBørnefonden,plb,0,0,2,0,1,0,0,3,0,0,1,0,A quarter
Results for Development,r4d,0,0,24,0,1,16,0,0,15,0,1,0,A quarter
Right To Play UK,rtp_uk,0,0,1,0,0,1,1,1,0,1,0,0,A quarter
Royal Botanic Gardens Kew,rbg_kew,3,0,3,7,0,2,2,0,4,0,7,0,A quarter
Royal Commonwealth Ex-Sevices League,rcel,11,11,1,0,10,14,2,15,7,0,2,0,A quarter
SOS Børnebyerne,sosdk,0,0,0,0,1,0,0,0,0,0,1,0,A quarter
Save the Children DK,redbarnet,0,0,34,0,0,2,2,0,0,0,0,1,A quarter
Scottish Catholic International Aid Fund (SCIAF),sciaf,0,2,4,1,0,1,0,0,1,1,0,0,A quarter
Solar Cooling Engineering GmbH,sce-gmbh,0,0,1,0,1,0,0,0,0,0,0,1,A quarter
SouthSouthNorth,ssn,2,7,0,6,1,0,1,0,3,1,0,0,A quarter
Stichting Vluchteling,st_vluchteling,22,6,11,12,13,23,10,1,5,4,0,0,A quarter
TEAR fund Nederland,tear,7,21,39,36,44,10,28,6,0,3,0,0,A quarter
Tearfund,tearfund,0,3,1,0,2,0,1,3,1,2,0,0,A quarter
The HALO Trust,halo,9,4,9,1,4,9,0,12,1,0,1,0,A quarter
The University of Oxford,oxford,0,9,0,1,1,4,0,1,0,0,10,0,A quarter
UK - Department for Work and Pensions,dwp,5,0,0,5,0,0,1,0,0,1,0,0,A quarter
"UK - Department of Science, Innovation and Technology",dsit,14,5,305,16,25,387,3,1,294,0,0,1,A quarter
"UK Department for Energy, Security and Net Zero",desnz,8,4,13,8,5,10,0,0,14,7,0,0,A quarter
United Nations High Commissioner for Refugees (UNHCR),unhcr,363,441,755,301,199,270,235,179,52,1,0,0,A quarter
University of Cape Town,uct,0,4,1,0,0,5,0,0,5,0,0,1,A quarter
University of Leeds,leedsuni,0,0,0,0,0,0,1,4,2,1,0,0,A quarter
Vlaamse Interuniversitaire Raad voor Universitaire Ontwikkelingssamenwerking (VLIR-UOS),vlir-uos,0,0,135,0,0,0,0,0,0,2,0,0,A quarter
Women for Women International (UK),wfwiuk,0,0,0,2,14,14,1,0,0,5,0,0,A quarter
Women's Legal Resources Centre,wolrec,0,0,0,0,0,0,0,3,0,1,0,0,A quarter
World Health Organization (WHO),who,15245,15866,17802,0,0,0,0,0,0,0,0,2255,A quarter
World Wide Fund for Nature Denmark,wwfdk,1,1,4,0,0,1,2,0,0,0,0,1,A quarter
forum for women in democracy,fowode,1,0,1,0,1,0,1,0,0,1,0,0,A quarter
ADRA Denmark,adra-dk,0,0,12,1,0,0,2,1,0,0,0,0,Six months
AUXFIN International B.V.,auxfinintl,0,0,2,0,1,0,0,0,1,0,0,0,Six months
Abt Britain Limited,abtbritain,0,1,0,0,1,0,0,0,2,0,0,0,Six months
Adam Smith International,asi,0,0,88,0,0,111,2,0,0,0,0,0,Six months
Aidsfonds - Soa Aids Nederland,nl-kvk-41207989,33,33,59,36,20,101,26,15,30,0,0,0,Six months
Alinea International Ltd.,alineainternational_2020,6,11,21,9,11,32,7,7,12,0,0,0,Six months
Alinea International Ltd. UK,alinea_uk,6,6,13,6,7,12,7,5,11,0,0,0,Six months
AmplifyChange,amplifychange,10,12,6,4,0,4,3,0,2,0,0,0,Six months
Atradius Dutch State Business,adsb,0,0,0,4,6,2,2,0,0,0,0,0,Six months
British Asian Trust,b_a_t,0,0,2,0,1,2,0,6,0,0,0,0,Six months
British Council,britishcouncil,28,22,44,8,13,62,20,6,34,0,0,0,Six months
British Red Cross,gb-chc-220949,40,22,57,9,15,24,34,23,13,0,0,0,Six months
CANADEM,canadem,0,0,2,0,0,2,0,0,2,0,0,0,Six months
CARE Bangladesh,carebd,2,6,2,4,2,8,0,6,4,0,0,0,Six months
CARE International UK,ciuk,23,37,27,23,24,50,30,34,17,0,0,0,Six months
CDP Worldwide,cdp,0,0,3,0,0,2,0,0,1,0,0,0,Six months
CGIAR,cgiar,64,82,50,84,38,46,16,20,10,0,0,0,Six months
CHOICE for Youth and Sexuality,cfyas,0,0,2,0,0,1,1,0,0,0,0,0,Six months
CLASP,clasp,0,0,0,1,2,0,1,2,15,0,0,0,Six months
Cadmus International UK Limited,nathan,2,0,6,0,4,6,7,5,7,0,0,0,Six months
Canada - International Development Research Centre/Centre de recherches pour le développement international,idrccrdi,0,0,1236,0,0,1491,0,0,1411,0,0,0,Six months
Carbon Trust Advisory Ltd,carbontrustadvisory,14,11,16,7,18,20,23,0,0,0,0,0,Six months
Catholic Relief Services,crs,0,0,13,0,0,14,0,1,6,0,0,0,Six months
Center for Natural Resource Studies (CNRS),cnrs,1,0,1,1,0,0,0,1,0,0,0,0,Six months
Chemonics Group UK Ltd,chemonics_uk,14,22,21,19,17,13,5,14,3,0,0,0,Six months
Climate Policy Initiative,cpi,0,0,1,0,0,1,0,0,1,0,0,0,Six months
Cordaid,cordaid,10,12,25,6,3,2,2,1,1,0,0,0,Six months
Cowater UK Limited,cowateruk,2,0,2,2,0,4,2,0,0,0,0,0,Six months
Curatio International Foundation,curatio,0,0,0,0,0,0,1,0,0,0,0,0,Six months
DCAF - Geneva Centre for Security Sector Governance,dcaf,1,0,18,0,0,1,1,0,1,0,0,0,Six months
DeepRoot Consulting,dr,0,0,2,0,0,0,0,0,1,0,0,0,Six months
Devidayal Solar Solutions Private Limited,ddsolar,0,0,0,0,0,0,0,1,0,0,0,0,Six months
Disabled People's Organisations Denmark,dpod,1,0,0,0,0,0,1,0,0,0,0,0,Six months
Dushtha Shasthya Kendra,dsk,1,0,0,0,1,1,0,1,0,0,0,0,Six months
Défi Belgique Afrique,dba,0,0,0,0,8,0,0,2,2,0,0,0,Six months
ECDPM,ecdpm,0,0,0,0,0,0,0,141,0,0,0,0,Six months
EMMS International,emms,4,3,14,5,2,12,1,5,7,0,0,0,Six months
Elrha,elrha,3,5,24,6,4,3,1,0,0,0,0,0,Six months
Energy Saving Trust,energy_saving_trust,4,0,5,4,1,12,2,2,0,0,0,0,Six months
Enhanced Integrated Framework,eif,1,1,1,0,0,0,0,1,0,0,0,0,Six months
Ethiopian Women with Disabilities National Assocation,ewdna2025,1,0,1,0,1,0,1,0,0,0,0,0,Six months
European Investment Bank,eib,17,13,41,2,8,7,192,0,0,0,0,0,Six months
FMO,fmo,6,1,25,4,1,3,1,1,0,0,0,0,Six months
FONPLATA DEVELOPMENT BANK,fonplata,6,7,12,4,4,5,3,0,0,0,0,0,Six months
Fair Wear Foundation,fwf,0,0,14,0,0,1,0,6,0,0,0,0,Six months
Fauna & Flora International,ffi_publisher,0,0,4,0,0,4,0,0,3,0,0,0,Six months
Fundacion Pacto Especializada en el Apoyo de Iniciativas Sociales,feadin,0,0,0,0,0,0,0,1,0,0,0,0,Six months
GEF Secretariat,gef,32,36,79,60,37,28,17,18,0,0,0,0,Six months
Global Alliance for Livestock Veterinary Medicines,galvmed,0,0,6,0,0,12,0,0,6,0,0,0,Six months
Global Fund for Community Foundations,gfcf,1,0,1,0,0,0,0,1,1,0,0,0,Six months
Global Rights Compliance Foundation,grc2018,0,0,0,0,0,0,0,0,17,0,0,0,Six months
Gorongosa Restoration Project,grp,0,0,1,0,0,1,0,0,2,0,0,0,Six months
Gridworks Development Partners,gridworkspartners,0,0,0,0,0,1,0,1,0,0,0,0,Six months
Handicap International Federation,hi_fed,0,1,2,0,1,4,0,0,1,0,0,0,Six months
"Harvard Global Research and Support Services, Inc.",harvard_global,0,0,3,0,0,2,0,0,1,0,0,0,Six months
HealthNet TPO,healthnet,0,0,4,0,0,2,0,0,1,0,0,0,Six months
Healthy Entrepreneurs Foundation,hefoundation,1,0,2,1,0,0,1,0,2,0,0,0,Six months
HiiL innovating Justice,hiil_mfa,0,0,3,1,1,0,1,0,1,0,0,0,Six months
"IDH, the Sustainable Trade Initiative",idh,5,4,89,69,5,8,2,3,2,0,0,0,Six months
IOD PARC,iodparc,10,0,0,4,0,0,1,0,0,0,0,0,Six months
IRC,irc,0,0,8,0,0,5,0,0,5,0,0,0,Six months
Institute of Development Studies,ids,0,0,0,0,0,4,0,0,2,0,0,0,Six months
International Alert,international-alert,0,0,0,0,0,0,2,0,0,0,0,0,Six months
International Center for Not-for-Profit Law,icnl_org,2,1,9,1,0,6,1,6,10,0,0,0,Six months
International Foundation for Electoral Systems,ifes,0,0,0,0,0,0,2,0,0,0,0,0,Six months
International Rescue Committee UK,irc_uk,5,6,8,5,41,23,9,12,16,0,0,0,Six months
InvestInternational,investinternational,25,3,6,6,3,0,4,0,0,0,0,0,Six months
Islamic Development Bank,isdb,628,484,1274,567,435,447,367,213,0,0,0,0,Six months
Japan International Cooperation Agency (JICA),jica,13,10,8,8,14,29,6,8,10,0,0,0,Six months
Just Associates,jass,0,0,147,0,0,19,0,0,37,0,0,0,Six months
King Salman Humanitarian Aid and Relief Centre,ksrelief291,34,47,49,32,24,7,3,1,0,0,0,0,Six months
Larive International,larive,0,0,7,0,0,0,1,0,0,0,0,0,Six months
London School of Economics and Political Science,lse,64,59,90,65,57,117,95,0,0,0,0,0,Six months
MSI Reproductive Choices,msi,2,2,8,2,1,12,3,5,8,0,0,0,Six months
Mensen met een Missie,mm1,6,4,50,49,39,14,19,4,0,0,0,0,Six months
Mercy Corps Europe,mce,0,1,69,0,0,73,1,0,32,0,0,0,Six months
Mercy Corps Netherlands,mcn,0,0,10,0,0,7,0,0,6,0,0,0,Six months
Ministry for Housing Communities and Local Government,mhclg,2,0,0,0,2,0,2,0,0,0,0,0,Six months
Mott MacDonald Limited,mml,8,12,14,6,11,10,8,0,0,0,0,0,Six months
National Foundation for Educational Research,nfer,0,0,0,1,0,0,0,0,4,0,0,0,Six months
Netherlands Institute for Multiparty Democracy (NIMD),nimd-hq,2,0,7,0,0,0,4,0,0,0,0,0,Six months
Norad - Norwegian Agency for Development Cooperation,norad,636,710,1658,1129,164,300,268,369,0,0,0,0,Six months
Norwegian People's Aid,npa,0,0,0,0,0,0,0,0,16,0,0,0,Six months
Nuffic,nuffic20171017,0,4,0,0,0,0,0,4,0,0,0,0,Six months
ODI Global,odi,0,4,5,5,8,23,1,1,14,0,0,0,Six months
Office for National Statistics,ons,18,19,19,19,20,23,21,22,13,0,0,0,Six months
Options Consultancy Services,options,0,0,7,0,0,6,1,0,2,0,0,0,Six months
Oxfam GB,oxfamgb,0,0,881,0,0,952,330,0,706,0,0,0,Six months
PUM Netherlands,pumnl,0,0,35,0,0,1,0,0,29,0,0,0,Six months
Palladium International Ltd (UK),palladium,36,50,115,36,48,160,64,4,0,0,0,0,Six months
Pathfinder International,pathfinder1,0,0,6,0,0,4,0,0,4,0,0,0,Six months
Peace Corp,peace,898,0,896,914,0,897,885,0,882,0,0,0,Six months
Peaceful Change initiative,pci,0,0,1,0,0,1,0,1,0,0,0,0,Six months
Pegasys Limited,pegasys-eu,13,15,3,13,4,12,11,12,3,0,0,0,Six months
People in Need,pin,0,0,6,0,0,4,0,0,60,0,0,0,Six months
READ Foundation,read-foundation,0,0,2,0,0,2,0,0,1,0,0,0,Six months
Radio La Benevolencija,rlb,0,0,0,0,0,0,1,0,1,0,0,0,Six months
Restless Development,restless,0,0,3,0,0,2,0,0,2,0,0,0,Six months
Royal National Lifeboat Institution (RNLI),rnli_international,0,1,0,0,0,0,1,1,0,0,0,0,Six months
SOS Children's Villages The Netherlands,sosnl,3,3,9,11,4,9,2,2,5,0,0,0,Six months
Save the Children Netherlands,scnl,2,0,33,2,0,16,3,0,15,0,0,0,Six months
Save the Children UK,scuk,4,3,60,1,1,54,4,0,46,0,0,0,Six months
Siasa Place,sp,0,0,1,0,0,1,0,0,1,0,0,0,Six months
Social Development Direct Limited,sddirect,5,7,11,9,3,15,6,6,15,0,0,0,Six months
Soul City Institute,sci2025,3,0,0,0,0,0,0,1,1,0,0,0,Six months
Stichting Beheer Subsidiegelden DRA,stichting-subsidiegelden-dra,3,2,0,12,2,0,4,0,0,0,0,0,Six months
Stichting Fern,stichtingfern,1,2,0,5,2,2,4,1,0,0,0,0,Six months
Stichting Onderzoek Multinationale Ondernemingen (SOMO),somo,0,0,2,0,0,3,1,0,2,0,0,0,Six months
Stichting Woord en Daad,w-d,28,2,9,8,4,3,32,2,0,0,0,0,Six months
Sub-Sahara Advisory Panel,ssap,0,0,2,0,0,1,1,0,0,0,0,0,Six months
Switzerland - Swiss Agency for Development and Cooperation (SDC),sdc_ch,0,0,7264,0,0,0,0,0,3954,0,0,0,Six months
The Commonwealth Secretariat,commonwealthsecretariat,1,2,2,0,0,0,2,0,0,0,0,0,Six months
The Global Alliance for Improved Nutrition,gain,313,348,375,331,329,333,300,325,361,0,0,0,Six months
The International Rescue Committee,irc_inc,1,5,59,0,2,111,4,0,114,0,0,0,Six months
The Leprosy Mission England and Wales,tlmew,2,4,1,0,1,2,0,0,1,0,0,0,Six months
Traidcraft Exchange,traidcraft,0,0,2,0,0,2,0,0,1,0,0,0,Six months
Transparency International Bangladesh,tib,0,0,9,0,2,4,0,2,1,0,0,0,Six months
Trocaire,trocaire,6,3,3,0,12,4,3,3,4,0,0,0,Six months
Trocaire (Northern Ireland),troc,6,4,4,2,3,3,5,0,5,0,0,0,Six months
UN Trade and Development,unctad,0,0,13,1,0,0,0,1,0,0,0,0,Six months
Unie van Waterschappen,uvw,0,0,20,0,0,0,0,2,0,0,0,0,Six months
"United Nations Educational, Scientific and Cultural Organization (UNESCO)",unesco,0,0,2471,0,0,0,0,0,2063,0,0,0,Six months
United Nations Foundation,unf,1,2,1,0,1,2,1,1,1,0,0,0,Six months
United Nations Joint Programme on HIV and AIDS Secretariat (UNAIDS),unaids,0,0,2,0,0,0,0,343,0,0,0,0,Six months
United States Department of Defense,dod,0,0,140,15,0,106,0,0,155,0,0,0,Six months
United States Department of State,state,1218,1450,4106,330,31,896,34,0,0,0,0,0,Six months
United States Department of the Treasury,treasury,1194,965,629,697,757,466,0,2,4,0,0,0,Six months
United World Schools,uws,2,2,1,0,0,2,1,1,0,0,0,0,Six months
Universities UK,uuk,3,0,0,2,1,0,0,0,3,0,0,0,Six months
University of Edinburgh,uoe,0,0,11,0,0,10,0,0,11,0,0,0,Six months
University of Leicester,leics,0,0,28,0,0,43,0,0,46,0,0,0,Six months
Viva Salud,g3w-m3m_admin,0,0,0,0,4,0,1,0,0,0,0,0,Six months
Wageningen University & Research - Stichting Wageningen Research,wageningen_ur,2,1,10,0,1,1,1,1,0,0,0,0,Six months
War Child Alliance Foundation,wcaf,0,0,0,0,0,18,0,0,123,0,0,0,Six months
Water Sector Regulatory Council,wsrc1,0,0,0,0,0,0,1,0,0,0,0,0,Six months
WaterAid,wateraid,0,0,4,0,0,3,0,0,1,0,0,0,Six months
Wildlife Conservation Society,wcs,0,0,3,0,0,3,0,0,3,0,0,0,Six months
Women Unlimited Eswatini,wu,0,0,0,1,0,1,2,0,0,0,0,0,Six months
Women's Fund Asia,wf-asia,27,34,23,3,2,23,8,3,9,0,0,0,Six months
World Child Cancer UK,wccuk,1,0,2,0,1,3,0,1,2,0,0,0,Six months
World Vision Democratic Republic of Congo,wv_cd,8,8,3,19,4,15,6,12,1,0,0,0,Six months
World Vision Ethiopia,wv_et_activities,0,0,1,2,0,0,1,0,1,0,0,0,Six months
World Vision Netherlands,wvnld,0,3,8,0,2,0,7,0,0,0,0,0,Six months
World Waternet,worldwaternet,3,0,2,0,0,0,0,0,1,0,0,0,Six months
World Wide Fund for Nature - Pakistan,wwfpakistan,1,0,0,1,0,0,1,0,0,0,0,0,Six months
Youth without border organization for development,ywbod,0,2,0,0,2,0,0,1,0,0,0,0,Six months
Zoological Society of London,zsl,0,0,36,0,1,25,0,0,33,0,0,0,Six months
3F International,3fi,1,0,13,0,0,0,0,0,0,0,0,0,One year
ABAAD - Resource Center for Gender Equality,arcfge,0,0,3,0,0,0,0,0,0,0,0,0,One year
ACCORD,accord_2024,0,0,0,0,0,1,0,0,0,0,0,0,One year
ACODEV,acodev,0,0,3,0,0,1,0,0,0,0,0,0,One year
ACV-CSC International,iiwe,0,0,0,0,4,0,0,0,0,0,0,0,One year
ADD International (Action on Disability and Development),addinternational,0,0,2,0,0,2,0,0,0,0,0,0,One year
APOPO,apopo,0,0,0,0,5,0,0,0,0,0,0,0,One year
AUXFIN Burundi,auxfinbi,24,2,0,0,0,0,0,0,0,0,0,0,One year
AVSI FOUNDATION IN UGANDA,avsi_uganda,2,0,3,0,0,0,0,0,0,0,0,0,One year
AVSI South Sudan,avsi-ssd,0,0,1,0,0,0,0,0,0,0,0,0,One year
Abdul Latif Jameel Poverty Action Lab at MIT,jpal,10,2,6,0,0,0,0,0,0,0,0,0,One year
Académie de recherche et d'enseignement supérieur,ares,0,0,84,0,0,0,0,0,0,0,0,0,One year
Access to Medicine Foundation,atmf,1,2,1,0,0,0,0,0,0,0,0,0,One year
"Aceli Africa, Inc.",aceliafrica,0,0,5,1,0,0,0,0,0,0,0,0,One year
Action Contre la Faim,acf-fr,1,0,0,0,0,0,0,0,0,0,0,0,One year
Africa Philanthropy Network,apn,0,0,0,2,0,0,0,0,0,0,0,0,One year
African Disability Forum (ADF),et-adf-0317,0,0,8,0,0,0,0,0,0,0,0,0,One year
African Women's Development Fund,awdf,0,0,3,2,1,1,0,0,0,0,0,0,One year
African Women's Development and Communication Network,femnet,0,0,24,1,0,0,0,0,0,0,0,0,One year
Agsol Limited,agsollimited,0,0,1,0,0,0,0,0,0,0,0,0,One year
Akili Dada,ad,0,0,8,0,0,0,0,0,0,0,0,0,One year
Akina Mama wa Afrika,amwa,0,1,6,0,0,0,0,0,0,0,0,0,One year
"Alliance for Global Water Adaptation, Inc",agwa,1,0,1,0,0,2,0,0,0,0,0,0,One year
American University of Beirut,auob,0,1,0,0,0,1,0,0,0,0,0,0,One year
Amnesty International The Netherlands,amnesty,4,1,26,0,0,0,0,0,0,0,0,0,One year
Amref Health Africa - UK,amrefha,9,8,5,8,8,7,0,0,0,0,0,0,One year
Amref Health Africa Headquarters,amrefhq,0,3,2,0,0,0,0,0,0,0,0,0,One year
Amref Health Africa NL,amrefnl,8,6,10,23,2,0,0,0,0,0,0,0,One year
Amref Health Africa in Kenya,amrefkenya,0,0,1,0,0,0,0,0,0,0,0,0,One year
Asian-Pacific Resource and Research Centre for Women (ARROW),my-ssm,0,0,5,0,0,0,0,0,0,0,0,0,One year
Asociación Movimiento Feminista Por La Paz Ruta Pacífica de las Mujeres,rpm,0,1,1,0,0,0,0,0,0,0,0,0,One year
Association Burkinabè pour le Bien Etre Familial Burkina Faso,abbef,0,1,1,0,0,0,0,0,0,0,0,0,One year
Association Béninoise pour la Promotion de la Famille,abpf,0,0,2,0,0,0,0,0,0,0,0,0,One year
Association for Cultural Technical and Educational Cooperation (ACTEC),actec,0,0,0,0,11,0,0,0,0,0,0,0,One year
Association for Progressive Communication,apc,0,0,23,0,0,0,0,0,0,0,0,0,One year
Association for Women's Rights in Development (AWID),awid,0,0,3,0,0,0,0,0,0,0,0,0,One year
Association pour la Promotion de l'Education et de la Formation à l'Etranger,apefe,0,0,0,0,15,0,0,0,0,0,0,0,One year
Autre Terre asbl,a-t,0,0,0,0,7,0,0,0,0,0,0,0,One year
Avocats Sans Frontières,asf,0,0,4,0,7,1,0,0,0,0,0,0,One year
BBC Media Action,bbcmediaaction,0,0,8,0,0,0,0,0,0,0,0,0,One year
BOS+ tropen,bos_plus_tropen,0,0,0,0,7,0,0,0,0,0,0,0,One year
BRAC University,bu,0,0,0,0,0,2,0,0,0,0,0,0,One year
Belgian development agency (Enabel),enabel,135,131,159,0,0,0,0,0,0,0,0,0,One year
Beweging voor Internationale Solidariteit - Mouvement pour la Solidarité Internationale,bismsi,0,0,0,0,2,0,0,0,0,0,0,0,One year
Bond,bond,5,1,0,0,0,0,0,0,0,0,0,0,One year
Both ENDS,bothends,4,0,8,0,0,0,0,0,0,0,0,0,One year
British International Investment plc,bii,27,41,81,1,3,5,0,0,0,0,0,0,One year
Broederlijk Delen,bd,0,0,0,0,15,0,0,0,0,0,0,0,One year
Business Watch Indonesia,bwi,3,0,3,0,0,0,0,0,0,0,0,0,One year
CABI,cabi,0,0,19,0,0,0,0,0,0,0,0,0,One year
CAPABUILD,capabui,0,0,1,0,0,0,0,0,0,0,0,0,One year
CARE BENIN/TOGO,carebenintogo,0,0,1,0,0,0,0,0,0,0,0,0,One year
CARE Nederland,carenederland,0,0,194,0,0,0,0,0,0,0,0,0,One year
CHRISTIAN AGENCY FOR PEACE AND DEVELOPMENT (CAPaD),capad,2,0,1,0,0,1,0,0,0,0,0,0,One year
CNV Internationaal,nl-kvk-54436222-27541,0,0,16,0,0,0,0,0,0,0,0,0,One year
COMMISSION JUSTICE ET PAIX ASBL (cjp),cjp,0,0,0,0,1,0,0,0,0,0,0,0,One year
CREA,creausa-org,0,0,57,0,0,0,0,0,0,0,0,0,One year
Camco Management Limited,camco,0,0,2,0,0,0,0,0,0,0,0,0,One year
Caritas International (Belgium),cibe,0,0,0,0,7,0,0,0,0,0,0,0,One year
Center for Democratic Development Ghana,cdd_admin,0,4,24,0,0,1,0,0,0,0,0,0,One year
Center for Development and Integration,cdi_vn_2021,0,0,1,0,0,0,0,0,0,0,0,0,One year
Centre National de Coopération au Développement (CNCD-11.11.11),cncd,0,0,0,0,5,0,0,0,0,0,0,0,One year
Centre Tricontinental - CETRI,ct-admin,0,0,0,0,3,0,0,0,0,0,0,0,One year
"Centre for Environment, Fisheries and Aquaculture Science (Cefas)",cefas,2,2,2,2,2,21,0,0,0,0,0,0,One year
Centre for Journalism Innovation and Development,cjid_ng,0,0,1,0,1,0,0,0,0,0,0,0,One year
Centre for Lebanese Studies,cls,3,0,0,3,0,0,0,0,0,0,0,0,One year
Centro de Aprendizagem e Capacitação da Sociedade Civil,cesc,0,1,22,0,0,0,0,0,0,0,0,0,One year
Chaîne de l'Espoir Belgique / Keten van Hoop België / Chain of Hope Belgium,cdeb-kvhb_admin,0,0,0,0,4,0,0,0,0,0,0,0,One year
Child Rights Coalition Asia,crcasia,1,1,1,1,5,0,0,0,0,0,0,0,One year
Christian Blind Mission (UK) Ltd.,cbm,0,1,0,0,0,0,0,0,0,0,0,0,One year
Clean Clothes Campaign,ccc,0,0,2,0,0,0,0,0,0,0,0,0,One year
ClientEarth,clientearth-1,0,1,5,0,0,0,0,0,0,0,0,0,One year
Coffey International Development,coffey,0,0,52,0,0,50,0,0,0,0,0,0,One year
Collectif Stratégies Alimentaires,csa,0,0,0,0,4,0,0,0,0,0,0,0,One year
Commonwealth of Learning,col,0,0,0,0,0,1,0,0,0,0,0,0,One year
Concern Worldwide,concern_worldwide,0,1,34,1,0,0,0,0,0,0,0,0,One year
Concern Worldwide UK,concernuk,0,2,28,2,0,0,0,0,0,0,0,0,One year
Conciliation Resources Australia,cra,4,0,0,0,0,0,0,0,0,0,0,0,One year
Confederation of Danish Industry,di,2,5,3,0,0,0,0,0,0,0,0,0,One year
Congodorpen vzw,congodorpen,0,0,0,0,3,0,0,0,0,0,0,0,One year
Coopération par l'Education et la Culture,cec,0,0,0,0,4,0,0,0,0,0,0,0,One year
Corporación de Apoyo a Comunidades Populares,codacop,1,0,1,0,0,0,0,0,0,0,0,0,One year
Cowater International Inc,cowater,5,5,5,4,6,18,0,0,0,0,0,0,One year
Croix-Rouge de Belgique Communauté francophone - Activités internationales ASBL,crb-ai_admin,0,0,0,0,8,0,0,0,0,0,0,0,One year
DT Global UK,imcw_admin,0,0,0,0,0,9,0,0,0,0,0,0,One year
DUF - The Danish Youth Council,duf,0,0,0,0,0,1,0,0,0,0,0,0,One year
Damiaanactie / Action Damien,damien-foundation,0,0,0,0,8,0,0,0,0,0,0,0,One year
Defence for Children International Netherlands - ECPAT Netherlands,dciecpatnl,0,5,10,7,9,0,0,0,0,0,0,0,One year
DefendDefenders,defenddefenders,0,0,7,0,0,0,0,0,0,0,0,0,One year
Democracy Reporting International gGmbH,dri,0,0,9,0,0,0,0,0,0,0,0,0,One year
Development Expertise Center,dec_ethiopia,0,0,1,0,0,0,0,0,0,0,0,0,One year
DiXi Group NGO,dixigroup,0,0,2,0,0,0,0,0,0,0,0,0,One year
Dorcas Aid International,dai,3,1,2,0,0,3,0,0,0,0,0,0,One year
Dynamo International asbl,dynamo_international,0,0,0,0,4,0,0,0,0,0,0,0,One year
Echos Communication,ec,0,0,0,0,4,0,0,0,0,0,0,0,One year
Eclosio,eclosio,0,0,0,0,9,0,0,0,0,0,0,0,One year
Education Development Trust,eddevtrust,11,2,0,1,2,49,0,0,0,0,0,0,One year
Energy Council of South Africa,energycouncilsa,0,1,0,0,0,0,0,0,0,0,0,0,One year
Enfance Tiers Monde Kinderen Derde Wereld,etmkdw,0,0,0,0,1,1,0,0,0,0,0,0,One year
Entraide et Fraternité,ef_,0,0,0,0,9,0,0,0,0,0,0,0,One year
Ethical Trading Initiative,eti,0,0,3,0,0,0,0,0,0,0,0,0,One year
Ethiopiaid UK,ethiopiaiduk,11,1,2,0,0,0,0,0,0,0,0,0,One year
European Commission - Neighbourhood and Enlargement Negotiations,ec-near,329,568,675,0,0,0,0,0,0,0,0,0,One year
European Commission - Service for Foreign Policy Instruments,ec-fpi,77,82,184,0,0,0,0,0,0,0,0,0,One year
FIAN Belgium,fian-belgium,0,0,0,0,1,0,0,0,0,0,0,0,One year
Fairfood International,fairfood,6,0,6,0,0,0,0,0,0,0,0,0,One year
Fairtrade Belgium,fairtrade_be,0,0,0,0,2,0,0,0,0,0,0,0,One year
Family Counseling and Development Foundation,fcdf,1,1,0,0,0,0,0,0,0,0,0,0,One year
Fiabel,fiabel,0,0,3,0,0,0,0,0,0,0,0,0,One year
Finland - Ministry for Foreign Affairs,finland_mfa,111,78,152,0,0,0,0,0,0,0,0,0,One year
Fondation suisse de déminage (FSD),fsd-switzerland_2025,0,0,1,0,0,0,0,0,0,0,0,0,One year
Fondo Centroamericano de Mujeres,fcam,0,0,5,0,0,0,0,0,0,0,0,0,One year
Fonds voor Ontwikkelingssamenwerking - Socialistische Solidariteit VZW,fos,0,0,0,0,5,0,0,0,0,0,0,0,One year
Forum Universitaire pour la Coopération Internationale au Développement -FUCID ASBL,fucid,0,0,0,0,6,0,0,0,0,0,0,0,One year
Forum for Africa Women Educationalist Regional Secretariat,fawe-rs,1,0,15,0,0,0,0,0,0,0,0,0,One year
Free a Girl,freeagirl,0,0,3,0,2,0,0,0,0,0,0,0,One year
Friendship,fb_2023,0,1,0,0,0,0,0,0,0,0,0,0,One year
Frères des Hommes,fdhommes,0,0,0,0,4,0,0,0,0,0,0,0,One year
Fundación Fondo Mujeres del Sur,fms,0,0,57,0,0,0,0,0,0,0,0,0,One year
Fundación de Antropología Forense de Guatemala,fafg,0,10,2,0,0,0,0,0,0,0,0,0,One year
GALZ,galz,0,0,1,0,0,0,0,0,0,0,0,0,One year
GEOMOUN ASBL,geomoun,0,0,0,0,4,0,0,0,0,0,0,0,One year
GPPAC Foundation,gppac,1,0,0,0,0,0,0,0,0,0,0,0,One year
Gender at Work,genderatwork,6,4,21,3,2,20,0,0,0,0,0,0,One year
George Institute for Global Health,tgi_india,1,0,0,0,0,0,0,0,0,0,0,0,One year
Georgetown University,georgetown,0,0,0,0,0,19,0,0,0,0,0,0,One year
Global Antibiotic Research and Development Partnership,gardp,0,0,353,0,0,0,0,0,0,0,0,0,One year
Global Focus,globaltfokus,0,0,0,0,0,1,0,0,0,0,0,0,One year
Global Network of People Living with HIV (GNP+),gnpplus,0,0,9,0,0,0,0,0,0,0,0,0,One year
Grand Challenges Canada,hgc,9,5,17,6,5,11,0,0,0,0,0,0,One year
Greater Virunga Transboundary Collaboration,gvtc,0,1,2,0,0,0,0,0,0,0,0,0,One year
HM Revenue and Customs,cbu_hmrc,1,0,0,0,1,1,0,0,0,0,0,0,One year
Handicap International Belgique,hib,0,0,0,0,6,0,0,0,0,0,0,0,One year
ICLEI Africa,icleiafrica,0,0,0,0,0,15,0,0,0,0,0,0,One year
IDH Investment Management B.V.,idh_im,0,0,2,0,0,0,0,0,0,0,0,0,One year
IDH THE SUSTAINABLE TRADE INITIATIVE,idh-ghana,0,4,0,0,0,0,0,0,0,0,0,0,One year
IHE Delft Institute for Water Education,ihedelft,1,1,6,1,0,0,0,0,0,0,0,0,One year
ILGA Asia,ilgaasia,0,0,1,0,0,0,0,0,0,0,0,0,One year
IMD Moçambique,imdmozambique,0,0,9,0,0,0,0,0,0,0,0,0,One year
ITECO - Centre de formation pour le développement,iteco,0,0,0,0,1,0,0,0,0,0,0,0,One year
Iftiin Foundation,iffoundation12,1,0,0,0,0,0,0,0,0,0,0,0,One year
Iles de Paix,idp,0,0,0,0,8,0,0,0,0,0,0,0,One year
Independent Diplomat,independent_diplomat,0,0,1,0,0,0,0,0,0,0,0,0,One year
Innovex Uganda limited,in,0,0,1,0,0,0,0,0,0,0,0,0,One year
Institut de Formation Syndical International - Internationaal Syndicaal Vormingsinstituut,ifsi_isvi,0,0,0,0,7,0,0,0,0,0,0,0,One year
Institute for Community Based Sociotherapy,ic-bs_24,0,0,5,0,0,0,0,0,0,0,0,0,One year
Institute of Tropical Medicine,itm,0,0,0,0,15,1,0,0,0,0,0,0,One year
Inter-American Foundation,iaf,146,124,134,0,0,0,0,0,0,0,0,0,One year
International Fertilizer Development Center,ifdc-us,3,2,7,0,0,1,0,0,0,0,0,0,One year
International Indigenous Women Forum,fimi_iiwf_2019,0,0,0,3,0,2,0,0,0,0,0,0,One year
International Initiative for Impact Evaluation,3ie,1,11,7,0,0,0,0,0,0,0,0,0,One year
International NGO Safety Organisation,inso,0,0,3,0,0,0,0,0,0,0,0,0,One year
International Nepal Fellowship Nepal,infnepal,1,0,1,1,0,1,0,0,0,0,0,0,One year
International Peace Information Service,ipis,0,0,0,0,8,2,0,0,0,0,0,0,One year
International Trade Centre (ITC),itc,5,8,234,0,0,0,0,0,0,0,0,0,One year
International Women's Rights Action Watch Asia Pacific,iwrawasiapacific,0,0,8,0,0,0,0,0,0,0,0,0,One year
Internews Europe,ieu,0,0,0,0,0,1,0,0,0,0,0,0,One year
Interpeace,interpeace,7,7,51,0,5,29,0,0,0,0,0,0,One year
Ipas,ipas,0,0,4,0,0,0,0,0,0,0,0,0,One year
Ireland - Department of Foreign Affairs,irishaid,2,10,2,0,2,0,0,0,0,0,0,0,One year
Join For Water,protos,0,0,0,0,10,0,0,0,0,0,0,0,One year
Joint Nature Conservation Committee,jncc,0,0,0,0,0,32,0,0,0,0,0,0,One year
Justice & Peace Netherlands,jp-nl,0,0,4,0,0,0,0,0,0,0,0,0,One year
Justice For All Prison Fellowship Ethiopia,jfa-pfe,0,1,2,0,0,0,0,0,0,0,0,0,One year
KHYBER MEDICAL UNIVERSITY,kmu,1,0,0,0,0,0,0,0,0,0,0,0,One year
KIYO,kiyo,0,0,0,0,7,0,0,0,0,0,0,0,One year
King's College London,kingscollegelondon,5,0,6,0,0,6,0,0,0,0,0,0,One year
Koepel van de Vlaamse Noord-Zuidbeweging 11.11.11 VZW,111111_publisher,0,0,0,0,13,0,0,0,0,0,0,0,One year
Laïcité et Humanisme en Afrique Centrale (LHAC),lhac,0,0,0,0,4,0,0,0,0,0,0,0,One year
Le Monde selon les femmes asbl,mondefemmes,0,0,0,0,7,0,0,0,0,0,0,0,One year
Liga Internacional de Mujeres por la Paz y la Libertad - Limpal Colombia,limpal-colombia,0,0,2,0,0,0,0,0,0,0,0,0,One year
Light For The World Belgium,lftw-be,0,0,0,0,2,0,0,0,0,0,0,0,One year
MAG,mag,0,0,21,0,0,19,0,0,0,0,0,0,One year
MDF Global,mdf,0,0,1,1,0,0,0,0,0,0,0,0,One year
"Mahila Sarvangeen Utkarsh Mandal, Pune, India",masumpune_87,0,0,1,0,0,0,0,0,0,0,0,0,One year
Mama Cash,mamac,0,2,29,0,0,0,0,0,0,0,0,0,One year
Marsa Sexual Health Center,marsa_welead,0,0,1,0,0,0,0,0,0,0,0,0,One year
Max Foundation,max-foundation,2,1,14,0,0,0,0,0,0,0,0,0,One year
Medecins du Monde Belgique - Dokters van de Wereld Belgïe,medecins,0,0,0,0,9,1,0,0,0,0,0,0,One year
Memisa,memisa,0,0,0,0,8,0,0,0,0,0,0,0,One year
Micaia Foundation,micfound,0,0,2,0,0,0,0,0,0,0,0,0,One year
Miel Maya Honing asbl,mmha,0,0,0,0,2,1,0,0,0,0,0,0,One year
Milieudefensie,foenl,0,0,2,0,0,0,0,0,0,0,0,0,One year
Millennium Water Alliance Kenya,mwa_kenya,0,1,0,0,0,0,0,0,0,0,0,0,One year
Ministry of Foreign Affairs - United Arab Emirates (UAE),mofaic_uae,6,12,60,0,0,0,0,0,0,0,0,0,One year
Minority Rights Group,mrg,0,2,1,1,0,1,0,0,0,0,0,0,One year
Mondiaal FNV (Stichting),mondiaalfnv,0,0,4,0,0,0,0,0,0,0,0,0,One year
Mwatana for Human Rights,mwatana,0,0,1,1,0,0,0,0,0,0,0,0,One year
Médecins Sans Vacances,msv,0,0,0,0,5,0,0,0,0,0,0,0,One year
NORSAAC,norsaac,1,0,1,0,0,0,0,0,0,0,0,0,One year
Netherlands Advisory Board on Impact Investing,thenab,0,0,4,0,0,0,0,0,0,0,0,0,One year
Netherlands Commission for Environmental Assessment,ncea,0,0,6,0,0,0,0,0,0,0,0,0,One year
Netherlands Food Partnership,nfp,0,0,1,4,0,0,0,0,0,0,0,0,One year
Ngo-federatie (Vlaamse federatie van ngo's voor ontwikkelingssamenwerking),ngo-federatie,0,0,3,0,0,1,0,0,0,0,0,0,One year
Niger Delta Stakeholders Initiative for Community Development and Empowerment,ndsicde,0,0,1,0,0,0,0,0,0,0,0,0,One year
Nonviolent Peaceforce South Sudan,npss,0,1,0,1,0,0,0,0,0,0,0,0,One year
OECD,oecd,0,0,6,0,0,0,0,0,0,0,0,0,One year
Obodo Centre for Advocacy and Equal Rights,obodo_ng,12,0,0,0,0,0,0,0,0,0,0,0,One year
Ocean Risk and Resilience Action Alliance,orraa_inc,1,0,0,0,0,0,0,0,0,0,0,0,One year
Oxfam Solidarité-Solidariteit,oxsol,0,0,0,0,8,0,0,0,0,0,0,0,One year
Oxfam Wereldwinkels,oww,0,0,0,0,3,0,0,0,0,0,0,0,One year
Oxfam-Magasins du monde (omdm),omdm,0,0,0,0,4,0,0,0,0,0,0,0,One year
PAX,pax,0,0,40,0,2,0,0,0,0,0,0,0,One year
PCP Uganda Limited,pcp-ug_125289,0,0,2,0,0,0,0,0,0,0,0,0,One year
PHASE Worldwide,phase_worldwide,1,0,5,1,0,5,0,0,0,0,0,0,One year
Palladium Europe,palladium_eur,0,0,93,0,0,0,0,0,0,0,0,0,One year
Pan Africa ILGA,pai155669,0,0,1,0,0,0,0,0,0,0,0,0,One year
Pan African Climate Justice Alliance,pacja,0,0,14,0,0,0,0,0,0,0,0,0,One year
Peace Direct,peacedirect,0,0,3,0,0,0,0,0,0,0,0,0,One year
Plan International Belgium,pib,0,2,8,0,8,0,0,0,0,0,0,0,One year
Plateforme des Acteurs de la Société Civile au BENIN,pascib_benin,3,0,3,0,0,0,0,0,0,0,0,0,One year
Positive Vibes Trust,pv,0,0,14,0,0,0,0,0,0,0,0,0,One year
Practical Action,pa,0,1,146,0,1,157,0,0,0,0,0,0,One year
Première Urgence Internationale,premiere-urgence,0,1,0,0,0,1,0,0,0,0,0,0,One year
PricewaterhouseCoopers Private Limited India,pwcplindia,1,0,0,0,0,0,0,0,0,0,0,0,One year
Private Infrastructure Development Group,pidg,0,0,142,0,0,0,0,0,0,0,0,0,One year
Promundo-US,pmo-us,0,0,4,0,0,0,0,0,0,0,0,0,One year
Publish What You Fund,pwyf,57,28,39,0,0,0,0,0,0,0,0,0,One year
Queen Rania Foundation for Education and Development,qrfed,0,0,2,0,0,2,0,0,0,0,0,0,One year
Quinoa,quinoa,0,0,0,0,1,0,0,0,0,0,0,0,One year
RCN Justice & Démocratie,rcn,0,0,0,0,6,0,0,0,0,0,0,0,One year
Railway Children Africa,rc2africa,0,0,1,0,0,0,0,0,0,0,0,0,One year
Red Umbrella Fund,ruf,0,0,7,0,0,0,0,0,0,0,0,0,One year
Relief International France,ri_france,92,104,285,156,0,0,0,0,0,0,0,0,One year
Rene Moawad Foundation,rmf-lb,0,0,1,0,0,0,0,0,0,0,0,0,One year
Rijksakademie van beeldende kunsten,rabk,8,11,5,3,3,0,0,0,0,0,0,0,One year
Rikolto,rikolto,0,0,0,0,22,0,0,0,0,0,0,0,One year
Rode Kruis-Vlaanderen Internationaal vzw,rkiv,0,0,1,0,6,0,0,0,0,0,0,0,One year
Royal Tropical Institute,kit,1,0,24,0,0,0,0,0,0,0,0,0,One year
Rutgers,rutgers,3,6,21,0,0,0,0,0,0,0,0,0,One year
SCI Projets Internationaux ASBL_Service Civil International branche belge,scibelgium,0,0,0,0,2,0,0,0,0,0,0,0,One year
SCOPEinsight B.V.,scopeinsight,0,0,8,0,0,0,0,0,0,0,0,0,One year
SIHA Network,siharegional,0,0,18,0,0,0,0,0,0,0,0,0,One year
SOS FAIM - SOS HUNGER,sosfaim,0,0,2,0,10,0,0,0,0,0,0,0,One year
Search for Common Ground (SFCG),sfcg,4,6,6,0,3,0,0,0,0,0,0,0,One year
Secrétariat de Concertation des Organisations Non Gouvernementales Maliennes,seco-ong-mali,3,0,1,0,0,0,0,0,0,0,0,0,One year
SeeYou Foundation,syf,0,0,5,0,0,0,0,0,0,0,0,0,One year
Sensorial Handicap Cooperation,shc,0,0,0,0,2,0,0,0,0,0,0,0,One year
Sexual Reproductive Health and Rights Africa Trust,srhr_africa_trust,0,0,10,0,0,0,0,0,0,0,0,0,One year
Simavi,simavi,0,0,1,0,0,0,0,0,0,0,0,0,One year
Small Arms Survey,sas_sana,0,1,0,0,0,0,0,0,0,0,0,0,One year
Society For Promotion of Area Resource Centres,sparc_iati,1,0,1,1,0,0,0,0,0,0,0,0,One year
Solidagro,solidagro_admin,0,0,0,0,7,0,0,0,0,0,0,0,One year
Solidar Suisse,solidarsuisse,2,1,7,0,0,3,0,0,0,0,0,0,One year
Solidaridad,solidaridad,2,0,94,0,0,0,0,0,0,0,0,0,One year
Solsoc,solsoc,0,0,0,0,5,1,0,0,0,0,0,0,One year
Sonke Gender Justice,sjg,0,2,6,0,0,0,0,0,0,0,0,0,One year
South African Network of People who Use Drugs,sanpud,0,0,3,0,0,0,0,0,0,0,0,0,One year
Southeast Asia Freedom of Expression Network (SAFEnet),safenet,1,0,0,0,0,0,0,0,0,0,0,0,One year
Stichting Agriterra,agriterra,0,0,19,0,0,0,0,0,0,0,0,0,One year
Stichting Health Action International,hai,1,0,4,0,0,0,0,0,0,0,0,0,One year
Stichting Leprazending Nederland - The Leprosy Mission Netherlands,leprazending-tlm-nl,0,0,5,0,0,0,0,0,0,0,0,0,One year
Stichting Liliane Fonds,slf,0,1,6,0,0,0,0,0,0,0,0,0,One year
Stichting RNW Media,rnw_org,0,1,5,0,0,0,0,0,0,0,0,0,One year
Stichting Red een Kind,redeenkind,0,2,5,0,0,0,0,0,0,0,0,0,One year
Stichting VSO Nederland,vso_nl,0,1,6,0,0,0,0,0,0,0,0,0,One year
Stichting Wilde Ganzen/ IKON,nl_wg,9,0,6,0,0,0,0,0,0,0,0,0,One year
Stichting fondsbeheer DGGF lokaal MKB,dggf_financing_local_smes,1,2,7,0,0,1,0,0,0,0,0,0,One year
Stonewall Equality Limited,stonewa11,6,0,0,0,0,0,0,0,0,0,0,0,One year
Studio Globo,sg,0,1,0,0,2,0,0,0,0,0,0,0,One year
Swisscontact,swisscontact,0,0,3,0,0,0,0,0,0,0,0,0,One year
Syria Justice and Accountability Centre (SJAC),sjac,0,0,1,0,0,0,0,0,0,0,0,0,One year
TRAIDE Foundation,traide_foundation,0,0,2,0,0,0,0,0,0,0,0,0,One year
Talent Acceleration Platform (TAP),tap,0,0,0,0,0,1,0,0,0,0,0,0,One year
Tanager,tan,4,4,5,4,4,4,0,0,0,0,0,0,One year
Tech2Peace,t2p,0,0,1,0,0,0,0,0,0,0,0,0,One year
TechnoServe,tns,0,0,2,1,0,0,0,0,0,0,0,0,One year
Terre des Hommes Netherlands,tdh_nl,0,0,75,0,0,0,0,0,0,0,0,0,One year
The Global Center on Adaptation,gca,1,1,3,0,0,0,0,0,0,0,0,0,One year
The Global Initiative Against Transnational Organized Crime,gi-toc,0,0,4,0,0,0,0,0,0,0,0,0,One year
The Hague Academy for Local Governance,tha,0,0,8,0,0,0,0,0,0,0,0,0,One year
The Kvinna till Kvinna Foundation - Head Office,ktk_ho,0,1,2,0,1,1,0,0,0,0,0,0,One year
The Leprosy Mission Nepal,tlmnepal,0,0,0,0,1,0,0,0,0,0,0,0,One year
The Open University,open_university,0,0,1,0,0,1,0,0,0,0,0,0,One year
The Palestinian Initiative for the Promotion of Global Dialogue and Democracy-MIFTAH,miftah,0,0,3,0,0,1,0,0,0,0,0,0,One year
"The University of the West of England, Bristol",uwe,0,1,0,0,0,1,0,0,0,0,0,0,One year
Transnational Institute,tni,0,0,3,0,0,0,0,0,0,0,0,0,One year
Transparency International UK,ti-uk,0,0,0,4,0,0,0,0,0,0,0,0,One year
Trias,trias,0,0,0,0,15,0,0,0,0,0,0,0,One year
Triggerise Ethiopia,trig,0,0,1,0,0,0,0,0,0,0,0,0,One year
Tropical Health Consulting,thc,1,0,1,0,0,0,0,0,0,0,0,0,One year
TrustAfrica,trustafrica,0,0,16,0,0,0,0,0,0,0,0,0,One year
Twitezimbere,twz1,1,0,1,0,0,0,0,0,0,0,0,0,One year
UHAI EASHRI,uhai-eashri,0,0,6,0,0,0,0,0,0,0,0,0,One year
"UK - Department for Business, Energy and Industrial Strategy (BEIS)",beis,0,0,2,0,0,0,0,0,0,0,0,0,One year
UK – Department for Education,dfe,0,0,2,0,0,0,0,0,0,0,0,0,One year
ULB-Coopération,ulbcoop,0,0,0,0,9,0,0,0,0,0,0,0,One year
UNICEF Netherlands National Committee,unicefnl,0,0,1,0,0,1,0,0,0,0,0,0,One year
Uganda National NGO Forum,ngoforum_01,0,1,0,0,0,1,0,0,0,0,0,0,One year
Unicef Belgium National Committee,ub,0,0,0,0,1,0,0,0,0,0,0,0,One year
Union des Villes et Communes de Wallonie (UVCW),uvcw,0,0,6,0,0,0,0,0,0,0,0,0,One year
United Nations Capital Development Fund,uncdf,0,0,85,0,0,0,0,0,0,0,0,0,One year
United Nations Office for the Coordination of Humanitarian Affairs (Specially-Designated Contributions),unocha-sdc,0,0,1,0,0,0,0,0,0,0,0,0,One year
United States African Development Foundation,usadf,134,101,142,0,0,0,0,0,0,0,0,0,One year
United States Department of Agriculture,usda,73,64,183,72,64,179,0,0,0,0,0,0,One year
United States Department of Commerce,doc,0,3,1,1,0,2,0,0,0,0,0,0,One year
United States Department of Energy,doe,146,1,32,42,1,95,0,0,0,0,0,0,One year
United States Department of Interior,doi,0,192,165,137,32,15,0,0,0,0,0,0,One year
United States Department of Labor,dol,0,1,89,5,0,69,0,0,0,0,0,0,One year
United States Department of Transportation,dot,32,4,10,0,0,0,0,0,0,0,0,0,One year
United States Environmental Protection Agency,epa,0,0,2,3,1,2,0,0,0,0,0,0,One year
United States Health and Human Services,hhs,770,798,996,0,0,1,0,0,0,0,0,0,One year
United States International Development Finance Corporation,dfc,0,1,3,0,0,0,0,0,0,0,0,0,One year
United States Trade and Development Agency,ustda,36,69,73,0,0,0,0,0,0,0,0,0,One year
Universidad Cientifica del Sur,cientifica-pe,0,0,0,1,0,0,0,0,0,0,0,0,One year
Universitair Centrum voor Ontwikkelingssamenwerking,ucos,0,0,0,0,3,0,0,0,0,0,0,0,One year
University of Exeter,uoex,1,0,0,0,0,1,0,0,0,0,0,0,One year
Upinion Netherlands,upinion,0,1,0,0,1,0,0,0,0,0,0,0,One year
Urgent Action Fund for Women's Human Rights,uaf,0,0,4,0,0,0,0,0,0,0,0,0,One year
Urgent Action Fund-Africa,uaf-africa,0,0,4,0,0,0,0,0,0,0,0,0,One year
VEI B.V.,vei_nl,0,0,1,0,0,0,0,0,0,0,0,0,One year
VIA Don Bosco,via-db,0,0,0,0,14,0,0,0,0,0,0,0,One year
VNG International,vngi,2,0,20,3,0,1,0,0,0,0,0,0,One year
VVSG - Vereniging van Vlaamse Steden en Gemeenten,vvsg,0,0,1,0,0,0,0,0,0,0,0,0,One year
WAPA International ASBL,wapa,0,0,0,0,1,0,0,0,0,0,0,0,One year
"WO=MEN, Dutch Gender Platform",wo-men,0,0,7,0,0,0,0,0,0,0,0,0,One year
WYG International B.V.,wygi,0,0,12,0,0,14,0,0,0,0,0,0,One year
War Child Netherlands,warchildholland,5,0,1,0,0,9,0,0,0,0,0,0,One year
War Child UK,wcuk,0,0,0,2,0,4,0,0,0,0,0,0,One year
WasteAid UK,wasteaid,0,2,8,0,2,1,0,0,0,0,0,0,One year
We World - GVC Onlus,ww-gvc,0,0,1,0,0,0,0,0,0,0,0,0,One year
Wemos Foundation,wemos,1,3,8,0,0,0,0,0,0,0,0,0,One year
Wereldsolidariteit-Solidarité Mondiale (WSM),wsm,0,0,0,0,6,0,0,0,0,0,0,0,One year
Womankind Worldwide,womankindworld,5,0,0,3,3,0,0,0,0,0,0,0,One year
Women Challenged to Challenge,wctc,1,0,1,1,0,0,0,0,0,0,0,0,One year
Women's Centre for Legal Aid and Counselling,wclac,0,0,1,1,0,0,0,0,0,0,0,0,One year
World Bank Trust Funds,wbtf,821,0,0,0,0,0,0,0,0,0,0,0,One year
World Jewish Relief,wjr_001,1,0,0,1,1,1,0,0,0,0,0,0,One year
World Resources Institute,wri,0,1,0,0,0,0,0,0,0,0,0,0,One year
World Wide Fund for Nature Belgium (WWF-BE),wwf-be,0,0,0,0,5,0,0,0,0,0,0,0,One year
Yamaan Foundation for Health and Social Development,yffhsd,0,1,1,0,0,2,0,0,0,0,0,0,One year
Young Africa International HUB,yai-hub,0,0,0,0,1,0,0,0,0,0,0,0,One year
convention de la société civile ivoirienne,csci_benkadi,4,0,1,0,0,0,0,0,0,0,0,0,One year
iDE,ide,0,2,0,2,0,0,0,0,0,0,0,0,One year
partos,partos_nl,0,0,16,0,0,0,0,0,0,0,0,0,One year
siiqqee Women's Development Association,swda,0,1,1,0,1,0,0,0,0,0,0,0,One year
2X Global Limited,2xglobal,0,0,0,0,0,0,0,0,0,0,0,0,More than one year
50 Eight Limited,fifty_eight,0,0,0,0,0,0,0,0,0,0,0,0,More than one year
60 Decibels,60db,0,0,0,0,0,0,0,0,0,0,0,0,More than one year
ACER International UK Ltd,aceruk,0,0,0,0,0,0,0,0,0,0,0,0,More than one year
ACT Alliance,act_alliance,0,0,0,0,0,0,0,0,0,0,0,0,More than one year
ACTED,acted,0,0,0,0,0,0,0,0,0,0,0,0,More than one year
ACTION AGAINST HUNGER SPAIN,acfspain,0,0,0,0,0,0,0,0,0,0,0,0,More than one year
ACTIONAID INTERNATIONAL KENYA,aaik,0,0,0,0,0,0,0,0,0,0,0,0,More than one year
ADRA-UK,adrauk,0,0,0,0,0,0,0,0,0,0,0,0,More than one year
ADS-Nyanza,ads-nyanza,0,0,0,0,0,0,0,0,0,0,0,0,More than one year
AECOM,aecom,0,0,0,0,0,0,0,0,0,0,0,0,More than one year
AFELT,afelt,0,0,0,0,0,0,0,0,0,0,0,0,More than one year
AFEW International,afewinternational,0,0,0,0,0,0,0,0,0,0,0,0,More than one year
AIDS and Rights Alliance for Southern Africa,arasaregional,0,0,0,0,0,0,0,0,0,0,0,0,More than one year
AIDSPAN,aidspan,0,0,0,0,0,0,0,0,0,0,0,0,More than one year
ANDA,anda,0,0,0,0,0,0,0,0,0,0,0,0,More than one year
APPRO-Europe,appro-eu,0,0,0,0,0,0,0,0,0,0,0,0,More than one year
APT Action on Poverty,apt,0,0,0,0,0,0,0,0,0,0,0,0,More than one year
"ARGUS, Company with Foreign Capital",argus_kyiv,0,0,0,0,0,0,0,0,0,0,0,0,More than one year
ARK (Absolute Return for Kids),ark,0,0,0,0,0,0,0,0,0,0,0,0,More than one year
ARK Group DMCC,arkgroupdmcc1,0,0,0,0,0,0,0,0,0,0,0,0,More than one year
ARQ International,arq_intl,0,0,0,0,0,0,0,0,0,0,0,0,More than one year
AVT-L Association of Victims of Terrorism Lebanon,avt-l,0,0,0,0,0,0,0,0,0,0,0,0,More than one year
AWEPA,awepa,0,0,0,0,0,0,0,0,0,0,0,0,More than one year
Aapasi Sahayog Kendra Syangja Nepal (ASK Nepal),ask,0,0,0,0,0,0,0,0,0,0,0,0,More than one year
Aasaman Nepal,aasaman,0,0,0,0,0,0,0,0,0,0,0,0,More than one year
Abaseen Foundation UK,abaseen,0,0,0,0,0,0,0,0,0,0,0,0,More than one year
Able Child Africa,ablechildafrica,0,0,0,0,0,0,0,0,0,0,0,0,More than one year
Abt Associates Inc,abt,0,0,0,0,0,0,0,0,0,0,0,0,More than one year
Acacia Water,aw,0,0,0,0,0,0,0,0,0,0,0,0,More than one year
Academy for Health Development (AHEAD),ahead,0,0,0,0,0,0,0,0,0,0,0,0,More than one year
Accelerator Nepal,acceleratornepal,0,0,0,0,0,0,0,0,0,0,0,0,More than one year
Access to Finance Rwanda,afrwanda,0,0,0,0,0,0,0,0,0,0,0,0,More than one year
Access to Seeds Foundation,atsf,0,0,0,0,0,0,0,0,0,0,0,0,More than one year
Accountability Lab,alab,0,0,0,0,0,0,0,0,0,0,0,0,More than one year
Accountable Now,accountablenow,0,0,0,0,0,0,0,0,0,0,0,0,More than one year
Acid Survivors Foundation,_admin,0,0,0,0,0,0,0,0,0,0,0,0,More than one year
Across,across,0,0,0,0,0,0,0,0,0,0,0,0,More than one year
Action Against Hunger USA,aahusa,0,0,0,0,0,0,0,0,0,0,0,0,More than one year
Action Aid Cambodia,aac,0,0,0,0,0,0,0,0,0,0,0,0,More than one year
Action Canada for Sexual Health and Rights,acfshr,0,0,0,0,0,0,0,0,0,0,0,0,More than one year
ActionAid Bangladesh,aab,0,0,0,0,0,0,0,0,0,0,0,0,More than one year
ActionAid Ghana,aag,0,0,0,0,0,0,0,0,0,0,0,0,More than one year
ActionAid International,aai,0,0,0,0,0,0,0,0,0,0,0,0,More than one year
ActionAid International Nepal,aain,0,0,0,0,0,0,0,0,0,0,0,0,More than one year
ActionAid Rwanda,aar,0,0,0,0,0,0,0,0,0,0,0,0,More than one year
Adaptation Fund,af,0,0,0,0,0,0,0,0,0,0,0,0,More than one year
Adili Solar Hubs Limited,adili_sh,0,0,0,0,0,0,0,0,0,0,0,0,More than one year
Advance Consulting,ac1999,0,0,0,0,0,0,0,0,0,0,0,0,More than one year
Adventist Development and Relief Agency (ADRA Somalia),adrasom,0,0,0,0,0,0,0,0,0,0,0,0,More than one year
"Adventist Development and Relief Agency, Nepal",adra_nepal,0,0,0,0,0,0,0,0,0,0,0,0,More than one year
Aeras,aeras,0,0,0,0,0,0,0,0,0,0,0,0,More than one year
Afghanistan Public Policy Research Organization (APPRO),appro-af,0,0,0,0,0,0,0,0,0,0,0,0,More than one year
Afghanistan and Central Asian Association,acaa,0,0,0,0,0,0,0,0,0,0,0,0,More than one year
AfriKids,afrikids,0,0,0,0,0,0,0,0,0,0,0,0,More than one year
Africa Climate Ventures,acv,0,0,0,0,0,0,0,0,0,0,0,0,More than one year
Africa Educational Trust,aet,0,0,0,0,0,0,0,0,0,0,0,0,More than one year
Africalia,africalia,0,0,0,0,0,0,0,0,0,0,0,0,More than one year
African Academy of Sciences,aas,0,0,0,0,0,0,0,0,0,0,0,0,More than one year
African Center for Economic Transformation (ACET),acet,0,0,0,0,0,0,0,0,0,0,0,0,More than one year
African Centre for Global Health and Social Transformation,achest,0,0,0,0,0,0,0,0,0,0,0,0,More than one year
African Centre for Trade and Development,actade,0,0,0,0,0,0,0,0,0,0,0,0,More than one year
African Initiatives,ai_1064413,0,0,0,0,0,0,0,0,0,0,0,0,More than one year
African Institute For Development Policy,afidep,0,0,0,0,0,0,0,0,0,0,0,0,More than one year
African Parks Network,african_parks,0,0,0,0,0,0,0,0,0,0,0,0,More than one year
African Population and Health Research Center,aphrc,0,0,0,0,0,0,0,0,0,0,0,0,More than one year
African Revival,africanrevival,0,0,0,0,0,0,0,0,0,0,0,0,More than one year
African Security Sector Network,assn,0,0,0,0,0,0,0,0,0,0,0,0,More than one year
African Tax Administration Forum,ataf,0,0,0,0,0,0,0,0,0,0,0,0,More than one year
Afrikagrupperna Sweden,afrikagrupperna,0,0,0,0,0,0,0,0,0,0,0,0,More than one year
AgResults Initiative,agresults,0,0,0,0,0,0,0,0,0,0,0,0,More than one year
Aga Khan Foundation (United Kingdom),akfuk73,0,0,0,0,0,0,0,0,0,0,0,0,More than one year
Aga Khan Foundation Afghanistan,akf_afghanistan,0,0,0,0,0,0,0,0,0,0,0,0,More than one year
Agence Nationale d'Approvisionnement en Eau Potable en Milieu Rural du Benin,anaepmr_benin,0,0,0,0,0,0,0,0,0,0,0,0,More than one year
Agency for Cooperation and Research in Development (ACORD),acord,0,0,0,0,0,0,0,0,0,0,0,0,More than one year
Agroicone,agroicone,0,0,0,0,0,0,0,0,0,0,0,0,More than one year
Agulhas Applied Knowledge,aak,0,0,0,0,0,0,0,0,0,0,0,0,More than one year
Agência de Desenvolvimento do Vale do Zambeze,agencia_do_zambeze,0,0,0,0,0,0,0,0,0,0,0,0,More than one year
AidData,aiddata,0,0,0,0,0,0,0,0,0,0,0,0,More than one year
Air Charter Service Group Ltd,acs_group,0,0,0,0,0,0,0,0,0,0,0,0,More than one year
Ajuda de Desenvolvimento de Povo para Povo (ADPP),adpp,0,0,0,0,0,0,0,0,0,0,0,0,More than one year
Aktis Strategy Ltd,aktis,0,0,0,0,0,0,0,0,0,0,0,0,More than one year
Akvo Foundation,akvo,0,0,0,0,0,0,0,0,0,0,0,0,More than one year
Al Majmoua,al_majmoua,0,0,0,0,0,0,0,0,0,0,0,0,More than one year
Alcis Holdings Limited,alcis,0,0,0,0,0,0,0,0,0,0,0,0,More than one year
Alfalit,alfalit,0,0,0,0,0,0,0,0,0,0,0,0,More than one year
All We Can (formerly Methodist Relief and Development Fund),allwecan,0,0,0,0,0,0,0,0,0,0,0,0,More than one year
Allergy and Asthma Institute Pakistan,aaip,0,0,0,0,0,0,0,0,0,0,0,0,More than one year
Alliance for a Green Revolution for Africa,agra,0,0,0,0,0,0,0,0,0,0,0,0,More than one year
Alliance of Religions and Conservation,alliance_of_religions_and_conservation,0,0,0,0,0,0,0,0,0,0,0,0,More than one year
Altai Consulting,altai,0,0,0,0,0,0,0,0,0,0,0,0,More than one year
American Friends Service Committee,afsc,0,0,0,0,0,0,0,0,0,0,0,0,More than one year
Amnesty International UK Section Charitable Trust,aiuk,0,0,0,0,0,0,0,0,0,0,0,0,More than one year
Amref Health Africa Malawi,amrefmw,0,0,0,0,0,0,0,0,0,0,0,0,More than one year
Amref Health Africa in Ethiopia,amrefeth,0,0,0,0,0,0,0,0,0,0,0,0,More than one year
Amref Health Africa in Tanzania,amreftz,0,0,0,0,0,0,0,0,0,0,0,0,More than one year
Amref Health Africa in Uganda,amrefug,0,0,0,0,0,0,0,0,0,0,0,0,More than one year
Amref health Africa in Senegal,awa_sn,0,0,0,0,0,0,0,0,0,0,0,0,More than one year
Ananda Marga Universal Relief Team (AMURT) Africa,amurt_kenya,0,0,0,0,0,0,0,0,0,0,0,0,More than one year
Anti-Slavery International,asil,0,0,0,0,0,0,0,0,0,0,0,0,More than one year
Apollo Agriculture,apolloagriculture,0,0,0,0,0,0,0,0,0,0,0,0,More than one year
Aqua for All,aqua4all,0,0,0,0,0,0,0,0,0,0,0,0,More than one year
Arab Reporters for Investigative Journalism,arij,0,0,0,0,0,0,0,0,0,0,0,0,More than one year
Arab Women Organization of Jordan,awo2022,0,0,0,0,0,0,0,0,0,0,0,0,More than one year
Arab foundation for freedoms and equality,afemena,0,0,0,0,0,0,0,0,0,0,0,0,More than one year
Article19,art19,0,0,0,0,0,0,0,0,0,0,0,0,More than one year
Ashoka East Africa,ashoka,0,0,0,0,0,0,0,0,0,0,0,0,More than one year
Asia Justice and Rights,ajar,0,0,0,0,0,0,0,0,0,0,0,0,More than one year
Asian Coalition for Housing Rights,achr,0,0,0,0,0,0,0,0,0,0,0,0,More than one year
Asociación Profamilia,profamilia,0,0,0,0,0,0,0,0,0,0,0,0,More than one year
Assistance Mission for Africa,ama-south-sudan,0,0,0,0,0,0,0,0,0,0,0,0,More than one year
Association African Solidarité (AAS),240001090,0,0,0,0,0,0,0,0,0,0,0,0,More than one year
Association Béninoise pour le Marketing Social et la Communication pour la Santé (ABMS),abms,0,0,0,0,0,0,0,0,0,0,0,0,More than one year
Association CHS Alliance,chs_alliance,0,0,0,0,0,0,0,0,0,0,0,0,More than one year
Association Centrafricaine de Traduction de la Bible et Alphabetisation,acatba,0,0,0,0,0,0,0,0,0,0,0,0,More than one year
Association de Soutien au Développement des Activités de Population,asdap,0,0,0,0,0,0,0,0,0,0,0,0,More than one year
"Association de solidarité internationale, Agriculteurs français et développement international (Afdi) France",afdi-fr,0,0,0,0,0,0,0,0,0,0,0,0,More than one year
Association des Editeurs du Magazine Jimbere,j2022,0,0,0,0,0,0,0,0,0,0,0,0,More than one year
Association des Jeunes Burundais pour le Développement Inclusif (AJEBUDI-YAGA),ajebudi_2024,0,0,0,0,0,0,0,0,0,0,0,0,More than one year
"Association for Prevention of Septic Abortion, Bangladesh (BAPSA)",bapsa,0,0,0,0,0,0,0,0,0,0,0,0,More than one year
Association for Reproductive and Family Health,arfh,0,0,0,0,0,0,0,0,0,0,0,0,More than one year
Association of Commonwealth Universities,acu,0,0,0,0,0,0,0,0,0,0,0,0,More than one year
Atos IT Services Ltd,atosuk,0,0,0,0,0,0,0,0,0,0,0,0,More than one year
Auschwitz Institute for the Prevention of Genocide and Mass Atrocities,aipr,0,0,0,0,0,0,0,0,0,0,0,0,More than one year
Australia - Department of  Foreign Affairs and Trade,ausgov,0,0,0,0,0,0,0,0,0,0,0,0,More than one year
Auto-Développement Afrique (ADA),ada,0,0,0,0,0,0,0,0,0,0,0,0,More than one year
Avanti Communications Plc,ava_admin,0,0,0,0,0,0,0,0,0,0,0,0,More than one year
Awake Travel,awaketravel,0,0,0,0,0,0,0,0,0,0,0,0,More than one year
B. P. Koirala Institute of Health Sciences,bpkihs_dharan,0,0,0,0,0,0,0,0,0,0,0,0,More than one year
BANQUE OUEST AFRICAINE DE DEVELOPPEMENT,boadiita,0,0,0,0,0,0,0,0,0,0,0,0,More than one year
BDO LLP,bdo,0,0,0,0,0,0,0,0,0,0,0,0,More than one year
BFA Global Kenya Ltd,bfa_global,0,0,0,0,0,0,0,0,0,0,0,0,More than one year
BRAC,brac_admin2,0,0,0,0,0,0,0,0,0,0,0,0,More than one year
BRAC UK,bracuk,0,0,0,0,0,0,0,0,0,0,0,0,More than one year
BSR,bsr_admin,0,0,0,0,0,0,0,0,0,0,0,0,More than one year
Babawatoto Centre For Children and Youth,bawacecy-tz,0,0,0,0,0,0,0,0,0,0,0,0,More than one year
Backward Society Education (BASE),base_22,0,0,0,0,0,0,0,0,0,0,0,0,More than one year
Balloon Ventures Foundation,bvf,0,0,0,0,0,0,0,0,0,0,0,0,More than one year
Bangladesh Business and Disability Network,bbdn,0,0,0,0,0,0,0,0,0,0,0,0,More than one year
Bangladesh Nari Progati Sangha,bnps,0,0,0,0,0,0,0,0,0,0,0,0,More than one year
Bangladesh Primary Care Respiratory Society,bpcrs,0,0,0,0,0,0,0,0,0,0,0,0,More than one year
Bangladesh Youth Leadership Center,bylc,0,0,0,0,0,0,0,0,0,0,0,0,More than one year
Bani Abdurrahman Wahid Foundation (YBAW),ybawahid,0,0,0,0,0,0,0,0,0,0,0,0,More than one year
Basel Institute on Governance,basel_institute,0,0,0,0,0,0,0,0,0,0,0,0,More than one year
BasicNeeds,basicneeds,0,0,0,0,0,0,0,0,0,0,0,0,More than one year
Basil Energetics Private Limited,bepl,0,0,0,0,0,0,0,0,0,0,0,0,More than one year
Baylor College of Medicine Children's Foundation Malawi,bcm-cf,0,0,0,0,0,0,0,0,0,0,0,0,More than one year
Bboxx,bboxx,0,0,0,0,0,0,0,0,0,0,0,0,More than one year
Bees Abroad UK,bauk,0,0,0,0,0,0,0,0,0,0,0,0,More than one year
Bees for Development Trust,beesfordevelopment,0,0,0,0,0,0,0,0,0,0,0,0,More than one year
Behavioural Insights Team,bit,0,0,0,0,0,0,0,0,0,0,0,0,More than one year
Benelux Afro Center,bac,0,0,0,0,0,0,0,0,0,0,0,0,More than one year
Berytech Foundation,berytech,0,0,0,0,0,0,0,0,0,0,0,0,More than one year
Bibliothèques Sans Frontières,bsf1,0,0,0,0,0,0,0,0,0,0,0,0,More than one year
Bioclimate Research and Development,bioclimate,0,0,0,0,0,0,0,0,0,0,0,0,More than one year
Blue Veins,bveins,0,0,0,0,0,0,0,0,0,0,0,0,More than one year
Blue Ventures Conservation,blueventures,0,0,0,0,0,0,0,0,0,0,0,0,More than one year
BoP Innovation Center,bopinc,0,0,0,0,0,0,0,0,0,0,0,0,More than one year
Boston Consulting Group UK LLP,bcg,0,0,0,0,0,0,0,0,0,0,0,0,More than one year
Bournemouth University Higher Education Corporation,bournemouth_university,0,0,0,0,0,0,0,0,0,0,0,0,More than one year
Brigham and Women's Hospital,bwh,0,0,0,0,0,0,0,0,0,0,0,0,More than one year
Brink Innovation,brink_innovation,0,0,0,0,0,0,0,0,0,0,0,0,More than one year
British & Irish Agencies Afghanistan Group,baag,0,0,0,0,0,0,0,0,0,0,0,0,More than one year
Brujula Comunicaciones Estrategicas SAS,brujula,0,0,0,0,0,0,0,0,0,0,0,0,More than one year
Brulocalis,brulocalis,0,0,0,0,0,0,0,0,0,0,0,0,More than one year
Bucks Community NGO,bucksfarm,0,0,0,0,0,0,0,0,0,0,0,0,More than one year
Buddhist Compassion Relief Tzu Chi Foundation,tzuchiuk,0,0,0,0,0,0,0,0,0,0,0,0,More than one year
Build Africa,buildafrica,0,0,0,0,0,0,0,0,0,0,0,0,More than one year
Building Foundation for Development,bfdyemen,0,0,0,0,0,0,0,0,0,0,0,0,More than one year
Burns Violence Survivors - Nepal,bvs-nepal,0,0,0,0,0,0,0,0,0,0,0,0,More than one year
Burundi Leadership Training Programme,bltp,0,0,0,0,0,0,0,0,0,0,0,0,More than one year
Business in the Community,bitc,0,0,0,0,0,0,0,0,0,0,0,0,More than one year
C40 Cities Climate Leadership Group,c40cities,0,0,0,0,0,0,0,0,0,0,0,0,More than one year
CARE International Afghanistan,ciafg,0,0,0,0,0,0,0,0,0,0,0,0,More than one year
CARE International in Zimbabwe,ciz,0,0,0,0,0,0,0,0,0,0,0,0,More than one year
CARE Nepal,cnepal,0,0,0,0,0,0,0,0,0,0,0,0,More than one year
CARE international foundation Switzerland in Sudan,cis,0,0,0,0,0,0,0,0,0,0,0,0,More than one year
CARPO - Center for Applied Research in Partnership with the Orient,carpo,0,0,0,0,0,0,0,0,0,0,0,0,More than one year
CDA Collaborative Learning Projects,cda,0,0,0,0,0,0,0,0,0,0,0,0,More than one year
CDAC Network,cdacnetwork,0,0,0,0,0,0,0,0,0,0,0,0,More than one year
CHEKA SANA TANZANIA,cst,0,0,0,0,0,0,0,0,0,0,0,0,More than one year
CIFAL Scotland,cifal,0,0,0,0,0,0,0,0,0,0,0,0,More than one year
CINI,cini_jhk,0,0,0,0,0,0,0,0,0,0,0,0,More than one year
CIVICUS World Alliance for Citizen Participation,civicus,0,0,0,0,0,0,0,0,0,0,0,0,More than one year
CIVIL INITIATIVES FOR DEVELOPMENT AND PEACE INDIA,cividep,0,0,0,0,0,0,0,0,0,0,0,0,More than one year
CLIMATE ACTION PLATFORM - AFRICA,cap-a,0,0,0,0,0,0,0,0,0,0,0,0,More than one year
COC Nederland,cocnl_publisher,0,0,0,0,0,0,0,0,0,0,0,0,More than one year
CODA International,coda,0,0,0,0,0,0,0,0,0,0,0,0,More than one year
CODEART ASBL,codeart,0,0,0,0,0,0,0,0,0,0,0,0,More than one year
CONEXIÓN,conexionla,0,0,0,0,0,0,0,0,0,0,0,0,More than one year
COWI,cowi,0,0,0,0,0,0,0,0,0,0,0,0,More than one year
CRANE,crane,0,0,0,0,0,0,0,0,0,0,0,0,More than one year
CUAMM Trustees,cuammtrustees,0,0,0,0,0,0,0,0,0,0,0,0,More than one year
Cadasta Foundation,cadasta,0,0,0,0,0,0,0,0,0,0,0,0,More than one year
Cambridge Institute for Sustainability Leadership,cisl,0,0,0,0,0,0,0,0,0,0,0,0,More than one year
Camfed International,camfed,0,0,0,0,0,0,0,0,0,0,0,0,More than one year
Canada Department of Finance / Ministère des Finances Canada,finance_canada,0,0,0,0,0,0,0,0,0,0,0,0,More than one year
Canon Collins Trust,canoncollinstrust,0,0,0,0,0,0,0,0,0,0,0,0,More than one year
Carbon Trust (Beijing) Consulting Limited,ctbeijing,0,0,0,0,0,0,0,0,0,0,0,0,More than one year
Cardno Emerging Markets,cardnoem,0,0,0,0,0,0,0,0,0,0,0,0,More than one year
Carers Worldwide,cww,0,0,0,0,0,0,0,0,0,0,0,0,More than one year
Caribbean Development Bank (CDB),caribank,0,0,0,0,0,0,0,0,0,0,0,0,More than one year
Caritas Finland,caritasfin,0,0,0,0,0,0,0,0,0,0,0,0,More than one year
Caritas Serbia,caritas_serbia,0,0,0,0,0,0,0,0,0,0,0,0,More than one year
Catholic Agency For Overseas Development (CAFOD),cafod,0,0,0,0,0,0,0,0,0,0,0,0,More than one year
Cecily's Fund,cecily,0,0,0,0,0,0,0,0,0,0,0,0,More than one year
Center for Civilians in Conflict,civic_admin,0,0,0,0,0,0,0,0,0,0,0,0,More than one year
Center for International Legal Cooperation (CILC),cilc,0,0,0,0,0,0,0,0,0,0,0,0,More than one year
Center for International Private Enterprise,cipe_1983,0,0,0,0,0,0,0,0,0,0,0,0,More than one year
Center for International Studies and Cooperation,ceci,0,0,0,0,0,0,0,0,0,0,0,0,More than one year
Center for Participation and Development,cpd_2021,0,0,0,0,0,0,0,0,0,0,0,0,More than one year
Center for Research on Environment Health and Population Activities (CREHPA),crehpa,0,0,0,0,0,0,0,0,0,0,0,0,More than one year
"Center for Research, Evaluation Resources and Development (CRERD)",crerd_ng,0,0,0,0,0,0,0,0,0,0,0,0,More than one year
Center for the Study of Islam and Society (PPIM),ppim,0,0,0,0,0,0,0,0,0,0,0,0,More than one year
Centre Diocésain de Communication de Ouahigouya,cdc_ohg,0,0,0,0,0,0,0,0,0,0,0,0,More than one year
Centre For Citizens With Disabilities,ccdnigeria,0,0,0,0,0,0,0,0,0,0,0,0,More than one year
Centre International de Développement et de Recherche,cidr,0,0,0,0,0,0,0,0,0,0,0,0,More than one year
Centre des Etudes Méditerranéennes et Internationales,cemi,0,0,0,0,0,0,0,0,0,0,0,0,More than one year
Centre for Economic Strategy Ukraine,ces-ua,0,0,0,0,0,0,0,0,0,0,0,0,More than one year
Centre for Environment Human Rights and Development,cehrd1,0,0,0,0,0,0,0,0,0,0,0,0,More than one year
Centre for Humanitarian Dialogue (HD Centre),hdcentre,0,0,0,0,0,0,0,0,0,0,0,0,More than one year
Centre for Indian Knowledge Systems,ciks,0,0,0,0,0,0,0,0,0,0,0,0,More than one year
Centre for Information Resilience,cir,0,0,0,0,0,0,0,0,0,0,0,0,More than one year
"Centre for Injury Prevention and Research, Bangladesh (CIPRB)",ciprb,0,0,0,0,0,0,0,0,0,0,0,0,More than one year
Centre for Legal Research and Development,clerd-prpi,0,0,0,0,0,0,0,0,0,0,0,0,More than one year
Centre for Policy Dialogue,cpd,0,0,0,0,0,0,0,0,0,0,0,0,More than one year
Centre for Rights Education and Awareness,creawkenya,0,0,0,0,0,0,0,0,0,0,0,0,More than one year
Centre for the Study of Adolescence,csa-kenya,0,0,0,0,0,0,0,0,0,0,0,0,More than one year
Centre of Dialogue on Human Settlement and Poverty Alleviation (CODOHSAPA),codohsapa,0,0,0,0,0,0,0,0,0,0,0,0,More than one year
Centro Brasileiro de Análise e Planejamento - Cebrap,_cebrap,0,0,0,0,0,0,0,0,0,0,0,0,More than one year
Centro Latinoamericano de Administración para el Desarrollo,clad,0,0,0,0,0,0,0,0,0,0,0,0,More than one year
Centro de Inteligência Territorial,cit_brazil,0,0,0,0,0,0,0,0,0,0,0,0,More than one year
Centro de Promocion y Defensa de los Derechos Sexuales y Reproductivos,promsex,0,0,0,0,0,0,0,0,0,0,0,0,More than one year
Cesvi,cesvi,0,0,0,0,0,0,0,0,0,0,0,0,More than one year
Chama cha Uzazi na Malezi Bora Tanzania (UMATI),umati,0,0,0,0,0,0,0,0,0,0,0,0,More than one year
Chance for Childhood,chanceforchildhood,0,0,0,0,0,0,0,0,0,0,0,0,More than one year
Charity Projects Ltd (Comic Relief),cprojects,0,0,0,0,0,0,0,0,0,0,0,0,More than one year
Chemonics International Inc.,chemonics,0,0,0,0,0,0,0,0,0,0,0,0,More than one year
Child-to-Child,ctc,0,0,0,0,0,0,0,0,0,0,0,0,More than one year
Child.org,child-dot_org,0,0,0,0,0,0,0,0,0,0,0,0,More than one year
ChildFund International,childfund,0,0,0,0,0,0,0,0,0,0,0,0,More than one year
ChildHope UK,childhopeuk,0,0,0,0,0,0,0,0,0,0,0,0,More than one year
Children in Crisis,cic,0,0,0,0,0,0,0,0,0,0,0,0,More than one year
Children in Crossfire,cicni,0,0,0,0,0,0,0,0,0,0,0,0,More than one year
Christian Engineers in Development,ced,0,0,0,0,0,0,0,0,0,0,0,0,More than one year
Church of England - The Archbishops' Council,coe-abc,0,0,0,0,0,0,0,0,0,0,0,0,More than one year
City of London Corporation,col-greenfinance,0,0,0,0,0,0,0,0,0,0,0,0,More than one year
Clim-Eat,clim-eat,0,0,0,0,0,0,0,0,0,0,0,0,More than one year
Climate Bonds Initiative,cbi,0,0,0,0,0,0,0,0,0,0,0,0,More than one year
Climate Investment Funds,cif,0,0,0,0,0,0,0,0,0,0,0,0,More than one year
Coalition of African Lesbians (CAL),cal_2000-pu,0,0,0,0,0,0,0,0,0,0,0,0,More than one year
Cobra Collective CIC,cobracollective,0,0,0,0,0,0,0,0,0,0,0,0,More than one year
ColaLife,colalife,0,0,0,0,0,0,0,0,0,0,0,0,More than one year
Collective for Research and Training on Development Action,crtda,0,0,0,0,0,0,0,0,0,0,0,0,More than one year
Comitato Internazionale per lo Sviluppo dei Popoli,cispngo,0,0,0,0,0,0,0,0,0,0,0,0,More than one year
Comité pour l'abolition des dettes illégitimes,cadtm,0,0,0,0,0,0,0,0,0,0,0,0,More than one year
Commonwealth Local Government Forum,clgf_data,0,0,0,0,0,0,0,0,0,0,0,0,More than one year
Commune de Adja-Ouere - Bénin,adja-ouere,0,0,0,0,0,0,0,0,0,0,0,0,More than one year
Commune de Adjarra - Bénin,adjarra,0,0,0,0,0,0,0,0,0,0,0,0,More than one year
Commune de Adjohoun - Bénin,adjohoun,0,0,0,0,0,0,0,0,0,0,0,0,More than one year
Commune de Akpro-Missérété - Bénin,akpro-misserete,0,0,0,0,0,0,0,0,0,0,0,0,More than one year
Commune de Allada - Bénin,allada,0,0,0,0,0,0,0,0,0,0,0,0,More than one year
Commune de Aplahoué - Bénin,aplahoue,0,0,0,0,0,0,0,0,0,0,0,0,More than one year
Commune de Avrankou - Bénin,avrankou,0,0,0,0,0,0,0,0,0,0,0,0,More than one year
Commune de Bopa - Bénin,bopa,0,0,0,0,0,0,0,0,0,0,0,0,More than one year
Commune de Comè - Bénin,come,0,0,0,0,0,0,0,0,0,0,0,0,More than one year
Commune de Dangbo - Benin,dangbo,0,0,0,0,0,0,0,0,0,0,0,0,More than one year
Commune de Ifangni - Bénin,ifangni,0,0,0,0,0,0,0,0,0,0,0,0,More than one year
Commune de Klouékanmè - Bénin,klouekanme,0,0,0,0,0,0,0,0,0,0,0,0,More than one year
Commune de Kpomassè - Bénin,kpomasse,0,0,0,0,0,0,0,0,0,0,0,0,More than one year
Commune de Kétou - Bénin,ketou,0,0,0,0,0,0,0,0,0,0,0,0,More than one year
Commune de Lalo - Bénin,lalo,0,0,0,0,0,0,0,0,0,0,0,0,More than one year
Commune de Parakou - Bénin,parakou,0,0,0,0,0,0,0,0,0,0,0,0,More than one year
Commune de Pobè - Bénin,pobe,0,0,0,0,0,0,0,0,0,0,0,0,More than one year
Commune de Toffo - Bénin,toffo,0,0,0,0,0,0,0,0,0,0,0,0,More than one year
Commune de Toviklin - Bénin,toviklin,0,0,0,0,0,0,0,0,0,0,0,0,More than one year
Commune de Zè - Bénin,ze,0,0,0,0,0,0,0,0,0,0,0,0,More than one year
Compassion UK,comp_uk,0,0,0,0,0,0,0,0,0,0,0,0,More than one year
Conciliation Resources,cr,0,0,0,0,0,0,0,0,0,0,0,0,More than one year
Concordis International,concordis,0,0,0,0,0,0,0,0,0,0,0,0,More than one year
Conflict Dynamics International,cdi,0,0,0,0,0,0,0,0,0,0,0,0,More than one year
"Conflict, Stability and Security Fund",cssf,0,0,0,0,0,0,0,0,0,0,0,0,More than one year
Conseil et Appui pour l'Education à la Base Mali,caeb_mali,0,0,0,0,0,0,0,0,0,0,0,0,More than one year
Conservation International Foundation,c_i_f,0,0,0,0,0,0,0,0,0,0,0,0,More than one year
Consortium for Street Children,csc,0,0,0,0,0,0,0,0,0,0,0,0,More than one year
Consortium of Reproductive Health Associations (CORHA),corha,0,0,0,0,0,0,0,0,0,0,0,0,More than one year
Construction Sector Transparency Initiative (CoST),cost_uk,0,0,0,0,0,0,0,0,0,0,0,0,More than one year
Consumer society IMTD-INTERNATIONAL,imtd_int_11,0,0,0,0,0,0,0,0,0,0,0,0,More than one year
Cord,cord,0,0,0,0,0,0,0,0,0,0,0,0,More than one year
Corus International,corus,0,0,0,0,0,0,0,0,0,0,0,0,More than one year
Coöperatief Climate Fund Managers U.A.,cfm,0,0,0,0,0,0,0,0,0,0,0,0,More than one year
Cross-Government Prosperity Fund,prosperityfund,0,0,0,0,0,0,0,0,0,0,0,0,More than one year
Crown Agents Limited,cal,0,0,0,0,0,0,0,0,0,0,0,0,More than one year
Cyan International,cyan,0,0,0,0,0,0,0,0,0,0,0,0,More than one year
D. Capital Partners,dcapitalpartners,0,0,0,0,0,0,0,0,0,0,0,0,More than one year
DAI Global Health,healthpartners-international,0,0,0,0,0,0,0,0,0,0,0,0,More than one year
DAI Global UK,dai-e,0,0,0,0,0,0,0,0,0,0,0,0,More than one year
DECP,decp,0,0,0,0,0,0,0,0,0,0,0,0,More than one year
DKT - (Pakistan),dkt,0,0,0,0,0,0,0,0,0,0,0,0,More than one year
DKT Ethiopia,dkt_ethiopia,0,0,0,0,0,0,0,0,0,0,0,0,More than one year
DKT International,dkti,0,0,0,0,0,0,0,0,0,0,0,0,More than one year
DKT RD Congo,dkt_drc,0,0,0,0,0,0,0,0,0,0,0,0,More than one year
DNH Mali (Direction Nationale de l’Hydraulique du Mali),pca-gire,0,0,0,0,0,0,0,0,0,0,0,0,More than one year
Dalberg Catalyst,dalbergcatalyst,0,0,0,0,0,0,0,0,0,0,0,0,More than one year
Data4Development,d4d,0,0,0,0,0,0,0,0,0,0,0,0,More than one year
DataDrivenFinance Kenya Ltd,ddfkenya,0,0,0,0,0,0,0,0,0,0,0,0,More than one year
David Gordon Memorial Hospital,dgmh,0,0,0,0,0,0,0,0,0,0,0,0,More than one year
Dawuro Development Association,dawuro_da,0,0,0,0,0,0,0,0,0,0,0,0,More than one year
DeafKidz International,dki1151219,0,0,0,0,0,0,0,0,0,0,0,0,More than one year
Delivery Associates Ltd,delivery_associates,0,0,0,0,0,0,0,0,0,0,0,0,More than one year
Deloitte Touche Tohmatsu India LLP,dttillp,0,0,0,0,0,0,0,0,0,0,0,0,More than one year
Democratic Governance Facility,dgf,0,0,0,0,0,0,0,0,0,0,0,0,More than one year
Department for International Trade,dit,0,0,0,0,0,0,0,0,0,0,0,0,More than one year
Design without Borders Africa,dwb_africa,0,0,0,0,0,0,0,0,0,0,0,0,More than one year
Desmond Tutu HIV Foundation,dthfxx12,0,0,0,0,0,0,0,0,0,0,0,0,More than one year
Development Aid from People to People (DAPP) Malawi,dapp,0,0,0,0,0,0,0,0,0,0,0,0,More than one year
Development Initiatives Poverty Research,dipr,0,0,0,0,0,0,0,0,0,0,0,0,More than one year
Development Media International,dmi_admin,0,0,0,0,0,0,0,0,0,0,0,0,More than one year
Development Organisation of the Rural Poor,dorp-org,0,0,0,0,0,0,0,0,0,0,0,0,More than one year
Developments In Literacy Trust UK,diltuk,0,0,0,0,0,0,0,0,0,0,0,0,More than one year
Diakonia (Sweden),diakonia-sweden,0,0,0,0,0,0,0,0,0,0,0,0,More than one year
Digital Campus,dc,0,0,0,0,0,0,0,0,0,0,0,0,More than one year
Direcção Provincial de Saúde de Nampula,dps-nampula,0,0,0,0,0,0,0,0,0,0,0,0,More than one year
Disability Rights Advocacy Fund,draf,0,0,0,0,0,0,0,0,0,0,0,0,More than one year
Disability Rights Fund,drf,0,0,0,0,0,0,0,0,0,0,0,0,More than one year
Disability and Development Partners,ddp,0,0,0,0,0,0,0,0,0,0,0,0,More than one year
Disasters Emergency Committee,dec-uk,0,0,0,0,0,0,0,0,0,0,0,0,More than one year
"Discovery Learning Alliance, Inc.",dla,0,0,0,0,0,0,0,0,0,0,0,0,More than one year
Djapo,djapo,0,0,0,0,0,0,0,0,0,0,0,0,More than one year
Doctors of the World (NL)/ Dokters van de Wereld,mdmnl,0,0,0,0,0,0,0,0,0,0,0,0,More than one year
Doctors of the World UK,dotw_uk,0,0,0,0,0,0,0,0,0,0,0,0,More than one year
Doctors with Africa CUAMM,cuamm,0,0,0,0,0,0,0,0,0,0,0,0,More than one year
Down syndrome Foundation Nigeria,dsfn,0,0,0,0,0,0,0,0,0,0,0,0,More than one year
Drugs for Neglected Diseases initiative (DNDi),dndi_transparency,0,0,0,0,0,0,0,0,0,0,0,0,More than one year
Dóchas - Irish Association of Non Governmental Development Organisations,dochas,0,0,0,0,0,0,0,0,0,0,0,0,More than one year
"E3 - Ecología, Economía y Etíca",grupoe3,0,0,0,0,0,0,0,0,0,0,0,0,More than one year
EABX,eabx,0,0,0,0,0,0,0,0,0,0,0,0,More than one year
ELEVATE Hong Kong Holdings Limited,elevatelimited,0,0,0,0,0,0,0,0,0,0,0,0,More than one year
Earthworm Foundation,ewf,0,0,0,0,0,0,0,0,0,0,0,0,More than one year
East African Playgrounds,eap,0,0,0,0,0,0,0,0,0,0,0,0,More than one year
East-West Seed Knowledge Transfer Foundation,ews-kt_gh,0,0,0,0,0,0,0,0,0,0,0,0,More than one year
Economic and Social Fund for Development,esfd,0,0,0,0,0,0,0,0,0,0,0,0,More than one year
Economic and Social Research Foundation (ESRF),esrf,0,0,0,0,0,0,0,0,0,0,0,0,More than one year
Ecorys Nederland B.V.,ecorysnl,0,0,0,0,0,0,0,0,0,0,0,0,More than one year
Ecorys UK,ecuk,0,0,0,0,0,0,0,0,0,0,0,0,More than one year
Ecovega Enterprises,ecovega,0,0,0,0,0,0,0,0,0,0,0,0,More than one year
Educate!,educate,0,0,0,0,0,0,0,0,0,0,0,0,More than one year
Education Cannot Wait,ecw,0,0,0,0,0,0,0,0,0,0,0,0,More than one year
"Education Development Center, Inc.",edc,0,0,0,0,0,0,0,0,0,0,0,0,More than one year
Edukans Foundation,edukans_foundation,0,0,0,0,0,0,0,0,0,0,0,0,More than one year
Elton John AIDS Foundation,ejaf,0,0,0,0,0,0,0,0,0,0,0,0,More than one year
Emissa,emissa,0,0,0,0,0,0,0,0,0,0,0,0,More than one year
Emmanuel International UK,eiuk,0,0,0,0,0,0,0,0,0,0,0,0,More than one year
Energy 4 Impact,e4i,0,0,0,0,0,0,0,0,0,0,0,0,More than one year
EngenderHealth,ehorg,0,0,0,0,0,0,0,0,0,0,0,0,More than one year
EngenderHealth Ethiopia,engenderhealth_eth,0,0,0,0,0,0,0,0,0,0,0,0,More than one year
Engineers Without Borders Canada,ewb_canada,0,0,0,0,0,0,0,0,0,0,0,0,More than one year
Enroot,nroot,0,0,0,0,0,0,0,0,0,0,0,0,More than one year
"Entiqal for Training ""Partners for Good""",pfg,0,0,0,0,0,0,0,0,0,0,0,0,More than one year
Environmental Centre for Oil Spills and Gas Flaring (NACGOND),nacgond-,0,0,0,0,0,0,0,0,0,0,0,0,More than one year
Equality Fund,ef,0,0,0,0,0,0,0,0,0,0,0,0,More than one year
Equality Now,e_n,0,0,0,0,0,0,0,0,0,0,0,0,More than one year
Equatorial Power Limited,ep,0,0,0,0,0,0,0,0,0,0,0,0,More than one year
Ethiopiaid Ireland,ethiopiaidireland,0,0,0,0,0,0,0,0,0,0,0,0,More than one year
Ethiopian Horticulture Producer Exporters Association (EHPEA),ehpea,0,0,0,0,0,0,0,0,0,0,0,0,More than one year
Ethiopian Public Health Association,epha,0,0,0,0,0,0,0,0,0,0,0,0,More than one year
Ethiopian Women Lawyers Association,ewla,0,0,0,0,0,0,0,0,0,0,0,0,More than one year
Eurasia Partnership Foundation,epf,0,0,0,0,0,0,0,0,0,0,0,0,More than one year
European Forest Institute,efi,0,0,0,0,0,0,0,0,0,0,0,0,More than one year
European Institute of Peace,eip,0,0,0,0,0,0,0,0,0,0,0,0,More than one year
European Journalism Centre,ejc,0,0,0,0,0,0,0,0,0,0,0,0,More than one year
Eve Organization for Women Development,eveowd,0,0,0,0,0,0,0,0,0,0,0,0,More than one year
EveryChild,evc,0,0,0,0,0,0,0,0,0,0,0,0,More than one year
Excellent Development,excellent,0,0,0,0,0,0,0,0,0,0,0,0,More than one year
Exeter Ethiopia Link,eel,0,0,0,0,0,0,0,0,0,0,0,0,More than one year
FHI360,fhi360,0,0,0,0,0,0,0,0,0,0,0,0,More than one year
FIND,finddiagnostics,0,0,0,0,0,0,0,0,0,0,0,0,More than one year
FMDQ Group PLC,fmdqgroupplc_2013,0,0,0,0,0,0,0,0,0,0,0,0,More than one year
FONCABA ASBL KBA VZW,foncaba,0,0,0,0,0,0,0,0,0,0,0,0,More than one year
FRANK Water,frankwater,0,0,0,0,0,0,0,0,0,0,0,0,More than one year
FSD Africa,fsdafrica,0,0,0,0,0,0,0,0,0,0,0,0,More than one year
FairChain Foundation,fc-f,0,0,0,0,0,0,0,0,0,0,0,0,More than one year
Fairtrade Labelling Organizations International e.V.,fairtrade_international,0,0,0,0,0,0,0,0,0,0,0,0,More than one year
Faith to Action Network,f2a,0,0,0,0,0,0,0,0,0,0,0,0,More than one year
Family Aids Caring Trust,fact,0,0,0,0,0,0,0,0,0,0,0,0,More than one year
Family Guidance Association of Ethiopia,fgae_ethiopia,0,0,0,0,0,0,0,0,0,0,0,0,More than one year
Family Life Education Program,flepuganda,0,0,0,0,0,0,0,0,0,0,0,0,More than one year
Farm Africa,fa,0,0,0,0,0,0,0,0,0,0,0,0,More than one year
Farm Concern International,fci,0,0,0,0,0,0,0,0,0,0,0,0,More than one year
Feed the Minds,ftm-291333,0,0,0,0,0,0,0,0,0,0,0,0,More than one year
Female,female,0,0,0,0,0,0,0,0,0,0,0,0,More than one year
"Field Ready, USA",field_ready,0,0,0,0,0,0,0,0,0,0,0,0,More than one year
Fiftyfifty,fiftyfifty-lb,0,0,0,0,0,0,0,0,0,0,0,0,More than one year
Fight Hunger Foundation,fhf,0,0,0,0,0,0,0,0,0,0,0,0,More than one year
Fight for Humanity,ffh,0,0,0,0,0,0,0,0,0,0,0,0,More than one year
Financial Sector Deepening Trust (Kenya),fsdk,0,0,0,0,0,0,0,0,0,0,0,0,More than one year
Financial Sector Deepening Uganda,fsduganda,0,0,0,0,0,0,0,0,0,0,0,0,More than one year
Find Your Feet,fyf,0,0,0,0,0,0,0,0,0,0,0,0,More than one year
Finn Church Aid (Kirkon Ulkomaanapu sr),fca,0,0,0,0,0,0,0,0,0,0,0,0,More than one year
Fondation Hirondelle,fh_ch,0,0,0,0,0,0,0,0,0,0,0,0,More than one year
Food for the Hungry UK,fh,0,0,0,0,0,0,0,0,0,0,0,0,More than one year
Forest Trends Association,forest-trends,0,0,0,0,0,0,0,0,0,0,0,0,More than one year
Forests Monitor,fm,0,0,0,0,0,0,0,0,0,0,0,0,More than one year
Forever Sabah,fs,0,0,0,0,0,0,0,0,0,0,0,0,More than one year
Forschungsinstitut zur Zukunft der Arbeit GmbH (IZA),iza,0,0,0,0,0,0,0,0,0,0,0,0,More than one year
Fosera Solarsystems GmbH & Co. KG aA,fosaa,0,0,0,0,0,0,0,0,0,0,0,0,More than one year
Foundation for Social Improvement,the_fsi,0,0,0,0,0,0,0,0,0,0,0,0,More than one year
France - Ministry for Europe and Foreign Affairs,france,0,0,0,0,0,0,0,0,0,0,0,0,More than one year
Free Press Unlimited,free_press_unlimited,0,0,0,0,0,0,0,0,0,0,0,0,More than one year
Freedom Forum,ff,0,0,0,0,0,0,0,0,0,0,0,0,More than one year
Friends of Kipkelion,kipkelion,0,0,0,0,0,0,0,0,0,0,0,0,More than one year
Friends of Publish What You Fund,friendsofpwyf,0,0,0,0,0,0,0,0,0,0,0,0,More than one year
"Friends of the Earth England, Wales and Northern Ireland",foe_ewni,0,0,0,0,0,0,0,0,0,0,0,0,More than one year
Friends of the Earth International,foei,0,0,0,0,0,0,0,0,0,0,0,0,More than one year
Friends of the Earth-Ghana,foe-ghana,0,0,0,0,0,0,0,0,0,0,0,0,More than one year
Frontclear,frontclear_ftap,0,0,0,0,0,0,0,0,0,0,0,0,More than one year
Frontline AIDS,f-aids,0,0,0,0,0,0,0,0,0,0,0,0,More than one year
Fundacion Acceso,fundacion-acceso,0,0,0,0,0,0,0,0,0,0,0,0,More than one year
Fundación Avina,fundacionavina,0,0,0,0,0,0,0,0,0,0,0,0,More than one year
Fundación Gaia Amazonas,gaia,0,0,0,0,0,0,0,0,0,0,0,0,More than one year
Fundación Oriéntame,orientame,0,0,0,0,0,0,0,0,0,0,0,0,More than one year
Fundo de Investimento e Patrimonio do Abastecimento de Água (FIPAG),fipag,0,0,0,0,0,0,0,0,0,0,0,0,More than one year
GEMS Education Solutions,mgcubed,0,0,0,0,0,0,0,0,0,0,0,0,More than one year
GOAL,goal,0,0,0,0,0,0,0,0,0,0,0,0,More than one year
GOGLA - Global Off-Grid Lighting Association,gogla,0,0,0,0,0,0,0,0,0,0,0,0,More than one year
GSMA Foundation,gsma_foundation,0,0,0,0,0,0,0,0,0,0,0,0,More than one year
Gatsby Africa,ga,0,0,0,0,0,0,0,0,0,0,0,0,More than one year
Gender Equality Network,gen,0,0,0,0,0,0,0,0,0,0,0,0,More than one year
Gender Links,gl,0,0,0,0,0,0,0,0,0,0,0,0,More than one year
Geneva International Centre for Humanitarian Demining,gichd,0,0,0,0,0,0,0,0,0,0,0,0,More than one year
Genome Research Limited,grl,0,0,0,0,0,0,0,0,0,0,0,0,More than one year
Germany - Federal Foreign Office,fo_germany,0,0,0,0,0,0,0,0,0,0,0,0,More than one year
Girls Not Brides: The Global Partnership to End Child Marriage,girlsnotbrides,0,0,0,0,0,0,0,0,0,0,0,0,More than one year
Girls’ Education Challenge – Fund Manager PwC,gecfundmanagerpwc,0,0,0,0,0,0,0,0,0,0,0,0,More than one year
Giro555 (Stichting Samenwerkende Hulporganisaties),giro555,0,0,0,0,0,0,0,0,0,0,0,0,More than one year
Global Action Nepal,gan,0,0,0,0,0,0,0,0,0,0,0,0,More than one year
Global Alliance for TB Drug Development,tb-a,0,0,0,0,0,0,0,0,0,0,0,0,More than one year
Global Anaesthesia Development Partnerships,gadp,0,0,0,0,0,0,0,0,0,0,0,0,More than one year
Global Canopy,globalcanopy,0,0,0,0,0,0,0,0,0,0,0,0,More than one year
Global Disability Innovation Hub,gdihub,0,0,0,0,0,0,0,0,0,0,0,0,More than one year
Global Fund for Women,globalfundforwomen,0,0,0,0,0,0,0,0,0,0,0,0,More than one year
Global Fund to End Modern Slavery,gfems,0,0,0,0,0,0,0,0,0,0,0,0,More than one year
Global Green Growth Institute (GGGI),gggi,0,0,0,0,0,0,0,0,0,0,0,0,More than one year
Global Impact Investing Network,giin,0,0,0,0,0,0,0,0,0,0,0,0,More than one year
Global Integrity,gi,0,0,0,0,0,0,0,0,0,0,0,0,More than one year
Global Network of Sex Work Projects (NSWP),nswp,0,0,0,0,0,0,0,0,0,0,0,0,More than one year
Global Partnership for Education,gpe,0,0,0,0,0,0,0,0,0,0,0,0,More than one year
Global Shea Alliance,globalshea,0,0,0,0,0,0,0,0,0,0,0,0,More than one year
Global Water Partnership,gwp,0,0,0,0,0,0,0,0,0,0,0,0,More than one year
Global Witness,globalwitness,0,0,0,0,0,0,0,0,0,0,0,0,More than one year
GlobalGiving.org,globalgiving,0,0,0,0,0,0,0,0,0,0,0,0,More than one year
GoodWeave International,goodweave_intl,0,0,0,0,0,0,0,0,0,0,0,0,More than one year
Goree Institute,gorin,0,0,0,0,0,0,0,0,0,0,0,0,More than one year
Grand Bargain Test,wrgb,0,0,0,0,0,0,0,0,0,0,0,0,More than one year
Greece - Ministry of Foreign Affairs,greece_mfa,0,0,0,0,0,0,0,0,0,0,0,0,More than one year
Ground Truth Solutions,ground-truth-solutions,0,0,0,0,0,0,0,0,0,0,0,0,More than one year
Groupe Pivot Santé Population,gpsp-org,0,0,0,0,0,0,0,0,0,0,0,0,More than one year
Grow Asia,growasia,0,0,0,0,0,0,0,0,0,0,0,0,More than one year
Grow Movement,growmovement_admin,0,0,0,0,0,0,0,0,0,0,0,0,More than one year
Gulu University,guluuni,0,0,0,0,0,0,0,0,0,0,0,0,More than one year
HM Treasury,hmtfitb,0,0,0,0,0,0,0,0,0,0,0,0,More than one year
HOPE'87 - Hundreds of Original Projects for Employment,hope87,0,0,0,0,0,0,0,0,0,0,0,0,More than one year
HRWG Indonesia,hrwg_indonesia,0,0,0,0,0,0,0,0,0,0,0,0,More than one year
HTSPE,htspe,0,0,0,0,0,0,0,0,0,0,0,0,More than one year
Hagar International UK,hagar_uk,0,0,0,0,0,0,0,0,0,0,0,0,More than one year
Haiti Hospital Appeal,hha,0,0,0,0,0,0,0,0,0,0,0,0,More than one year
"Hala Systems, Inc.",hala_systems,0,0,0,0,0,0,0,0,0,0,0,0,More than one year
Hand in Hand International,handinhand,0,0,0,0,0,0,0,0,0,0,0,0,More than one year
Health Development Initiative,hdi,0,0,0,0,0,0,0,0,0,0,0,0,More than one year
Health Insurance Fund,hif,0,0,0,0,0,0,0,0,0,0,0,0,More than one year
Health Poverty Action,hpa,0,0,0,0,0,0,0,0,0,0,0,0,More than one year
HealthProm,hp_12,0,0,0,0,0,0,0,0,0,0,0,0,More than one year
Healthright International-Kenya,hri,0,0,0,0,0,0,0,0,0,0,0,0,More than one year
Heartland Alliance International,ha-i,0,0,0,0,0,0,0,0,0,0,0,0,More than one year
Heifer International South Africa,hsa,0,0,0,0,0,0,0,0,0,0,0,0,More than one year
Heifer Nederland,heifernederland,0,0,0,0,0,0,0,0,0,0,0,0,More than one year
HelpAge International,helpage_international,0,0,0,0,0,0,0,0,0,0,0,0,More than one year
Helvetas Swiss Intercooperation,hsi,0,0,0,0,0,0,0,0,0,0,0,0,More than one year
Hiber for Electronic Media,7iberdotcom,0,0,0,0,0,0,0,0,0,0,0,0,More than one year
Higher Population Council,hpc,0,0,0,0,0,0,0,0,0,0,0,0,More than one year
Hilfswerk Austria Zimbabwe,hwa-zm,0,0,0,0,0,0,0,0,0,0,0,0,More than one year
Himilo Relief and Development Association (HIRDA),hirda,0,0,0,0,0,0,0,0,0,0,0,0,More than one year
Homeless International,hi,0,0,0,0,0,0,0,0,0,0,0,0,More than one year
Hope and Homes for Children,hhc,0,0,0,0,0,0,0,0,0,0,0,0,More than one year
Hope for Children,hfc,0,0,0,0,0,0,0,0,0,0,0,0,More than one year
Horizons for Green Development,horizons,0,0,0,0,0,0,0,0,0,0,0,0,More than one year
Hospice Africa Ltd,hauk,0,0,0,0,0,0,0,0,0,0,0,0,More than one year
Huairou Commission,hc2022,0,0,0,0,0,0,0,0,0,0,0,0,More than one year
Human Relief Foundation,hrf,0,0,0,0,0,0,0,0,0,0,0,0,More than one year
Human Rights Research and Advocacy Consortium,947,0,0,0,0,0,0,0,0,0,0,0,0,More than one year
Humanitarian Quality Assurance Initiative,hqai,0,0,0,0,0,0,0,0,0,0,0,0,More than one year
Humanitarian Umbrella for Relief and Development Organization (HURDO),hu,0,0,0,0,0,0,0,0,0,0,0,0,More than one year
I Choose Life Africa,ke-ngc-3372,0,0,0,0,0,0,0,0,0,0,0,0,More than one year
ICA:UK,icauk,0,0,0,0,0,0,0,0,0,0,0,0,More than one year
ICCO Cooperation,icco-cooperation,0,0,0,0,0,0,0,0,0,0,0,0,More than one year
ICF Consulting Services Ltd,icf,0,0,0,0,0,0,0,0,0,0,0,0,More than one year
ICLEI Colombia,iclei,0,0,0,0,0,0,0,0,0,0,0,0,More than one year
ICS,ics,0,0,0,0,0,0,0,0,0,0,0,0,More than one year
IDEO.org,ideo_org,0,0,0,0,0,0,0,0,0,0,0,0,More than one year
IDOM INGENIERIA,idom_mx,0,0,0,0,0,0,0,0,0,0,0,0,More than one year
IDinsight,idinsight,0,0,0,0,0,0,0,0,0,0,0,0,More than one year
IFOAM - Organics International,ifoam,0,0,0,0,0,0,0,0,0,0,0,0,More than one year
IGD Benin,igd_benin,0,0,0,0,0,0,0,0,0,0,0,0,More than one year
ILGA World,ilgaworld,0,0,0,0,0,0,0,0,0,0,0,0,More than one year
IMA World Health,us-imawh,0,0,0,0,0,0,0,0,0,0,0,0,More than one year
IMPACT Initiatives,impact_initiatives,0,0,0,0,0,0,0,0,0,0,0,0,More than one year
INTERNATIONAL DISABILITY ALLIANCE,ida,0,0,0,0,0,0,0,0,0,0,0,0,More than one year
INTERSOS Onlus,intersos_main,0,0,0,0,0,0,0,0,0,0,0,0,More than one year
INTOSAI Development Initiative,idi,0,0,0,0,0,0,0,0,0,0,0,0,More than one year
INTRAC,intrac,0,0,0,0,0,0,0,0,0,0,0,0,More than one year
IPE Global Limited,ipeglobal,0,0,0,0,0,0,0,0,0,0,0,0,More than one year
IREX (International Research and Exchange Board),irex,0,0,0,0,0,0,0,0,0,0,0,0,More than one year
IT for Change,itforchange,0,0,0,0,0,0,0,0,0,0,0,0,More than one year
IUCN Nederlands Comité,iucn_nl,0,0,0,0,0,0,0,0,0,0,0,0,More than one year
Ibrahimia Media Center,imc-2021,0,0,0,0,0,0,0,0,0,0,0,0,More than one year
Imfact Working Capital Solutions Limited,imfact2022,0,0,0,0,0,0,0,0,0,0,0,0,More than one year
ImpactAssets Inc.,ia,0,0,0,0,0,0,0,0,0,0,0,0,More than one year
"Imperial College of Science, Technology and Medicine",imperial,0,0,0,0,0,0,0,0,0,0,0,0,More than one year
Impunity Watch,iw_admin,0,0,0,0,0,0,0,0,0,0,0,0,More than one year
Independent Medico-Legal Unit,imlu,0,0,0,0,0,0,0,0,0,0,0,0,More than one year
Index Initiative Foundation,iif,0,0,0,0,0,0,0,0,0,0,0,0,More than one year
Indigo Trust,indtrust,0,0,0,0,0,0,0,0,0,0,0,0,More than one year
Infrastructure Credit Guarantee Company Limited,infracredit,0,0,0,0,0,0,0,0,0,0,0,0,More than one year
Iniciativa Climatica de Mexico,icm_mx,0,0,0,0,0,0,0,0,0,0,0,0,More than one year
Initiative Sankofa d'Afrique de l'Ouest,isdao,0,0,0,0,0,0,0,0,0,0,0,0,More than one year
Innovate UK KTN,ktn,0,0,0,0,0,0,0,0,0,0,0,0,More than one year
Instiglio,instiglio,0,0,0,0,0,0,0,0,0,0,0,0,More than one year
"Institut National de l'Eau, Benin",ine_benin,0,0,0,0,0,0,0,0,0,0,0,0,More than one year
Institute for Clinical Effectiveness and Health Policy,iecs-2024,0,0,0,0,0,0,0,0,0,0,0,0,More than one year
Institute for Policy Research and Advocacy (ELSAM),elsam,0,0,0,0,0,0,0,0,0,0,0,0,More than one year
Institute for Research and Development in Health & Social Care,irdsrilanka-1997,0,0,0,0,0,0,0,0,0,0,0,0,More than one year
Institute for Security Studies,issafrica,0,0,0,0,0,0,0,0,0,0,0,0,More than one year
Institute for War & Peace Reporting,iwpr,0,0,0,0,0,0,0,0,0,0,0,0,More than one year
Institute of Gender and Children's Health Research,igchr_sierraleone,0,0,0,0,0,0,0,0,0,0,0,0,More than one year
"Institute of Psychiatry, Rawalpindi Medical University",iop-rmu,0,0,0,0,0,0,0,0,0,0,0,0,More than one year
Instituto BVRio,bvrio,0,0,0,0,0,0,0,0,0,0,0,0,More than one year
Integrated Water Resources Management Programme,iwrm,0,0,0,0,0,0,0,0,0,0,0,0,More than one year
Integrity Action,integrity_action,0,0,0,0,0,0,0,0,0,0,0,0,More than one year
Integrity Research and Consultancy Ltd,integrity,0,0,0,0,0,0,0,0,0,0,0,0,More than one year
Inter Islamic Network for Water Resources Development and Management,inwrdam,0,0,0,0,0,0,0,0,0,0,0,0,More than one year
InterAction,interaction,0,0,0,0,0,0,0,0,0,0,0,0,More than one year
InterClimate Network,icn,0,0,0,0,0,0,0,0,0,0,0,0,More than one year
Interact Worldwide,iww_publish,0,0,0,0,0,0,0,0,0,0,0,0,More than one year
International Budget Partnership,ibp,0,0,0,0,0,0,0,0,0,0,0,0,More than one year
International Campaign Women´s Right to Safe Abortion,icwrsa,0,0,0,0,0,0,0,0,0,0,0,0,More than one year
International Center for Journalists,icfj,0,0,0,0,0,0,0,0,0,0,0,0,More than one year
International Center for Transitional Justice,ictj,0,0,0,0,0,0,0,0,0,0,0,0,More than one year
International Centre for Antimicrobial Resistance Solutions,icars,0,0,0,0,0,0,0,0,0,0,0,0,More than one year
"International Centre for Diarrhoeal Disease Research, Bangladesh (icddr,b)",icddrb,0,0,0,0,0,0,0,0,0,0,0,0,More than one year
International Centre for Migration Policy Development,icmpd,0,0,0,0,0,0,0,0,0,0,0,0,More than one year
International Centre of Insect Physiology and Ecology (icipe),icipe,0,0,0,0,0,0,0,0,0,0,0,0,More than one year
International Commission on Missing Persons,icmp,0,0,0,0,0,0,0,0,0,0,0,0,More than one year
International Council of Voluntary Agencies,icva,0,0,0,0,0,0,0,0,0,0,0,0,More than one year
International Crisis Group,crisisgroup,0,0,0,0,0,0,0,0,0,0,0,0,More than one year
International Federation of Accountants,ifac,0,0,0,0,0,0,0,0,0,0,0,0,More than one year
International Federation of the Red Cross and Red Crescent (IFRC),ifrcrcs,0,0,0,0,0,0,0,0,0,0,0,0,More than one year
International Food Policy Research Institute,ifpri,0,0,0,0,0,0,0,0,0,0,0,0,More than one year
International IDEA,idea,0,0,0,0,0,0,0,0,0,0,0,0,More than one year
International Institute for Environment and Development,iied,0,0,0,0,0,0,0,0,0,0,0,0,More than one year
International Labour Organization (ILO),ilo,0,0,0,0,0,0,0,0,0,0,0,0,More than one year
International Medical Corps UK,imc_uk,0,0,0,0,0,0,0,0,0,0,0,0,More than one year
International Monetary Fund,imf,0,0,0,0,0,0,0,0,0,0,0,0,More than one year
International Network for Advancing Science and Policy,inasp,0,0,0,0,0,0,0,0,0,0,0,0,More than one year
International Network for Bamboo and Rattan (INBAR),inbar,0,0,0,0,0,0,0,0,0,0,0,0,More than one year
International Network of People who Use Drugs (INPUD),inpud_admin,0,0,0,0,0,0,0,0,0,0,0,0,More than one year
International Potato Center,cip,0,0,0,0,0,0,0,0,0,0,0,0,More than one year
International Primary Care Respiratory Group,ipcrg,0,0,0,0,0,0,0,0,0,0,0,0,More than one year
International Procurement Agency,ipa,0,0,0,0,0,0,0,0,0,0,0,0,More than one year
International Service,unais,0,0,0,0,0,0,0,0,0,0,0,0,More than one year
International Treatment Preparedness Coalition (ITPC),itpc,0,0,0,0,0,0,0,0,0,0,0,0,More than one year
International Women's Development Agency,iwda,0,0,0,0,0,0,0,0,0,0,0,0,More than one year
International Youth Alliance for Family Planning,iyafp,0,0,0,0,0,0,0,0,0,0,0,0,More than one year
IntraHealth International,intrahealth,0,0,0,0,0,0,0,0,0,0,0,0,More than one year
Iraq Foundation,iraq_foundation,0,0,0,0,0,0,0,0,0,0,0,0,More than one year
"Iringa Development of Youth, Disabled and Children Care",idydc,0,0,0,0,0,0,0,0,0,0,0,0,More than one year
Irise International,irise_int,0,0,0,0,0,0,0,0,0,0,0,0,More than one year
Irrawaddy Policy Exchange,ipe,0,0,0,0,0,0,0,0,0,0,0,0,More than one year
Itad,itad,0,0,0,0,0,0,0,0,0,0,0,0,More than one year
Jeevika Trust,jeevika_trust,0,0,0,0,0,0,0,0,0,0,0,0,More than one year
Jinja district union of persons with disabilities,jidu2021,0,0,0,0,0,0,0,0,0,0,0,0,More than one year
JoWomenomics,jowomenomics,0,0,0,0,0,0,0,0,0,0,0,0,More than one year
Johns Hopkins University,gi-jhu,0,0,0,0,0,0,0,0,0,0,0,0,More than one year
Jordan Open Source Association,josa,0,0,0,0,0,0,0,0,0,0,0,0,More than one year
Jordan River Foundation,jrf_2022,0,0,0,0,0,0,0,0,0,0,0,0,More than one year
Jordan River Foundation,jrf,0,0,0,0,0,0,0,0,0,0,0,0,More than one year
Joshua Orphan and Community Care,jocc_uk,0,0,0,0,0,0,0,0,0,0,0,0,More than one year
KITUO CHA SHERIA,kituo,0,0,0,0,0,0,0,0,0,0,0,0,More than one year
KPMG Advisory Limited (Tanzania),kpmgea,0,0,0,0,0,0,0,0,0,0,0,0,More than one year
KPMG LLP,kpmgllp,0,0,0,0,0,0,0,0,0,0,0,0,More than one year
Kaalmo Relief and Development Organization (KARDO AID),kardo-somalia,0,0,0,0,0,0,0,0,0,0,0,0,More than one year
Kadaster International,kad,0,0,0,0,0,0,0,0,0,0,0,0,More than one year
Karuna Mission Social Solidarity - KMSS,kmss,0,0,0,0,0,0,0,0,0,0,0,0,More than one year
Karuna Trust,karuna,0,0,0,0,0,0,0,0,0,0,0,0,More than one year
Kathmandu Medical College Public Limited,kmc,0,0,0,0,0,0,0,0,0,0,0,0,More than one year
Keele University,keele-university,0,0,0,0,0,0,0,0,0,0,0,0,More than one year
Kemitraan Bagi Pembaruan Tata Pemerintahan,kemitraan,0,0,0,0,0,0,0,0,0,0,0,0,More than one year
Kenya National Commission on Human Rights,knchr,0,0,0,0,0,0,0,0,0,0,0,0,More than one year
Kenya Private Sector Alliance,kepsa,0,0,0,0,0,0,0,0,0,0,0,0,More than one year
Kepa ry,kepa,0,0,0,0,0,0,0,0,0,0,0,0,More than one year
Kerk in Actie,kerk_in_actie,0,0,0,0,0,0,0,0,0,0,0,0,More than one year
Kesho Kenya,kesho_kenya,0,0,0,0,0,0,0,0,0,0,0,0,More than one year
King Hussein Foundation,khf,0,0,0,0,0,0,0,0,0,0,0,0,More than one year
Kisumu Medical and Education Trust,kmet,0,0,0,0,0,0,0,0,0,0,0,0,More than one year
Koninklijk Nederlands Meteorologisch Instituut,knmi,0,0,0,0,0,0,0,0,0,0,0,0,More than one year
Kvinna till Kvinna,ktk,0,0,0,0,0,0,0,0,0,0,0,0,More than one year
KwaAfrica,kwaafrica,0,0,0,0,0,0,0,0,0,0,0,0,More than one year
Kwame Nkrumah University of Science and Technology,knust,0,0,0,0,0,0,0,0,0,0,0,0,More than one year
Kyiv School of Economics and Management,kse,0,0,0,0,0,0,0,0,0,0,0,0,More than one year
LAMB Health Care Foundation,lhcf,0,0,0,0,0,0,0,0,0,0,0,0,More than one year
LEAD International,lead_international,0,0,0,0,0,0,0,0,0,0,0,0,More than one year
LIWA programme trust,liwa-admin,0,0,0,0,0,0,0,0,0,0,0,0,More than one year
LTS International Limited,lts,0,0,0,0,0,0,0,0,0,0,0,0,More than one year
LVCT Health,lvct,0,0,0,0,0,0,0,0,0,0,0,0,More than one year
Land Equity International,lei,0,0,0,0,0,0,0,0,0,0,0,0,More than one year
Landell Mills,landell-mills,0,0,0,0,0,0,0,0,0,0,0,0,More than one year
Laterite B.V.,laterite_bv,0,0,0,0,0,0,0,0,0,0,0,0,More than one year
Leaders International,lifed_admin,0,0,0,0,0,0,0,0,0,0,0,0,More than one year
Leaders of Tomorrow,sqf,0,0,0,0,0,0,0,0,0,0,0,0,More than one year
Learning for Life,learningforlife,0,0,0,0,0,0,0,0,0,0,0,0,More than one year
Legal Action Worldwide,law,0,0,0,0,0,0,0,0,0,0,0,0,More than one year
Lemann Foundation,lemann,0,0,0,0,0,0,0,0,0,0,0,0,More than one year
Leonard Cheshire Disability,lcd_admin,0,0,0,0,0,0,0,0,0,0,0,0,More than one year
Lepra,lepra,0,0,0,0,0,0,0,0,0,0,0,0,More than one year
Light Castle Partners,lcp,0,0,0,0,0,0,0,0,0,0,0,0,More than one year
Light for the World International,lftw-int,0,0,0,0,0,0,0,0,0,0,0,0,More than one year
Link Community Development International,lcdi_admin,0,0,0,0,0,0,0,0,0,0,0,0,More than one year
Link Community Development Scotland,lcds,0,0,0,0,0,0,0,0,0,0,0,0,More than one year
Linking Pin Africa Ltd,lpa,0,0,0,0,0,0,0,0,0,0,0,0,More than one year
"Lithuania, Ministry of Foreign Affairs",lithuania_mfa,0,0,0,0,0,0,0,0,0,0,0,0,More than one year
Lively Minds,livelyminds,0,0,0,0,0,0,0,0,0,0,0,0,More than one year
Living Earth Foundation,livingearth12,0,0,0,0,0,0,0,0,0,0,0,0,More than one year
Local Development and Small Projects Support,ldsps,0,0,0,0,0,0,0,0,0,0,0,0,More than one year
London Business School,lbs,0,0,0,0,0,0,0,0,0,0,0,0,More than one year
Loughborough University,lboro,0,0,0,0,0,0,0,0,0,0,0,0,More than one year
Louvain Coopération,lc,0,0,0,0,0,0,0,0,0,0,0,0,More than one year
Luminate Foundation Inc.,luminate,0,0,0,0,0,0,0,0,0,0,0,0,More than one year
M&C Saatchi,mcs_new,0,0,0,0,0,0,0,0,0,0,0,0,More than one year
MADE in Europe,mie-1134415,0,0,0,0,0,0,0,0,0,0,0,0,More than one year
MAMTA - Health Institute for Mother and Child,mamta_himc,0,0,0,0,0,0,0,0,0,0,0,0,More than one year
MICAIA,mic-uk,0,0,0,0,0,0,0,0,0,0,0,0,More than one year
MVO Nederland,mvo_nederland,0,0,0,0,0,0,0,0,0,0,0,0,More than one year
Maastricht School of Management,msm-ipd,0,0,0,0,0,0,0,0,0,0,0,0,More than one year
Magariro,magariro,0,0,0,0,0,0,0,0,0,0,0,0,More than one year
Mainline,mainline,0,0,0,0,0,0,0,0,0,0,0,0,More than one year
Makerere University,maksph,0,0,0,0,0,0,0,0,0,0,0,0,More than one year
Malaria Consortium,malariaconsortium,0,0,0,0,0,0,0,0,0,0,0,0,More than one year
Malawi-Liverpool Wellcome Programme,mlw,0,0,0,0,0,0,0,0,0,0,0,0,More than one year
Mango Tree Property Management LTD,mangotree,0,0,0,0,0,0,0,0,0,0,0,0,More than one year
MannionDaniels,manniondaniels,0,0,0,0,0,0,0,0,0,0,0,0,More than one year
MapAction,mapaction,0,0,0,0,0,0,0,0,0,0,0,0,More than one year
Mary's Meals,marysmeals,0,0,0,0,0,0,0,0,0,0,0,0,More than one year
Mastercard Foundation,mastercard-foundation,0,0,0,0,0,0,0,0,0,0,0,0,More than one year
Maxwell Stamp PLC,mstamp,0,0,0,0,0,0,0,0,0,0,0,0,More than one year
McKinsey & Company,mck,0,0,0,0,0,0,0,0,0,0,0,0,More than one year
McKinsey Development Partners,mdp,0,0,0,0,0,0,0,0,0,0,0,0,More than one year
MedAccess Guarantee Limited,medaccess,0,0,0,0,0,0,0,0,0,0,0,0,More than one year
Medair,medair,0,0,0,0,0,0,0,0,0,0,0,0,More than one year
Medecins du Monde France,mdm-fr,0,0,0,0,0,0,0,0,0,0,0,0,More than one year
Media Development Investment Fund,mdif,0,0,0,0,0,0,0,0,0,0,0,0,More than one year
Media Foundation for West Africa,mfwa,0,0,0,0,0,0,0,0,0,0,0,0,More than one year
"Medical Research Centre (MRC), Sierra Leone",mrc-sierra-leone,0,0,0,0,0,0,0,0,0,0,0,0,More than one year
MedicineAfrica Ltd.,medafrica,0,0,0,0,0,0,0,0,0,0,0,0,More than one year
Medicos del Mundo,mdm_spain,0,0,0,0,0,0,0,0,0,0,0,0,More than one year
Meningitis Research Foundation,mrf,0,0,0,0,0,0,0,0,0,0,0,0,More than one year
Mercy Corps Global,mcg,0,0,0,0,0,0,0,0,0,0,0,0,More than one year
Mercy Ships UK Limited,msuk,0,0,0,0,0,0,0,0,0,0,0,0,More than one year
Mercy-USA for Aid and Development,mercy-usa,0,0,0,0,0,0,0,0,0,0,0,0,More than one year
Micro Insurance Academy,mia_india,0,0,0,0,0,0,0,0,0,0,0,0,More than one year
MicroLoan Foundation,mlf,0,0,0,0,0,0,0,0,0,0,0,0,More than one year
Mifumi UK,mifumi_uk,0,0,0,0,0,0,0,0,0,0,0,0,More than one year
Ministry of Foreign Affairs of  Japan,mofa-jpn,0,0,0,0,0,0,0,0,0,0,0,0,More than one year
Ministry of Foreign and European Affairs of the Slovak Republic,slovakaid,0,0,0,0,0,0,0,0,0,0,0,0,More than one year
Ministère de l'Economie et des Finances du Bénin,mefbenin,0,0,0,0,0,0,0,0,0,0,0,0,More than one year
Montrose International LLP,montrose_llp,0,0,0,0,0,0,0,0,0,0,0,0,More than one year
Motivation,motivation,0,0,0,0,0,0,0,0,0,0,0,0,More than one year
Mukisa Foundation,mukisa_foundation,0,0,0,0,0,0,0,0,0,0,0,0,More than one year
Mulanje Mission Hospital,mmh,0,0,0,0,0,0,0,0,0,0,0,0,More than one year
Multilateral Investment Fund,fomin,0,0,0,0,0,0,0,0,0,0,0,0,More than one year
Musalaha Ministry of Reconciliation,mmr_admin2,0,0,0,0,0,0,0,0,0,0,0,0,More than one year
Musawah Global Vision Berhad,musawah,0,0,0,0,0,0,0,0,0,0,0,0,More than one year
Muslim Aid,muslimaid,0,0,0,0,0,0,0,0,0,0,0,0,More than one year
Mzumbe University,m_u,0,0,0,0,0,0,0,0,0,0,0,0,More than one year
NAGAAD,nagaad,0,0,0,0,0,0,0,0,0,0,0,0,More than one year
NGO Federation of Nepal,nfn,0,0,0,0,0,0,0,0,0,0,0,0,More than one year
NIRAS A/S,niras,0,0,0,0,0,0,0,0,0,0,0,0,More than one year
NKHOMA MISSION HOSPITAL,nmhiati,0,0,0,0,0,0,0,0,0,0,0,0,More than one year
NLR,nlr,0,0,0,0,0,0,0,0,0,0,0,0,More than one year
NLR Indonesia,nlr_indonesia,0,0,0,0,0,0,0,0,0,0,0,0,More than one year
Nadji.Bi Sénégal SUARL,sn-ninea-50255162x2,0,0,0,0,0,0,0,0,0,0,0,0,More than one year
Nairobi Climate Network,theclimatenetwork,0,0,0,0,0,0,0,0,0,0,0,0,More than one year
"Namati, Inc",namati_inc,0,0,0,0,0,0,0,0,0,0,0,0,More than one year
National Coalition of Human Rights Defenders - Kenya,nchrdk,0,0,0,0,0,0,0,0,0,0,0,0,More than one year
National Democratic Institute for International Affairs,ndi,0,0,0,0,0,0,0,0,0,0,0,0,More than one year
National Union of Women With Disabilities of Uganda,nuwodu,0,0,0,0,0,0,0,0,0,0,0,0,More than one year
Natural Justice,nj_1,0,0,0,0,0,0,0,0,0,0,0,0,More than one year
Natural Resource Governance Institute (NRGI),nrgi,0,0,0,0,0,0,0,0,0,0,0,0,More than one year
"Natural Resources Institute, University of Greenwich.",nri,0,0,0,0,0,0,0,0,0,0,0,0,More than one year
Nature and Development Foundation,ndf_fgm,0,0,0,0,0,0,0,0,0,0,0,0,More than one year
NatureFinance,nf2022,0,0,0,0,0,0,0,0,0,0,0,0,More than one year
Navrongo Health Research Centre,nhrc,0,0,0,0,0,0,0,0,0,0,0,0,More than one year
Near East Foundation (NEF USA),nef_usa,0,0,0,0,0,0,0,0,0,0,0,0,More than one year
Near East Foundation Mali (NEF Mali),nef_mali,0,0,0,0,0,0,0,0,0,0,0,0,More than one year
Near East Foundation UK (NEF UK),nef-uk,0,0,0,0,0,0,0,0,0,0,0,0,More than one year
Neem Foundation,neem,0,0,0,0,0,0,0,0,0,0,0,0,More than one year
Neopenda,neopenda,0,0,0,0,0,0,0,0,0,0,0,0,More than one year
Nepal Disabled Human Rights Center,dhrc_nepal,0,0,0,0,0,0,0,0,0,0,0,0,More than one year
Nepal Netra Jyoti Sangh,nnjs_nepal,0,0,0,0,0,0,0,0,0,0,0,0,More than one year
Nesta,nesta,0,0,0,0,0,0,0,0,0,0,0,0,More than one year
Netherlands Organisation for Scientific Research (NWO),nwo,0,0,0,0,0,0,0,0,0,0,0,0,More than one year
Netherlands Space Office,nso,0,0,0,0,0,0,0,0,0,0,0,0,More than one year
Netherlands Water Partnership,nwp,0,0,0,0,0,0,0,0,0,0,0,0,More than one year
Network For Enterprise Enhancement and Development Support,needs,0,0,0,0,0,0,0,0,0,0,0,0,More than one year
Network for Africa,network4africa,0,0,0,0,0,0,0,0,0,0,0,0,More than one year
Nevadic Limited,nvd_12,0,0,0,0,0,0,0,0,0,0,0,0,More than one year
New Digital Trade Coalition Inc.,new_digital_trade_coalition,0,0,0,0,0,0,0,0,0,0,0,0,More than one year
New York University,nyu,0,0,0,0,0,0,0,0,0,0,0,0,More than one year
Non-Timber Forest Products Exchange Programme,ntfp-ep,0,0,0,0,0,0,0,0,0,0,0,0,More than one year
Northern Ireland Cooperation Overseas Ltd,nico,0,0,0,0,0,0,0,0,0,0,0,0,More than one year
Northern Network for Education Development,nned,0,0,0,0,0,0,0,0,0,0,0,0,More than one year
Northern Rangelands Trust,nrt-kenya,0,0,0,0,0,0,0,0,0,0,0,0,More than one year
"NpM, Platform for Inclusive Finance",npm,0,0,0,0,0,0,0,0,0,0,0,0,More than one year
Nutrition International,nutritionintl,0,0,0,0,0,0,0,0,0,0,0,0,More than one year
ODI Global Advisory Ltd,odi_sales_ltd,0,0,0,0,0,0,0,0,0,0,0,0,More than one year
ONG ALCRER,alcrer-1,0,0,0,0,0,0,0,0,0,0,0,0,More than one year
Okapi Consulting,okapiconsulting,0,0,0,0,0,0,0,0,0,0,0,0,More than one year
Olamma Cares Foundation,olammacares,0,0,0,0,0,0,0,0,0,0,0,0,More than one year
Omidyar Network Fund Inc.,omidyarnetwork,0,0,0,0,0,0,0,0,0,0,0,0,More than one year
One Acre Fund,oneacrefund,0,0,0,0,0,0,0,0,0,0,0,0,More than one year
One Young World,oyw,0,0,0,0,0,0,0,0,0,0,0,0,More than one year
One to One Children's Fund,onetoonecf,0,0,0,0,0,0,0,0,0,0,0,0,More than one year
Open Capital Advisors,oca,0,0,0,0,0,0,0,0,0,0,0,0,More than one year
OpenNorth,opennorth,0,0,0,0,0,0,0,0,0,0,0,0,More than one year
Opportunity International Savings and Loans Ltd,oisl_gh,0,0,0,0,0,0,0,0,0,0,0,0,More than one year
Opportunity International UK,opportunity-international-uk,0,0,0,0,0,0,0,0,0,0,0,0,More than one year
Orbis Africa,orbis_africa,0,0,0,0,0,0,0,0,0,0,0,0,More than one year
Orbis Charitable Trust,orbis_uk,0,0,0,0,0,0,0,0,0,0,0,0,More than one year
Orbis Ethiopia,orbis_ethiopia,0,0,0,0,0,0,0,0,0,0,0,0,More than one year
Orbis International,orbis_international,0,0,0,0,0,0,0,0,0,0,0,0,More than one year
Organizacion para la Educacion y Proteccion Ambiental -OpEPA-,opepa,0,0,0,0,0,0,0,0,0,0,0,0,More than one year
OurLoop Stitchting,loop,0,0,0,0,0,0,0,0,0,0,0,0,More than one year
Outreach Egypt,outreach_egypt,0,0,0,0,0,0,0,0,0,0,0,0,More than one year
Oxfam America,oxfamus,0,0,0,0,0,0,0,0,0,0,0,0,More than one year
Oxfam Australia,oau,0,0,0,0,0,0,0,0,0,0,0,0,More than one year
Oxfam India,oxfamindia,0,0,0,0,0,0,0,0,0,0,0,0,More than one year
Oxfam Intermón,oxfamintermon,0,0,0,0,0,0,0,0,0,0,0,0,More than one year
Oxfam-Quebec,oqc,0,0,0,0,0,0,0,0,0,0,0,0,More than one year
Oxford Policy Management,opml,0,0,0,0,0,0,0,0,0,0,0,0,More than one year
PATH,_path_,0,0,0,0,0,0,0,0,0,0,0,0,More than one year
PATTIRO,pattiro,0,0,0,0,0,0,0,0,0,0,0,0,More than one year
PEAS (Promoting Equality in African Schools),peas,0,0,0,0,0,0,0,0,0,0,0,0,More than one year
PHASE Nepal,phase-nepal,0,0,0,0,0,0,0,0,0,0,0,0,More than one year
PHYSICIANS ACROSS CONTINENTS (PAC),pac_som,0,0,0,0,0,0,0,0,0,0,0,0,More than one year
PONT,pont,0,0,0,0,0,0,0,0,0,0,0,0,More than one year
PPAG,ppag_123,0,0,0,0,0,0,0,0,0,0,0,0,More than one year
PRACTICA Foundation,practica,0,0,0,0,0,0,0,0,0,0,0,0,More than one year
PRI Association,pri_icf,0,0,0,0,0,0,0,0,0,0,0,0,More than one year
PRO-FEMMES TWESE HAMWE,profemmes,0,0,0,0,0,0,0,0,0,0,0,0,More than one year
PT Arup Indonesia,ptarupidn,0,0,0,0,0,0,0,0,0,0,0,0,More than one year
PUBLIC HEALTH FOUNDATION OF INDIA,phfi,0,0,0,0,0,0,0,0,0,0,0,0,More than one year
Pact,pact,0,0,0,0,0,0,0,0,0,0,0,0,More than one year
Pakistan Institute of Living & Learning,pill,0,0,0,0,0,0,0,0,0,0,0,0,More than one year
Palestinian Working Women Society for Development,pwwsd_2022,0,0,0,0,0,0,0,0,0,0,0,0,More than one year
Palliative Care Association of Malawi,pacam,0,0,0,0,0,0,0,0,0,0,0,0,More than one year
Palliative Care Support Trust,pcst,0,0,0,0,0,0,0,0,0,0,0,0,More than one year
Panos Institute West Africa (PIWA),ipao,0,0,0,0,0,0,0,0,0,0,0,0,More than one year
Paradigm Initiative,paradigm,0,0,0,0,0,0,0,0,0,0,0,0,More than one year
Parhelion Underwriting Limited,pul,0,0,0,0,0,0,0,0,0,0,0,0,More than one year
Particip GmbH,particip,0,0,0,0,0,0,0,0,0,0,0,0,More than one year
Partnership for African Social & Governance Research (PASGR),pasgr,0,0,0,0,0,0,0,0,0,0,0,0,More than one year
Pastoralist Girls Initiative,pgi_kenya,0,0,0,0,0,0,0,0,0,0,0,0,More than one year
Peace Brigades International,pbi_io,0,0,0,0,0,0,0,0,0,0,0,0,More than one year
Penal Reform International,pri,0,0,0,0,0,0,0,0,0,0,0,0,More than one year
People In Aid,peopleinaid,0,0,0,0,0,0,0,0,0,0,0,0,More than one year
People's Process on Housing and Poverty in Zambia,pphpz,0,0,0,0,0,0,0,0,0,0,0,0,More than one year
Perhimpunan Pengembangan Media Nusantara,ja_ppmn,0,0,0,0,0,0,0,0,0,0,0,0,More than one year
Plan International Finland,planinternationalfinland,0,0,0,0,0,0,0,0,0,0,0,0,More than one year
Plan International USA,plan_usa,0,0,0,0,0,0,0,0,0,0,0,0,More than one year
Plan Ireland Charitable Assistance Limited,plan_ireland,0,0,0,0,0,0,0,0,0,0,0,0,More than one year
Plataforma Moçambicana da Água (PLAMA),plama,0,0,0,0,0,0,0,0,0,0,0,0,More than one year
Pontis Foundation,pontis,0,0,0,0,0,0,0,0,0,0,0,0,More than one year
Population Media Center,pmc,0,0,0,0,0,0,0,0,0,0,0,0,More than one year
Population Service International,psi,0,0,0,0,0,0,0,0,0,0,0,0,More than one year
Population Services Kenya,pskenya_19,0,0,0,0,0,0,0,0,0,0,0,0,More than one year
Population Services and Training Centre (PSTC),pstc_1102,0,0,0,0,0,0,0,0,0,0,0,0,More than one year
PositiveNegatives,posneg,0,0,0,0,0,0,0,0,0,0,0,0,More than one year
Power International,power,0,0,0,0,0,0,0,0,0,0,0,0,More than one year
Pragya India,pragya,0,0,0,0,0,0,0,0,0,0,0,0,More than one year
Prince Claus Fund,pcf,0,0,0,0,0,0,0,0,0,0,0,0,More than one year
Programming Their Future,p-t-f-,0,0,0,0,0,0,0,0,0,0,0,0,More than one year
Progressio (closed),progressio,0,0,0,0,0,0,0,0,0,0,0,0,More than one year
Project Harar,phe,0,0,0,0,0,0,0,0,0,0,0,0,More than one year
Projet Jeune Leader,pjl,0,0,0,0,0,0,0,0,0,0,0,0,More than one year
Prospero Limited,prospero,0,0,0,0,0,0,0,0,0,0,0,0,More than one year
Protecting Families Against HIV/AIDS,prefa_1,0,0,0,0,0,0,0,0,0,0,0,0,More than one year
Public International Law & Policy Group,pilpg,0,0,0,0,0,0,0,0,0,0,0,0,More than one year
Pump Aid,pumpaid,0,0,0,0,0,0,0,0,0,0,0,0,More than one year
PwC,pwc,0,0,0,0,0,0,0,0,0,0,0,0,More than one year
RAIN Foundation (former),rainfoundation,0,0,0,0,0,0,0,0,0,0,0,0,More than one year
RUAF Foundation,ruaf,0,0,0,0,0,0,0,0,0,0,0,0,More than one year
RWENZORI ANTI CORRUP0TION COALITION,rac-001,0,0,0,0,0,0,0,0,0,0,0,0,More than one year
Rabo Foundation,rabofoundation,0,0,0,0,0,0,0,0,0,0,0,0,More than one year
Rabo Partnerships,rabo_partnerships,0,0,0,0,0,0,0,0,0,0,0,0,More than one year
Radios Rurales Internationales,bfrri,0,0,0,0,0,0,0,0,0,0,0,0,More than one year
Rahnuma-Family Planning Assocation of Pakistan,rfpap,0,0,0,0,0,0,0,0,0,0,0,0,More than one year
Railway Children,rc,0,0,0,0,0,0,0,0,0,0,0,0,More than one year
Rainbow Railroad,rr_qfdi,0,0,0,0,0,0,0,0,0,0,0,0,More than one year
Rainforest Action Network,ran,0,0,0,0,0,0,0,0,0,0,0,0,More than one year
Rainforest Alliance,rainforest-alliance,0,0,0,0,0,0,0,0,0,0,0,0,More than one year
Rainforest Foundation UK,rfuk,0,0,0,0,0,0,0,0,0,0,0,0,More than one year
Rainwater Association of Somalia-RAAS,inforaas,0,0,0,0,0,0,0,0,0,0,0,0,More than one year
Raleigh International,raleigh_int,0,0,0,0,0,0,0,0,0,0,0,0,More than one year
Reach A Hand Uganda,rahuug,0,0,0,0,0,0,0,0,0,0,0,0,More than one year
Red Cross Red Crescent Climate Centre,climate_centre,0,0,0,0,0,0,0,0,0,0,0,0,More than one year
RedOrange Media and Communications,redorange,0,0,0,0,0,0,0,0,0,0,0,0,More than one year
RedR UK,redruk,0,0,0,0,0,0,0,0,0,0,0,0,More than one year
Regional Advisory Information and Network Systems,rains,0,0,0,0,0,0,0,0,0,0,0,0,More than one year
"Rehabilitation, Education and Community Health (REACH)",reach-iraq,0,0,0,0,0,0,0,0,0,0,0,0,More than one year
Relief International UK,ri-uk,0,0,0,0,0,0,0,0,0,0,0,0,More than one year
Republic of Korea,odakorea,0,0,0,0,0,0,0,0,0,0,0,0,More than one year
Resilience,resilience,0,0,0,0,0,0,0,0,0,0,0,0,More than one year
Resonate! Yemen,rymn,0,0,0,0,0,0,0,0,0,0,0,0,More than one year
Resource Extraction Monitoring,rem,0,0,0,0,0,0,0,0,0,0,0,0,More than one year
Responsible Mining Foundation,rmf,0,0,0,0,0,0,0,0,0,0,0,0,More than one year
Restart Center,restartcenter,0,0,0,0,0,0,0,0,0,0,0,0,More than one year
Retrak,retrak,0,0,0,0,0,0,0,0,0,0,0,0,More than one year
Right to Play Netherlands Foundation,rtp,0,0,0,0,0,0,0,0,0,0,0,0,More than one year
Rights and Resources Initaitive,rri,0,0,0,0,0,0,0,0,0,0,0,0,More than one year
Rikolto in Belgium,rikolto_belgium,0,0,0,0,0,0,0,0,0,0,0,0,More than one year
Riverrecycle Oy,riverrecycle,0,0,0,0,0,0,0,0,0,0,0,0,More than one year
Rocky Mountain Institute,rmi,0,0,0,0,0,0,0,0,0,0,0,0,More than one year
Rojiroti UK,rojiroti,0,0,0,0,0,0,0,0,0,0,0,0,More than one year
Romania Ministry of Foreign Affairs,uasd,0,0,0,0,0,0,0,0,0,0,0,0,More than one year
Rotary Clubs For Development,rc4d,0,0,0,0,0,0,0,0,0,0,0,0,More than one year
Royal College of General Practitioners (RCGP),rcgp-international,0,0,0,0,0,0,0,0,0,0,0,0,More than one year
Royal College of Obstetricians & Gynaecologists,rcog_resilience_in_obstetric_skills,0,0,0,0,0,0,0,0,0,0,0,0,More than one year
Royal Institute of International Affairs,riia,0,0,0,0,0,0,0,0,0,0,0,0,More than one year
Royal Netherlands Football Association,knvb,0,0,0,0,0,0,0,0,0,0,0,0,More than one year
Royal Society for the Protection of Birds,rspb_,0,0,0,0,0,0,0,0,0,0,0,0,More than one year
Royal Society of Tropical Medicine & Hygiene,rstmh,0,0,0,0,0,0,0,0,0,0,0,0,More than one year
"SDSN Association, Inc.",sdsna,0,0,0,0,0,0,0,0,0,0,0,0,More than one year
SECOURS CATHOLIQUE - CARITAS FRANCE,sccf,0,0,0,0,0,0,0,0,0,0,0,0,More than one year
SIHA-South Sudan,siha-southsudan,0,0,0,0,0,0,0,0,0,0,0,0,More than one year
SMC-Faith in Development,smc,0,0,0,0,0,0,0,0,0,0,0,0,More than one year
SMEX,smex,0,0,0,0,0,0,0,0,0,0,0,0,More than one year
SNV Netherlands Development Organisation,snv,0,0,0,0,0,0,0,0,0,0,0,0,More than one year
SOAS University of London,soas,0,0,0,0,0,0,0,0,0,0,0,0,More than one year
SOS Children's Villages Kenya,soscvkenya,0,0,0,0,0,0,0,0,0,0,0,0,More than one year
SOS Italia,sosvdb_italia,0,0,0,0,0,0,0,0,0,0,0,0,More than one year
SOS Jeunesse et Défis,sosjd6,0,0,0,0,0,0,0,0,0,0,0,0,More than one year
SOS Kinderdorpen België / SOS Villages d'Enfants Belgique,svdbskb_admin,0,0,0,0,0,0,0,0,0,0,0,0,More than one year
SOS Sahel International UK,sossaheluk,0,0,0,0,0,0,0,0,0,0,0,0,More than one year
SOS Sahel Sudan,sosss_admin,0,0,0,0,0,0,0,0,0,0,0,0,More than one year
SPARK,spark,0,0,0,0,0,0,0,0,0,0,0,0,More than one year
STAR-Ghana Foundation,star_ghanafoundation,0,0,0,0,0,0,0,0,0,0,0,0,More than one year
STC International,stc-international,0,0,0,0,0,0,0,0,0,0,0,0,More than one year
SUGAS GLOBAL AGRO LTD,sgal,0,0,0,0,0,0,0,0,0,0,0,0,More than one year
Sabre Education Limited,sct,0,0,0,0,0,0,0,0,0,0,0,0,More than one year
Saferworld,saferworld,0,0,0,0,0,0,0,0,0,0,0,0,More than one year
Samaritan's Purse UK,spuk,0,0,0,0,0,0,0,0,0,0,0,0,More than one year
Samir Kassir Foundation,skf,0,0,0,0,0,0,0,0,0,0,0,0,More than one year
Sana'a Center for Strategic Studies,scss,0,0,0,0,0,0,0,0,0,0,0,0,More than one year
Satellite Applications Catapult Ltd,satelliteapplicationscatapultltd,0,0,0,0,0,0,0,0,0,0,0,0,More than one year
Savana Signatures,savsign-org,0,0,0,0,0,0,0,0,0,0,0,0,More than one year
Save the Children International,sci,0,0,0,0,0,0,0,0,0,0,0,0,More than one year
Science for Africa Foundation,sfa_foundation,0,0,0,0,0,0,0,0,0,0,0,0,More than one year
Scotland's International Development Alliance,sinda,0,0,0,0,0,0,0,0,0,0,0,0,More than one year
Secrétariat Permanent des Organisation non-gouvernementales du Burkina Faso (SPONG-BURKINA),spong-burkina,0,0,0,0,0,0,0,0,0,0,0,0,More than one year
Seefar,seefar,0,0,0,0,0,0,0,0,0,0,0,0,More than one year
Seefar Foundation,seefarfoundation,0,0,0,0,0,0,0,0,0,0,0,0,More than one year
Sehat Kahani (Community Innovation Hub),sehatkahanicih,0,0,0,0,0,0,0,0,0,0,0,0,More than one year
Self Help Africa,self-help-africa,0,0,0,0,0,0,0,0,0,0,0,0,More than one year
Send a Cow,sendacow,0,0,0,0,0,0,0,0,0,0,0,0,More than one year
Send a Cow Ethiopia,sacethiopia,0,0,0,0,0,0,0,0,0,0,0,0,More than one year
Send a Cow Kenya,sac_kenya,0,0,0,0,0,0,0,0,0,0,0,0,More than one year
Send a Cow Uganda,sacu,0,0,0,0,0,0,0,0,0,0,0,0,More than one year
Sense International,sense_international,0,0,0,0,0,0,0,0,0,0,0,0,More than one year
Shack Dwellers International - Kenya,sdi-k,0,0,0,0,0,0,0,0,0,0,0,0,More than one year
Sharkit Al Manhajyah Lelestsharat Al Tasweeqyeh,mset,0,0,0,0,0,0,0,0,0,0,0,0,More than one year
ShelterBox,shelterbox,0,0,0,0,0,0,0,0,0,0,0,0,More than one year
Shifa Tameer-e-Millat University,stmu01,0,0,0,0,0,0,0,0,0,0,0,0,More than one year
Shift Project Ltd.,shiftproject,0,0,0,0,0,0,0,0,0,0,0,0,More than one year
Shirkat Gah-Women's Resource Centre,shirkatgah,0,0,0,0,0,0,0,0,0,0,0,0,More than one year
Shortlist Professionals Limited,shortlistogti,0,0,0,0,0,0,0,0,0,0,0,0,More than one year
Shtrii Shakti,shtrii_shakti,0,0,0,0,0,0,0,0,0,0,0,0,More than one year
Sightsavers,ss-org,0,0,0,0,0,0,0,0,0,0,0,0,More than one year
Signal,signal,0,0,0,0,0,0,0,0,0,0,0,0,More than one year
Silsab Foundation,silsab1-_,0,0,0,0,0,0,0,0,0,0,0,0,More than one year
Simprints,simprints,0,0,0,0,0,0,0,0,0,0,0,0,More than one year
Siren Associates,siren,0,0,0,0,0,0,0,0,0,0,0,0,More than one year
Sisonke National Sex Workers Movement,sisonke,0,0,0,0,0,0,0,0,0,0,0,0,More than one year
Slovenia - Ministry of Foreign Affairs,si-mfa,0,0,0,0,0,0,0,0,0,0,0,0,More than one year
Slum Dwellers International,sdi-int,0,0,0,0,0,0,0,0,0,0,0,0,More than one year
Small International Development Charities Network,sidcn,0,0,0,0,0,0,0,0,0,0,0,0,More than one year
Smart Villages Research Group,svrg,0,0,0,0,0,0,0,0,0,0,0,0,More than one year
Sociaal-Economische Raad,ser,0,0,0,0,0,0,0,0,0,0,0,0,More than one year
Social Accountability International,social_accountability_international,0,0,0,0,0,0,0,0,0,0,0,0,More than one year
"Social Fund for Development, Yemen",sfd-yemen,0,0,0,0,0,0,0,0,0,0,0,0,More than one year
Social Impact Lab CIC,simlab,0,0,0,0,0,0,0,0,0,0,0,0,More than one year
Social Watch Benin,swb_1,0,0,0,0,0,0,0,0,0,0,0,0,More than one year
Société Nationale des eaux du Bénin (SONEB),soneb-benin,0,0,0,0,0,0,0,0,0,0,0,0,More than one year
SolarNow Services (U) Ltd,solarnowsofa,0,0,0,0,0,0,0,0,0,0,0,0,More than one year
Solidaridad Europe,solidaridad-europe,0,0,0,0,0,0,0,0,0,0,0,0,More than one year
Solidaridad South & South-East Asia,solidaridad-ssea,0,0,0,0,0,0,0,0,0,0,0,0,More than one year
Solidaridad West Africa,solidaridad-waf,0,0,0,0,0,0,0,0,0,0,0,0,More than one year
Solidarites International,solidarites-international,0,0,0,0,0,0,0,0,0,0,0,0,More than one year
Soluciones en Legislación y Política Ambiental AC,polea,0,0,0,0,0,0,0,0,0,0,0,0,More than one year
Somali Community Concern,scc_2025,0,0,0,0,0,0,0,0,0,0,0,0,More than one year
Somali Women Vision,swvsom,0,0,0,0,0,0,0,0,0,0,0,0,More than one year
Sound Seekers Limited,soundseekers,0,0,0,0,0,0,0,0,0,0,0,0,More than one year
South Asian Women Development Forum,sawdf-admin,0,0,0,0,0,0,0,0,0,0,0,0,More than one year
South West International Development Network,swidn,0,0,0,0,0,0,0,0,0,0,0,0,More than one year
Southern African Catholic Bishops' Conference Aids Office,sacbc,0,0,0,0,0,0,0,0,0,0,0,0,More than one year
Sowt podcasting and training L.L.C,sowt,0,0,0,0,0,0,0,0,0,0,0,0,More than one year
Spain - Ministry of Foreign Affairs and Cooperation,maec,0,0,0,0,0,0,0,0,0,0,0,0,More than one year
Spanish Agency for International Development Cooperation (AECID),aecid,0,0,0,0,0,0,0,0,0,0,0,0,More than one year
Special Hope Network,shn,0,0,0,0,0,0,0,0,0,0,0,0,More than one year
Stakeholder Democracy Network,sdn,0,0,0,0,0,0,0,0,0,0,0,0,More than one year
Stars Foundation,starsfoundation,0,0,0,0,0,0,0,0,0,0,0,0,More than one year
Start Network,start-network,0,0,0,0,0,0,0,0,0,0,0,0,More than one year
Stellenbosch University,su-impala,0,0,0,0,0,0,0,0,0,0,0,0,More than one year
Stiching Cardano Development,stichting_cd,0,0,0,0,0,0,0,0,0,0,0,0,More than one year
Stichting ActionAId,aanl,0,0,0,0,0,0,0,0,0,0,0,0,More than one year
Stichting Aflatoun International,aflatoun,0,0,0,0,0,0,0,0,0,0,0,0,More than one year
Stichting Aidenvironment,aidenvironment,0,0,0,0,0,0,0,0,0,0,0,0,More than one year
Stichting Deltares,deltares,0,0,0,0,0,0,0,0,0,0,0,0,More than one year
Stichting Habitat for Humanity Nederland,hfhnl,0,0,0,0,0,0,0,0,0,0,0,0,More than one year
Stichting Humana,humana_houben,0,0,0,0,0,0,0,0,0,0,0,0,More than one year
Stichting Kinderpostzegels Nederland,skn,0,0,0,0,0,0,0,0,0,0,0,0,More than one year
Stichting Mayday Rescue Foundation,maydayrescue,0,0,0,0,0,0,0,0,0,0,0,0,More than one year
Stichting Nederlands Instituut voor Internationale Betrekkingen 'Clingendael',clingendael,0,0,0,0,0,0,0,0,0,0,0,0,More than one year
Stichting Wings For Aid Foundation,wfaf,0,0,0,0,0,0,0,0,0,0,0,0,More than one year
Stockholm International Water Institute,siwi,0,0,0,0,0,0,0,0,0,0,0,0,More than one year
Street Child,street_child,0,0,0,0,0,0,0,0,0,0,0,0,More than one year
StreetInvest,si,0,0,0,0,0,0,0,0,0,0,0,0,More than one year
Stromme Foundation,stromme_ug,0,0,0,0,0,0,0,0,0,0,0,0,More than one year
Studies & Economic Media Center (SEMC),semc-yemen,0,0,0,0,0,0,0,0,0,0,0,0,More than one year
Support Trust for Africa Development (STAD),stad,0,0,0,0,0,0,0,0,0,0,0,0,More than one year
Survivors Fund (SURF),surf,0,0,0,0,0,0,0,0,0,0,0,0,More than one year
Sustainable Development Institute,sdi,0,0,0,0,0,0,0,0,0,0,0,0,More than one year
Sustainable Hospitality Alliance,sha,0,0,0,0,0,0,0,0,0,0,0,0,More than one year
Sustainable Livelihoods Foundation,sustainable_livelihoods_foundation,0,0,0,0,0,0,0,0,0,0,0,0,More than one year
Swedish Committee for Afghanistan,sca_afghanistan,0,0,0,0,0,0,0,0,0,0,0,0,More than one year
Sympany+,simone_sympany,0,0,0,0,0,0,0,0,0,0,0,0,More than one year
Synergie des Femmes pour la Paix et la Réconciliation des Peuples des Grands Lacs d'Afrique,spr,0,0,0,0,0,0,0,0,0,0,0,0,More than one year
Synergía - Initiatives for Human Rights,synergiaihr,0,0,0,0,0,0,0,0,0,0,0,0,More than one year
Syria Relief,sr,0,0,0,0,0,0,0,0,0,0,0,0,More than one year
Syrian Center for Media and Freedom of Expression,scm,0,0,0,0,0,0,0,0,0,0,0,0,More than one year
TAG International Development Limited,taginternational,0,0,0,0,0,0,0,0,0,0,0,0,More than one year
TB Alert,tbalert,0,0,0,0,0,0,0,0,0,0,0,0,More than one year
THE LEPROSY MISSION INTERNATIONAL,tlm_io,0,0,0,0,0,0,0,0,0,0,0,0,More than one year
TRAFFIC International,traffic,0,0,0,0,0,0,0,0,0,0,0,0,More than one year
TREE AID,treea,0,0,0,0,0,0,0,0,0,0,0,0,More than one year
TRIAL International,trial,0,0,0,0,0,0,0,0,0,0,0,0,More than one year
Tameer-e-Khalaq Foundation,tkf1234,0,0,0,0,0,0,0,0,0,0,0,0,More than one year
Target TB,targettb,0,0,0,0,0,0,0,0,0,0,0,0,More than one year
Tax Justice Network,tjn,0,0,0,0,0,0,0,0,0,0,0,0,More than one year
Teach A Man To Fish,tamtf,0,0,0,0,0,0,0,0,0,0,0,0,More than one year
Teach For Pakistan,tfp,0,0,0,0,0,0,0,0,0,0,0,0,More than one year
Tearfund VZW (TFBE),tfb_admin1,0,0,0,0,0,0,0,0,0,0,0,0,More than one year
Technische Universiteit Delft,nl_tud,0,0,0,0,0,0,0,0,0,0,0,0,More than one year
Terre des hommes- Aide à l'enfance dans le monde- Fondation,tdh_foundation,0,0,0,0,0,0,0,0,0,0,0,0,More than one year
The AGRI3 Fund,agri3_fund,0,0,0,0,0,0,0,0,0,0,0,0,More than one year
The Access to Nutrition Foundation,atnf,0,0,0,0,0,0,0,0,0,0,0,0,More than one year
The Asia Foundation,taf,0,0,0,0,0,0,0,0,0,0,0,0,More than one year
The British Academy,thebritishacademy,0,0,0,0,0,0,0,0,0,0,0,0,More than one year
The Carter Center,carter-center,0,0,0,0,0,0,0,0,0,0,0,0,More than one year
The Centre for Economic Governance and Accountability in Africa  (CEGAA),cegaa,0,0,0,0,0,0,0,0,0,0,0,0,More than one year
The Climate Change Organisation,climate-group,0,0,0,0,0,0,0,0,0,0,0,0,More than one year
The Coca-Cola Export Corporation,tccec,0,0,0,0,0,0,0,0,0,0,0,0,More than one year
The Conflict and Environment Observatory,ceobs,0,0,0,0,0,0,0,0,0,0,0,0,More than one year
The Convention on Business Integrity,cbi-nigeria,0,0,0,0,0,0,0,0,0,0,0,0,More than one year
The Education Commission,educomm,0,0,0,0,0,0,0,0,0,0,0,0,More than one year
The Faraday Institution,thefaradayinstitution,0,0,0,0,0,0,0,0,0,0,0,0,More than one year
The Foundation Center,foundation_center,0,0,0,0,0,0,0,0,0,0,0,0,More than one year
The Fred Hollows Foundation (UK),fhfuk,0,0,0,0,0,0,0,0,0,0,0,0,More than one year
The Freedom Fund,tff,0,0,0,0,0,0,0,0,0,0,0,0,More than one year
The Freedom Fund (US),tffus,0,0,0,0,0,0,0,0,0,0,0,0,More than one year
The George Washington University,gwu_gwi,0,0,0,0,0,0,0,0,0,0,0,0,More than one year
"The Global Development Incubator, Inc",gdi,0,0,0,0,0,0,0,0,0,0,0,0,More than one year
The Global Forum on MSM & HIV (MSMGF),msmgf,0,0,0,0,0,0,0,0,0,0,0,0,More than one year
The Hunger Project Bangladesh,thpdb,0,0,0,0,0,0,0,0,0,0,0,0,More than one year
The Institute for Strategic Dialogue,isdglobal,0,0,0,0,0,0,0,0,0,0,0,0,More than one year
The International Children's Trust,theict,0,0,0,0,0,0,0,0,0,0,0,0,More than one year
The International Institute for Strategic Studies,iiss,0,0,0,0,0,0,0,0,0,0,0,0,More than one year
The Lebanese Organisation for Studies and Training,rabi3,0,0,0,0,0,0,0,0,0,0,0,0,More than one year
The Legal Aid Forum,laf,0,0,0,0,0,0,0,0,0,0,0,0,More than one year
The Leprosy Mission Trust India,tlmti,0,0,0,0,0,0,0,0,0,0,0,0,More than one year
The Liaison Office,tlo,0,0,0,0,0,0,0,0,0,0,0,0,More than one year
The MENTOR Initiative,the_mentor_initiative,0,0,0,0,0,0,0,0,0,0,0,0,More than one year
The Mailman School of Public Health,mailman_school_of_public_health,0,0,0,0,0,0,0,0,0,0,0,0,More than one year
The National Association of Municipalities of Benin (ANCB),ancb_benin,0,0,0,0,0,0,0,0,0,0,0,0,More than one year
The Nature Conservancy,the_nature_conservancy,0,0,0,0,0,0,0,0,0,0,0,0,More than one year
The OPEC Fund for International Development (OFID),ofid,0,0,0,0,0,0,0,0,0,0,0,0,More than one year
The Pirbright Institute,pirbright_institute,0,0,0,0,0,0,0,0,0,0,0,0,More than one year
"The Population Council, Inc.",populationcouncil,0,0,0,0,0,0,0,0,0,0,0,0,More than one year
The Power of Nutrition,the_power_of_nutrition,0,0,0,0,0,0,0,0,0,0,0,0,More than one year
The Princess Alia Foundation,paf_2018,0,0,0,0,0,0,0,0,0,0,0,0,More than one year
The Proforest Initiative UK,pi-uk,0,0,0,0,0,0,0,0,0,0,0,0,More than one year
The Queen Elizabeth Diamond Jubilee Trust,qedjt,0,0,0,0,0,0,0,0,0,0,0,0,More than one year
The Royal United Services Institute for Defence and Security Studies,rusi,0,0,0,0,0,0,0,0,0,0,0,0,More than one year
The Salvation Army International Development UK,said-uk,0,0,0,0,0,0,0,0,0,0,0,0,More than one year
The Samdhana Institute,samdhana_institute,0,0,0,0,0,0,0,0,0,0,0,0,More than one year
The Uganda Association of Women Lawyers ( FIDA Uganda),fidauganda,0,0,0,0,0,0,0,0,0,0,0,0,More than one year
The United Nations Relief and Works Agency for Palestine Refugees in the Near East (UNRWA),unrwa,0,0,0,0,0,0,0,0,0,0,0,0,More than one year
The University of Aberdeen,uoa,0,0,0,0,0,0,0,0,0,0,0,0,More than one year
"The University of Dodoma (UDOM), Tanzania",udom,0,0,0,0,0,0,0,0,0,0,0,0,More than one year
The University of Manchester,uom,0,0,0,0,0,0,0,0,0,0,0,0,More than one year
The University of Sheffield,tuos,0,0,0,0,0,0,0,0,0,0,0,0,More than one year
The Wildfowl and Wetlands Trust,gb-chc-1030884,0,0,0,0,0,0,0,0,0,0,0,0,More than one year
Theatre for a Change Malawi,tfacmalawi,0,0,0,0,0,0,0,0,0,0,0,0,More than one year
Theatre for a Change UK,tfac,0,0,0,0,0,0,0,0,0,0,0,0,More than one year
Think Equal UK,thinkequal,0,0,0,0,0,0,0,0,0,0,0,0,More than one year
Third World Network Africa,twnafrica,0,0,0,0,0,0,0,0,0,0,0,0,More than one year
Thomson Reuters Foundation,trf,0,0,0,0,0,0,0,0,0,0,0,0,More than one year
Tifa Foundation,tifa_foundation,0,0,0,0,0,0,0,0,0,0,0,0,More than one year
Timber Trade Federation Ltd.,ttf,0,0,0,0,0,0,0,0,0,0,0,0,More than one year
Timidria,timidria,0,0,0,0,0,0,0,0,0,0,0,0,More than one year
Trade and Development Bank,tdb01,0,0,0,0,0,0,0,0,0,0,0,0,More than one year
Trademark Africa,tma,0,0,0,0,0,0,0,0,0,0,0,0,More than one year
Transform Africa,transafrica19,0,0,0,0,0,0,0,0,0,0,0,0,More than one year
Transition International,ti_nl,0,0,0,0,0,0,0,0,0,0,0,0,More than one year
Transparency International Kenya,ti_kenya,0,0,0,0,0,0,0,0,0,0,0,0,More than one year
Transparency International Secretariat,transparency-international,0,0,0,0,0,0,0,0,0,0,0,0,More than one year
Transparently Lebanese,transparently_lebanese,0,0,0,0,0,0,0,0,0,0,0,0,More than one year
Triangle Génération Humanitaire,tgh,0,0,0,0,0,0,0,0,0,0,0,0,More than one year
Trianglen,trianglen,0,0,0,0,0,0,0,0,0,0,0,0,More than one year
Triple Line,tripleline_crownagents,0,0,0,0,0,0,0,0,0,0,0,0,More than one year
Tropenbos International,tbi,0,0,0,0,0,0,0,0,0,0,0,0,More than one year
Tropical Health and Education Trust,tropicalhealth,0,0,0,0,0,0,0,0,0,0,0,0,More than one year
Trust for Africa's Orphans,tao-03473165,0,0,0,0,0,0,0,0,0,0,0,0,More than one year
Trust for Indigenous Culture and Health,ticah,0,0,0,0,0,0,0,0,0,0,0,0,More than one year
Twaweza,twaweza,0,0,0,0,0,0,0,0,0,0,0,0,More than one year
Twin,twin-iati,0,0,0,0,0,0,0,0,0,0,0,0,More than one year
Twynstra Gudde,twynstragudde,0,0,0,0,0,0,0,0,0,0,0,0,More than one year
"UK - Department for Digital, Culture, Media and Sport",dcms,0,0,0,0,0,0,0,0,0,0,0,0,More than one year
UK - Home Office,homeoffice,0,0,0,0,0,0,0,0,0,0,0,0,More than one year
UK - Medical Research Council,mrc,0,0,0,0,0,0,0,0,0,0,0,0,More than one year
UK - Ministry of Defence,ukmod,0,0,0,0,0,0,0,0,0,0,0,0,More than one year
UK - Scottish Government,scottish_government,0,0,0,0,0,0,0,0,0,0,0,0,More than one year
UK-Ghana Chamber of Commerce,ukgcc,0,0,0,0,0,0,0,0,0,0,0,0,More than one year
UK-Med,uk-med,0,0,0,0,0,0,0,0,0,0,0,0,More than one year
UN Global Compact Local Network UK,ungc-uk,0,0,0,0,0,0,0,0,0,0,0,0,More than one year
UN Pooled Funds,unpf,0,0,0,0,0,0,0,0,0,0,0,0,More than one year
UN Women,unw,0,0,0,0,0,0,0,0,0,0,0,0,More than one year
UN-Habitat,unhabitat,0,0,0,0,0,0,0,0,0,0,0,0,More than one year
UTZ,utz,0,0,0,0,0,0,0,0,0,0,0,0,More than one year
UWEZO Youth Empowerment,uwezo_youth_empowerment,0,0,0,0,0,0,0,0,0,0,0,0,More than one year
Uganda Martyrs University,umu,0,0,0,0,0,0,0,0,0,0,0,0,More than one year
Unilever,ul,0,0,0,0,0,0,0,0,0,0,0,0,More than one year
Union of Agricultural Work Committees,uawc,0,0,0,0,0,0,0,0,0,0,0,0,More than one year
United Mission to Nepal,umn,0,0,0,0,0,0,0,0,0,0,0,0,More than one year
United Nations Development Coordination Office,undco,0,0,0,0,0,0,0,0,0,0,0,0,More than one year
United Nations Environment Programme (UNEP),un-environment,0,0,0,0,0,0,0,0,0,0,0,0,More than one year
United Nations Population Fund,unfpa,0,0,0,0,0,0,0,0,0,0,0,0,More than one year
United Purpose,cu,0,0,0,0,0,0,0,0,0,0,0,0,More than one year
United States Department of Homeland Security,dhs,0,0,0,0,0,0,0,0,0,0,0,0,More than one year
United States Department of Justice,doj,0,0,0,0,0,0,0,0,0,0,0,0,More than one year
United States Federal Trade Commission,ftc,0,0,0,0,0,0,0,0,0,0,0,0,More than one year
United Work,united_work,0,0,0,0,0,0,0,0,0,0,0,0,More than one year
Universidad Peruana Cayetano Heredia,investigacion_cayetano,0,0,0,0,0,0,0,0,0,0,0,0,More than one year
Universidad de los Andes,uand_2020,0,0,0,0,0,0,0,0,0,0,0,0,More than one year
Universidade Federal de São Carlos - UFSCar,ufscar_brasil,0,0,0,0,0,0,0,0,0,0,0,0,More than one year
Universitas Brawijaya,medicine_ub,0,0,0,0,0,0,0,0,0,0,0,0,More than one year
Universiti Malaya,rmc_um,0,0,0,0,0,0,0,0,0,0,0,0,More than one year
University College London,ucl,0,0,0,0,0,0,0,0,0,0,0,0,More than one year
University Of Liverpool,uol,0,0,0,0,0,0,0,0,0,0,0,0,More than one year
University Of Zimbabwe,1-uz,0,0,0,0,0,0,0,0,0,0,0,0,More than one year
University Putra Malaysia,upm,0,0,0,0,0,0,0,0,0,0,0,0,More than one year
University Twente,utwente,0,0,0,0,0,0,0,0,0,0,0,0,More than one year
University of Amsterdam,uva_org,0,0,0,0,0,0,0,0,0,0,0,0,More than one year
University of Birmingham,universityofbirmingham,0,0,0,0,0,0,0,0,0,0,0,0,More than one year
University of Bristol,unibristol,0,0,0,0,0,0,0,0,0,0,0,0,More than one year
University of Central Lancashire,uclan,0,0,0,0,0,0,0,0,0,0,0,0,More than one year
University of Dar es Salaam,udsm-cbs,0,0,0,0,0,0,0,0,0,0,0,0,More than one year
University of Dundee,uodcepmlp,0,0,0,0,0,0,0,0,0,0,0,0,More than one year
University of East Anglia,uea_uk,0,0,0,0,0,0,0,0,0,0,0,0,More than one year
University of Essex,university_of_essex,0,0,0,0,0,0,0,0,0,0,0,0,More than one year
University of Ghana,ugorid,0,0,0,0,0,0,0,0,0,0,0,0,More than one year
University of Kinshasa,dspd_unikin,0,0,0,0,0,0,0,0,0,0,0,0,More than one year
University of Liberal Arts Bangladesh,chpd_ulab,0,0,0,0,0,0,0,0,0,0,0,0,More than one year
University of Nottingham,uni_of_nottingham,0,0,0,0,0,0,0,0,0,0,0,0,More than one year
University of Plymouth,uop,0,0,0,0,0,0,0,0,0,0,0,0,More than one year
University of Southampton,soton,0,0,0,0,0,0,0,0,0,0,0,0,More than one year
University of Strathclyde,strathclyde,0,0,0,0,0,0,0,0,0,0,0,0,More than one year
University of Sussex,uos,0,0,0,0,0,0,0,0,0,0,0,0,More than one year
University of Warwick,warwickpub123,0,0,0,0,0,0,0,0,0,0,0,0,More than one year
Upper Quartile,uq,0,0,0,0,0,0,0,0,0,0,0,0,More than one year
Urgent Action Fund Latin America and the Caribbean,uafla,0,0,0,0,0,0,0,0,0,0,0,0,More than one year
VETERINAIRES SANS FRONTIERES / DIERENARTSEN ZONDER GRENZEN - BELGIUM,vsfbelgium,0,0,0,0,0,0,0,0,0,0,0,0,More than one year
VVOB Education for Development,vvob,0,0,0,0,0,0,0,0,0,0,0,0,More than one year
Varkey Foundation,varkeyfoundation,0,0,0,0,0,0,0,0,0,0,0,0,More than one year
Vera Solutions,vera-solutions,0,0,0,0,0,0,0,0,0,0,0,0,More than one year
Village Enterprise,villageenterprise,0,0,0,0,0,0,0,0,0,0,0,0,More than one year
Village Infrastructure Angels,via,0,0,0,0,0,0,0,0,0,0,0,0,More than one year
Village Water Ltd,villagewater,0,0,0,0,0,0,0,0,0,0,0,0,More than one year
Vision Aid Overseas,vao,0,0,0,0,0,0,0,0,0,0,0,0,More than one year
Vision for a Nation Foundation,vfan,0,0,0,0,0,0,0,0,0,0,0,0,More than one year
VisionFund International,vfi,0,0,0,0,0,0,0,0,0,0,0,0,More than one year
Viva,viva,0,0,0,0,0,0,0,0,0,0,0,0,More than one year
Voluntary Health Association of India,vhai-org,0,0,0,0,0,0,0,0,0,0,0,0,More than one year
Voluntary Service Overseas (VSO),vso,0,0,0,0,0,0,0,0,0,0,0,0,More than one year
Vrije Universiteit Amsterdam,acwfs_vu,0,0,0,0,0,0,0,0,0,0,0,0,More than one year
WAJIBU - Institute of Public Accountability,wajibu,0,0,0,0,0,0,0,0,0,0,0,0,More than one year
WASH Alliance International,wai,0,0,0,0,0,0,0,0,0,0,0,0,More than one year
WASTE advisers on urban environment and development,waste,0,0,0,0,0,0,0,0,0,0,0,0,More than one year
WILPF,wilpf_22,0,0,0,0,0,0,0,0,0,0,0,0,More than one year
WSP USA Solutions Inc.,lbg,0,0,0,0,0,0,0,0,0,0,0,0,More than one year
WWF Indonesia,wwf_id,0,0,0,0,0,0,0,0,0,0,0,0,More than one year
WWF Paraguay,wwf-py,0,0,0,0,0,0,0,0,0,0,0,0,More than one year
WWF Sweden,wwf-se,0,0,0,0,0,0,0,0,0,0,0,0,More than one year
WWF TUNISIA,wwfna,0,0,0,0,0,0,0,0,0,0,0,0,More than one year
WWF-BRASIL,wwfbr,0,0,0,0,0,0,0,0,0,0,0,0,More than one year
WWF-UK,wwf-uk,0,0,0,0,0,0,0,0,0,0,0,0,More than one year
Wala Ltd,walaltd,0,0,0,0,0,0,0,0,0,0,0,0,More than one year
Wallah We Can,wwc_27068084,0,0,0,0,0,0,0,0,0,0,0,0,More than one year
War Child Canada,wcc,0,0,0,0,0,0,0,0,0,0,0,0,More than one year
War on Want,waronwant,0,0,0,0,0,0,0,0,0,0,0,0,More than one year
War on Want NI,wowni,0,0,0,0,0,0,0,0,0,0,0,0,More than one year
Water & Land Resource Center,wlrc_aau,0,0,0,0,0,0,0,0,0,0,0,0,More than one year
Water & Sanitation for the Urban Poor (WSUP),wsup,0,0,0,0,0,0,0,0,0,0,0,0,More than one year
Water Finance Facility,wff,0,0,0,0,0,0,0,0,0,0,0,0,More than one year
Water Integrity Network Association,win,0,0,0,0,0,0,0,0,0,0,0,0,More than one year
Water Witness International,water-witness-international,0,0,0,0,0,0,0,0,0,0,0,0,More than one year
Water Works,waterworks,0,0,0,0,0,0,0,0,0,0,0,0,More than one year
Water for People,w4p,0,0,0,0,0,0,0,0,0,0,0,0,More than one year
Wayamo Foundation,wayamo,0,0,0,0,0,0,0,0,0,0,0,0,More than one year
We Effect,weeffect,0,0,0,0,0,0,0,0,0,0,0,0,More than one year
Welbodi Partnership,welbodipartnership,0,0,0,0,0,0,0,0,0,0,0,0,More than one year
Welfare Association (Taawon),welfare_taawon,0,0,0,0,0,0,0,0,0,0,0,0,More than one year
Wellfound,wellfound,0,0,0,0,0,0,0,0,0,0,0,0,More than one year
Welsh Centre for International Affairs,wcia,0,0,0,0,0,0,0,0,0,0,0,0,More than one year
Welthungerhilfe,whh,0,0,0,0,0,0,0,0,0,0,0,0,More than one year
West Africa Blue,blue,0,0,0,0,0,0,0,0,0,0,0,0,More than one year
West Africa Network for Peacebuilding,wanep,0,0,0,0,0,0,0,0,0,0,0,0,More than one year
Westminster Foundation for Democracy,wfd,0,0,0,0,0,0,0,0,0,0,0,0,More than one year
Wetlands International,wi,0,0,0,0,0,0,0,0,0,0,0,0,More than one year
Win Win Strategies,wws,0,0,0,0,0,0,0,0,0,0,0,0,More than one year
Windle Trust Kenya,wtk,0,0,0,0,0,0,0,0,0,0,0,0,More than one year
Wits Health Consortium (Pty) Ltd,whc,0,0,0,0,0,0,0,0,0,0,0,0,More than one year
Wolayita Development Association,woda_0486,0,0,0,0,0,0,0,0,0,0,0,0,More than one year
Women Engage for a Common Future,wecf,0,0,0,0,0,0,0,0,0,0,0,0,More than one year
Women Environmental Programme,wep,0,0,0,0,0,0,0,0,0,0,0,0,More than one year
Women Peacemakers Program,wpp,0,0,0,0,0,0,0,0,0,0,0,0,More than one year
Women and Children First (UK),wcf,0,0,0,0,0,0,0,0,0,0,0,0,More than one year
Women's Action Group,wag-1983,0,0,0,0,0,0,0,0,0,0,0,0,More than one year
Women's Environment & Development Organization,wedo,0,0,0,0,0,0,0,0,0,0,0,0,More than one year
Women's Global Network on Reproductive Rights,wgnrr_iati,0,0,0,0,0,0,0,0,0,0,0,0,More than one year
Women's International Peace Centre,wipc,0,0,0,0,0,0,0,0,0,0,0,0,More than one year
Women's Refugee Commission,w_r_c,0,0,0,0,0,0,0,0,0,0,0,0,More than one year
World Agroforestry Centre,icraf_,0,0,0,0,0,0,0,0,0,0,0,0,More than one year
World Association for Christian Communication (UK),wacc-uk,0,0,0,0,0,0,0,0,0,0,0,0,More than one year
World Benchmarking Alliance Foundation,wba,0,0,0,0,0,0,0,0,0,0,0,0,More than one year
World Economic Forum,worldeconomicforum,0,0,0,0,0,0,0,0,0,0,0,0,More than one year
World Economic Forum Geneva,weforum_geneva,0,0,0,0,0,0,0,0,0,0,0,0,More than one year
World Education Inc.,wei,0,0,0,0,0,0,0,0,0,0,0,0,More than one year
World Federalist Movement - Institute for Global Policy,wfm-igp,0,0,0,0,0,0,0,0,0,0,0,0,More than one year
World Horse Welfare,whw2019,0,0,0,0,0,0,0,0,0,0,0,0,More than one year
World Relief Corp of National Association of Evangelicals,worldrelief,0,0,0,0,0,0,0,0,0,0,0,0,More than one year
World University Service of Canada,wusc,0,0,0,0,0,0,0,0,0,0,0,0,More than one year
World Vegetable Center,worldveg,0,0,0,0,0,0,0,0,0,0,0,0,More than one year
World Vision Central African Republic,wv_cf,0,0,0,0,0,0,0,0,0,0,0,0,More than one year
World Vision Germany,wv_de,0,0,0,0,0,0,0,0,0,0,0,0,More than one year
World Vision International,wvi,0,0,0,0,0,0,0,0,0,0,0,0,More than one year
World Vision UK,wvuk,0,0,0,0,0,0,0,0,0,0,0,0,More than one year
World Vision Zimbabwe,wvz-gec,0,0,0,0,0,0,0,0,0,0,0,0,More than one year
World Wide Fund for Nature - Kenya,wwf-kenya,0,0,0,0,0,0,0,0,0,0,0,0,More than one year
World Wide Fund for Nature Zambia,wwfzambia,0,0,0,0,0,0,0,0,0,0,0,0,More than one year
"World Wildlife Fund Inc, Bolivia Program Office",wwf_bolivia,0,0,0,0,0,0,0,0,0,0,0,0,More than one year
World Young Women's Christian Association,world_ywca,0,0,0,0,0,0,0,0,0,0,0,0,More than one year
Worldwide Hospice Palliative Care Alliance,whpca,0,0,0,0,0,0,0,0,0,0,0,0,More than one year
Y Care International,ycare,0,0,0,0,0,0,0,0,0,0,0,0,More than one year
YMCA of Liberia,libymca,0,0,0,0,0,0,0,0,0,0,0,0,More than one year
YWCA Palestine,ywca,0,0,0,0,0,0,0,0,0,0,0,0,More than one year
YWCA of Bangladesh,ywcabd,0,0,0,0,0,0,0,0,0,0,0,0,More than one year
YY Ventures,yy_ventures,0,0,0,0,0,0,0,0,0,0,0,0,More than one year
Yayasan PEKKA,pekka_21,0,0,0,0,0,0,0,0,0,0,0,0,More than one year
Young Innovations Pvt. Ltd,yipl,0,0,0,0,0,0,0,0,0,0,0,0,More than one year
Young Women Christian Association of South Sudan (YWCA SS),ywcass,0,0,0,0,0,0,0,0,0,0,0,0,More than one year
Young Women's Christian Association of Kenya,ywcakenya,0,0,0,0,0,0,0,0,0,0,0,0,More than one year
Youth Business International,ybi,0,0,0,0,0,0,0,0,0,0,0,0,More than one year
Youth Development Labs Inc,ylabs,0,0,0,0,0,0,0,0,0,0,0,0,More than one year
Youth Net and Counselling - YONECO,yoneco1997,0,0,0,0,0,0,0,0,0,0,0,0,More than one year
Zambia Orphans Aid UK,zoa_uk,0,0,0,0,0,0,0,0,0,0,0,0,More than one year
Zimbabwe Educational Trust,zet,0,0,0,0,0,0,0,0,0,0,0,0,More than one year
Zing,zing,0,0,0,0,0,0,0,0,0,0,0,0,More than one year
act4africa,act4africa,0,0,0,0,0,0,0,0,0,0,0,0,More than one year
dance4life,dance4life,0,0,0,0,0,0,0,0,0,0,0,0,More than one year
equileap,equileap,0,0,0,0,0,0,0,0,0,0,0,0,More than one year
fedesarrollo,fedesarrollo,0,0,0,0,0,0,0,0,0,0,0,0,More than one year
iPartner India,ip-india,0,0,0,0,0,0,0,0,0,0,0,0,More than one year
inHive,inhive,0,0,0,0,0,0,0,0,0,0,0,0,More than one year
interburns,interburns,0,0,0,0,0,0,0,0,0,0,0,0,More than one year
kidasha,kidasha,0,0,0,0,0,0,0,0,0,0,0,0,More than one year
living peace institute,lpi,0,0,0,0,0,0,0,0,0,0,0,0,More than one year
mothers2mothers,m2m_sa,0,0,0,0,0,0,0,0,0,0,0,0,More than one year
openmindedly,openmindedly,0,0,0,0,0,0,0,0,0,0,0,0,More than one year
piermarc,piermarc,0,0,0,0,0,0,0,0,0,0,0,0,More than one year
the center for victimized women and children,cavwoc,0,0,0,0,0,0,0,0,0,0,0,0,More than one year
the global steering group for impact investment,gsg,0,0,0,0,0,0,0,0,0,0,0,0,More than one year
transforma,transforma,0,0,0,0,0,0,0,0,0,0,0,0,More than one year
